Crash_UP_ID,FID,FID_Austin,STATEFP,COUNTYFP,TRACTCE,BLKGRPCE,GEOID1,GEOID,NAMELSAD,MTFCC,FUNCSTAT,ALAND,AWATER,INTPTLAT,INTPTLON,CrashID,CrashID1,Latitude,Longitude,Unit_Nbr,Prsn_Nbr,Prsn_Type_ID,Prsn_Occpnt_Pos_ID,Prsn_Injry_Sev_ID,Prsn_Age,Prsn_Ethnicity_ID,Prsn_Gndr_ID,Prsn_Ejct_ID,Prsn_Rest_ID,Prsn_Airbag_ID,Prsn_Helmet_ID,Prsn_Sol_Fl,Prsn_Alc_Spec_Type_ID,Prsn_Alc_Rslt_ID,Prsn_Bac_Test_Rslt,Prsn_Drg_Spec_Type_ID,Prsn_Drg_Rslt_ID,Drvr_Drg_Cat_1_ID,Prsn_Death_Date,Prsn_Death_Time,Incap_Injry_Cnt.x,Nonincap_Injry_Cnt.x,Poss_Injry_Cnt.x,Non_Injry_Cnt.x,Unkn_Injry_Cnt.x,Tot_Injry_Cnt.x,Death_Cnt.x,Crash_Fatal_Fl,Cmv_Involv_Fl,Schl_Bus_Fl,Rr_Relat_Fl,Medical_Advisory_Fl,Amend_Supp_Fl,Active_School_Zone_Fl,Crash_Date,Crash_Time,Rpt_CRIS_Cnty_ID,Rpt_City_ID,Rpt_Outside_City_Limit_Fl,Thousand_Damage_Fl,Rpt_Latitude,Rpt_Longitude,Rpt_Rdwy_Sys_ID,Rpt_Hwy_Num,Rpt_Hwy_Sfx,Rpt_Road_Part_ID,Rpt_Block_Num,Rpt_Street_Pfx,Rpt_Street_Name,Rpt_Street_Sfx,Private_Dr_Fl,Toll_Road_Fl,Crash_Speed_Limit,Road_Constr_Zone_Fl,Road_Constr_Zone_Wrkr_Fl,Rpt_Street_Desc,At_Intrsct_Fl,Rpt_Sec_Rdwy_Sys_ID,Rpt_Sec_Hwy_Num,Rpt_Sec_Hwy_Sfx,Rpt_Sec_Road_Part_ID,Rpt_Sec_Block_Num,Rpt_Sec_Street_Pfx,Rpt_Sec_Street_Name,Rpt_Sec_Street_Sfx,Rpt_Ref_Mark_Offset_Amt,Rpt_Ref_Mark_Dist_Uom,Rpt_Ref_Mark_Dir,Rpt_Ref_Mark_Nbr,Rpt_Sec_Street_Desc,Rpt_CrossingNumber,Wthr_Cond_ID,Light_Cond_ID,Entr_Road_ID,Road_Type_ID,Road_Algn_ID,Surf_Cond_ID,Traffic_Cntl_ID,Investigat_Notify_Time,Investigat_Notify_Meth,Investigat_Arrv_Time,Report_Date,Investigat_Comp_Fl,Investigat_Agency_ID,Investigat_Area_ID,Investigat_District_ID,Investigat_Region_ID,Bridge_Detail_ID,Harm_Evnt_ID,Intrsct_Relat_ID,FHE_Collsn_ID,Obj_Struck_ID,Othr_Factr_ID,Road_Part_Adj_ID,Road_Cls_ID,Road_Relat_ID,Phys_Featr_1_ID,Phys_Featr_2_ID,Cnty_ID,City_ID,Latitude.1,Longitude.1,Hwy_Sys,Hwy_Nbr,Hwy_Sfx,Dfo,Street_Name,Street_Nbr,Control,Section,Milepoint,Ref_Mark_Nbr,Ref_Mark_Displ,Hwy_Sys_2,Hwy_Nbr_2,Hwy_Sfx_2,Street_Name_2,Street_Nbr_2,Control_2,Section_2,Milepoint_2,Txdot_Rptable_Fl,Onsys_Fl,Rural_Fl,Crash_Sev_ID,Pop_Group_ID,Located_Fl,Day_of_Week,Hwy_Dsgn_Lane_ID,Hwy_Dsgn_Hrt_ID,Hp_Shldr_Left,Hp_Shldr_Right,Hp_Median_Width,Base_Type_ID,Nbr_Of_Lane,Row_Width_Usual,Roadbed_Width,Surf_Width,Surf_Type_ID,Curb_Type_Left_ID,Curb_Type_Right_ID,Shldr_Type_Left_ID,Shldr_Width_Left,Shldr_Use_Left_ID,Shldr_Type_Right_ID,Shldr_Width_Right,Shldr_Use_Right_ID,Median_Type_ID,Median_Width,Rural_Urban_Type_ID,Func_Sys_ID,Adt_Curnt_Amt,Adt_Curnt_Year,Adt_Adj_Curnt_Amt,Pct_Single_Trk_Adt,Pct_Combo_Trk_Adt,Trk_Aadt_Pct,Curve_Type_ID,Curve_Lngth,Cd_Degr,Delta_Left_Right_ID,Dd_Degr,Feature_Crossed,Structure_Number,I_R_Min_Vert_Clear,Approach_Width,Bridge_Median_ID,Bridge_Loading_Type_ID,Bridge_Loading_In_1000_Lbs,Bridge_Srvc_Type_On_ID,Bridge_Srvc_Type_Under_ID,Culvert_Type_ID,Roadway_Width,Deck_Width,Bridge_Dir_Of_Traffic_ID,Bridge_Rte_Struct_Func_ID,Bridge_IR_Struct_Func_ID,CrossingNumber,RRCo,Poscrossing_ID,WDCode_ID,Standstop,Yield,Incap_Injry_Cnt.y,Nonincap_Injry_Cnt.y,Poss_Injry_Cnt.y,Non_Injry_Cnt.y,Unkn_Injry_Cnt.y,Tot_Injry_Cnt.y,Death_Cnt.y,MPO_ID,Unit_ID,Unit_Prsn_ID
AUS_1198557121,633,341,48,453,901,2,4.85E+11,1500US484530009012,Block Group 2,G5030,S,558875,0,30.2664785,-97.7273354,11985571,AUS_11985571,30.2687,-97.72793,2,1,3,16,2,37,1,1,4,11,1,5,N,4,NA,NA,4,97,97,,,0,1,0,0,0,1,0,N,N,N,N,N,N,N,3/17/2011,6:40 PM,227,22,N,Y,NA,NA,19,NA,,1,1200,E,11TH,ST,N,N,30,N,N,TWO LANE ROAD,Y,19,NA,,1,1100,,LYDIA,ST,NA,NA,,,TWO LANE ROAD,NA,11,1,4,NA,1,1,1,6:40 PM,CALL FOR SERVICE,6:43 PM,3/17/2011,Y,74,NA,NA,NA,8,5,1,3,64,54,1,5,1,21,21,227,22,30.2687,-97.72793,,NA,NA,NA,E 11TH ST,1196,NA,NA,NA,NA,NA,,NA,NA,LYDIA ST,NA,NA,NA,NA,Y,N,N,2,9,Y,THU,NA,NA,NA,NA,NA,NA,NA,NA,NA,NA,NA,NA,NA,NA,NA,NA,NA,NA,NA,NA,NA,NA,NA,NA,NA,NA,NA,NA,NA,NA,NA,NA,NA,NA,NA,NA,NA,NA,NA,NA,NA,NA,NA,NA,NA,NA,NA,NA,NA,NA,NA,NA,NA,NA,NA,0,1,0,2,0,1,0,90,119855712,1198557121
AUS_1201306211,565,433,48,453,1100,1,4.85E+11,1500US484530011001,Block Group 1,G5030,S,2044061,66635,30.2687002,-97.7433003,12013062,AUS_12013062,30.26551,-97.74109,1,1,3,16,3,21,1,1,4,11,1,4,N,4,NA,NA,4,97,97,,,0,0,1,0,0,1,0,N,N,N,N,N,N,N,4/18/2011,2:57 PM,227,22,N,N,NA,NA,19,NA,,1,300,E,4TH,ST,N,N,30,N,N,2 LANE MK'D/PAVED,Y,19,NA,,1,300,,SAN JACINTO,ST,NA,NA,,,,NA,11,1,0,NA,1,1,8,2:57 PM,CAD,2:59 PM,4/18/2011,Y,74,NA,NA,NA,8,5,1,3,64,54,1,5,1,21,21,227,22,30.26551,-97.74109,,NA,NA,NA,E 4TH ST,298,NA,NA,NA,NA,NA,,NA,NA,SAN JACINTO BLVD,NA,NA,NA,NA,Y,N,N,3,9,Y,MON,NA,NA,NA,NA,NA,NA,NA,NA,NA,NA,NA,NA,NA,NA,NA,NA,NA,NA,NA,NA,NA,NA,NA,NA,NA,NA,NA,NA,NA,NA,NA,NA,NA,NA,NA,NA,NA,NA,NA,NA,NA,NA,NA,NA,NA,NA,NA,NA,NA,NA,NA,NA,NA,NA,NA,0,0,1,1,0,1,0,90,120130621,1201306211
AUS_1201308621,137,152,48,453,2003,2,4.85E+11,1500US484530020032,Block Group 2,G5030,S,862608,0,30.2189672,-97.770144,12013086,AUS_12013086,30.22036,-97.76553,2,1,3,16,3,27,2,2,4,11,2,4,N,4,NA,NA,4,97,97,,,0,0,1,0,0,1,0,N,N,N,N,N,N,N,4/4/2011,8:27 AM,227,22,N,N,NA,NA,19,NA,,1,4222,S,CONGRESS,AVE,N,N,40,N,N,,Y,19,NA,,1,102,,INDUSTRIAL,BLVD,NA,NA,,,,NA,12,3,2,NA,1,2,5,8:27 AM,DISPATCHED,9:30 AM,4/4/2011,N,74,21,93,112,8,5,1,5,64,54,1,5,1,21,21,227,22,30.22036,-97.76553,,NA,NA,NA,S CONGRESS AVE,4227,NA,NA,NA,NA,NA,,NA,NA,INDUSTRIAL BLVD,NA,NA,NA,NA,Y,N,N,3,9,Y,MON,NA,NA,NA,NA,NA,NA,NA,NA,NA,NA,NA,NA,NA,NA,NA,NA,NA,NA,NA,NA,NA,NA,NA,NA,NA,NA,NA,NA,NA,NA,NA,NA,NA,NA,NA,NA,NA,NA,NA,NA,NA,NA,NA,NA,NA,NA,NA,NA,NA,NA,NA,NA,NA,NA,NA,0,0,1,0,1,1,0,90,120130862,1201308621
AUS_1201312021,732,382,48,453,803,2,4.85E+11,1500US484530008032,Block Group 2,G5030,S,282935,0,30.2769231,-97.7185572,12013120,AUS_12013120,30.27476,-97.72012,2,1,3,16,5,23,1,1,4,11,1,4,N,4,NA,NA,4,97,97,,,0,0,0,1,0,0,0,N,N,N,N,N,N,N,4/6/2011,9:48 PM,227,22,N,N,NA,NA,19,NA,,1,1300,,CHICON,ST,N,N,30,N,N,ASPHALT,Y,19,NA,,1,1900,E,13TH,ST,NA,NA,,,,NA,11,4,4,NA,1,1,1,9:50 PM,FLAGGED DOWN,9:50 PM,4/6/2011,Y,74,64,34,48,8,5,1,3,64,54,1,5,1,21,21,227,22,30.27476,-97.72012,,NA,NA,NA,CHICON ST,1301,NA,NA,NA,NA,NA,,NA,NA,E 13TH ST,NA,NA,NA,NA,Y,N,N,2,9,Y,WED,NA,NA,NA,NA,NA,NA,NA,NA,NA,NA,NA,NA,NA,NA,NA,NA,NA,NA,NA,NA,NA,NA,NA,NA,NA,NA,NA,NA,NA,NA,NA,NA,NA,NA,NA,NA,NA,NA,NA,NA,NA,NA,NA,NA,NA,NA,NA,NA,NA,NA,NA,NA,NA,NA,NA,0,1,0,1,0,1,0,90,120131202,1201312021
AUS_1201312611,272,377,48,453,1402,2,4.85E+11,1500US484530014022,Block Group 2,G5030,S,411931,0,30.2431716,-97.7435366,12013126,AUS_12013126,30.24024,-97.74387,1,1,3,16,2,23,1,2,4,11,1,2,N,4,NA,NA,4,97,97,,,0,1,0,0,0,1,0,N,N,N,N,N,N,N,4/6/2011,9:18 AM,227,22,N,Y,NA,NA,19,NA,,1,2000,,TRAVIS HEIGHTS,BLVD,N,N,35,N,N,,Y,19,NA,,1,1000,,MARIPOSA,DR,NA,NA,,,,NA,12,1,98,NA,2,1,20,9:19 AM,DISPATCH,9:24 AM,4/6/2011,Y,74,NA,NA,NA,8,5,1,1,64,54,1,5,1,21,21,227,22,30.24024,-97.74387,,NA,NA,NA,TRAVIS HEIGHTS BLVD,2001,NA,NA,NA,NA,NA,,NA,NA,MARIPOSA DR,NA,NA,NA,NA,Y,N,N,2,9,Y,WED,NA,NA,NA,NA,NA,NA,NA,NA,NA,NA,NA,NA,NA,NA,NA,NA,NA,NA,NA,NA,NA,NA,NA,NA,NA,NA,NA,NA,NA,NA,NA,NA,NA,NA,NA,NA,NA,NA,NA,NA,NA,NA,NA,NA,NA,NA,NA,NA,NA,NA,NA,NA,NA,NA,NA,0,1,0,1,0,1,0,90,120131261,1201312611
AUS_1201314821,668,341,48,453,901,2,4.85E+11,1500US484530009012,Block Group 2,G5030,S,558875,0,30.2664785,-97.7273354,12013148,AUS_12013148,30.27,-97.73148,2,1,3,16,5,22,1,1,4,11,1,4,N,4,NA,NA,4,97,97,,,0,0,0,1,0,0,0,N,N,N,N,N,N,N,3/17/2011,1:30 AM,227,22,N,N,NA,NA,19,NA,,1,1100,,BRANCH,ST,N,N,30,N,N,1100 BLK BRANCH ST,Y,19,NA,,1,1000,E,11TH,ST,NA,NA,,,,NA,11,4,2,NA,3,1,1,1:30 AM,DISPATCHED,1:35 AM,4/16/2011,Y,74,12,34,48,8,5,1,3,64,54,1,5,1,21,21,227,22,30.27,-97.73148,,NA,NA,NA,BRANCH ST,1101,NA,NA,NA,NA,NA,,NA,NA,E 11TH ST,NA,NA,NA,NA,N,N,N,5,9,Y,THU,NA,NA,NA,NA,NA,NA,NA,NA,NA,NA,NA,NA,NA,NA,NA,NA,NA,NA,NA,NA,NA,NA,NA,NA,NA,NA,NA,NA,NA,NA,NA,NA,NA,NA,NA,NA,NA,NA,NA,NA,NA,NA,NA,NA,NA,NA,NA,NA,NA,NA,NA,NA,NA,NA,NA,0,0,0,2,0,0,0,90,120131482,1201314821
AUS_1201319611,1251,535,48,453,1818,1,4.85E+11,1500US484530018181,Block Group 1,G5030,S,980242,0,30.3664228,-97.7234355,12013196,AUS_12013196,30.36550749,-97.71814539,1,1,3,16,1,76,4,1,4,11,1,4,N,4,NA,NA,4,97,97,,,1,0,0,0,0,1,0,N,N,N,N,N,N,N,3/30/2011,2:46 PM,227,22,N,N,NA,NA,2,183,,2,8700,,RESEARCH SB SVRD,BLVD,N,N,50,N,N,,N,19,NA,,1,,,PAYTON GIN,RD,NA,NA,,,,NA,11,1,2,2,1,1,1,2:47 PM,DISPATCHED,2:51 PM,3/30/2011,Y,74,NA,46,64,8,5,4,1,64,54,2,2,1,21,21,227,22,30.36550749,-97.71814539,US,183,NA,316.381,US0183,8745,151,6,6.142,512,0.122,,NA,NA,N/A,NA,NA,NA,NA,Y,Y,N,1,9,Y,WED,5,0,10,10,28,2,6,260,112,72,4,0,0,2,20,5,2,20,5,2,8,4,12,122740,2012,122740,1.9,0.5,2.4,1,117,0,2,3,NA,NA,NA,NA,NA,NA,NA,NA,NA,NA,NA,NA,NA,NA,NA,NA,NA,NA,NA,NA,NA,1,0,0,2,0,1,0,90,120131961,1201319611
AUS_1201320821,1228,52,48,453,1817,2,4.85E+11,1500US484530018172,Block Group 2,G5030,S,1005726,0,30.3613966,-97.7367684,12013208,AUS_12013208,30.361,-97.74084,2,1,3,16,3,52,1,1,4,11,1,3,N,4,NA,NA,4,97,97,,,0,0,1,0,0,1,0,N,N,N,N,N,N,N,4/14/2011,4:07 PM,227,22,N,Y,NA,NA,19,NA,,1,3000,W,ANDERSON,LN,N,N,0,N,N,,Y,19,NA,,1,7800,,SHOAL CREEK,BLVD,NA,NA,,,,NA,11,1,0,NA,1,1,5,4:07 PM,DISPATCHED,4:15 PM,4/14/2011,Y,74,NA,NA,66,8,5,1,3,64,54,1,5,1,21,21,227,22,30.361,-97.74084,,NA,NA,NA,W ANDERSON LN,NA,NA,NA,NA,NA,NA,,NA,NA,SHOAL CREEK BLVD,NA,NA,NA,NA,Y,N,N,3,9,Y,THU,NA,NA,NA,NA,NA,NA,NA,NA,NA,NA,NA,NA,NA,NA,NA,NA,NA,NA,NA,NA,NA,NA,NA,NA,NA,NA,NA,NA,NA,NA,NA,NA,NA,NA,NA,NA,NA,NA,NA,NA,NA,NA,NA,NA,NA,NA,NA,NA,NA,NA,NA,NA,NA,NA,NA,0,0,1,1,0,1,0,90,120132082,1201320821
AUS_1201327411,1319,147,48,453,1849,1,4.85E+11,1500US484530018491,Block Group 1,G5030,S,5102991,0,30.3912707,-97.7232055,12013274,AUS_12013274,30.39840016,-97.71934314,1,1,3,16,1,35,1,1,4,11,1,3,N,4,NA,NA,4,97,97,,,1,0,0,0,0,1,0,N,N,N,N,N,N,N,3/23/2011,7:11 AM,227,22,N,Y,NA,NA,4,1325,,1,11300,,BURNET,RD,N,N,45,N,N,,Y,17,NA,,7,,,PRIVATE,DR,NA,NA,,,ESPERANZA XING,NA,11,3,4,3,1,1,5,7:11 AM,DISPATCHED,7:11 AM,3/23/2011,Y,74,155,201,237,8,5,1,1,64,54,1,3,1,21,21,227,22,30.39840016,-97.71934314,FM,1325,NA,6.364,FM1325,11341,1376,2,4.681,432,0.47,SL,1,NA,SL0001,NA,NA,NA,NA,Y,Y,N,1,9,Y,WED,2,0,0,0,0,2,4,120,62,62,4,1,1,1,0,0,1,0,0,0,0,4,16,35000,2012,35000,0.8,0.3,1.1,NA,NA,NA,NA,NA,NA,NA,NA,NA,NA,NA,NA,NA,NA,NA,NA,NA,NA,NA,NA,NA,NA,NA,NA,NA,NA,1,0,0,1,0,1,0,90,120132741,1201327411
AUS_1201334521,563,433,48,453,1100,1,4.85E+11,1500US484530011001,Block Group 1,G5030,S,2044061,66635,30.2687002,-97.7433003,12013345,AUS_12013345,30.26539766,-97.7476471,2,1,3,16,2,20,1,1,4,11,1,4,N,4,NA,NA,4,97,97,,,0,1,0,0,0,1,0,N,N,N,N,N,N,N,4/7/2011,2:51 PM,227,22,N,N,NA,NA,19,NA,,1,200,,GUADALUPE,ST,N,N,30,N,N,,N,19,NA,,1,,W,2ND,ST,NA,NA,,,,NA,11,1,0,NA,1,1,5,2:54 PM,DISPATCHED,2:56 PM,4/7/2011,Y,74,1,115,144,8,5,4,1,64,54,1,5,1,21,21,227,22,30.26539766,-97.7476471,,NA,NA,NA,GUADALUPE ST,213,NA,NA,NA,NA,NA,,NA,NA,N/A,NA,NA,NA,NA,Y,N,N,2,9,Y,THU,NA,NA,NA,NA,NA,NA,NA,NA,NA,NA,NA,NA,NA,NA,NA,NA,NA,NA,NA,NA,NA,NA,NA,NA,NA,NA,NA,NA,NA,NA,NA,NA,NA,NA,NA,NA,NA,NA,NA,NA,NA,NA,NA,NA,NA,NA,NA,NA,NA,NA,NA,NA,NA,NA,NA,0,1,0,2,0,1,0,90,120133452,1201334521
AUS_1201336011,1203,14,48,453,1501,3,4.85E+11,1500US484530015013,Block Group 3,G5030,S,494849,0,30.3550587,-97.7425876,12013360,AUS_12013360,30.35420547,-97.74634106,1,1,3,16,2,28,1,1,4,11,1,3,N,4,NA,NA,4,97,97,,,0,1,0,0,0,1,0,N,N,N,N,N,N,N,4/7/2011,5:16 PM,227,22,N,Y,NA,NA,19,NA,,1,6900,,GREAT NORTHERN,BLVD,N,N,30,N,N,,N,19,NA,,1,3300,,PINECREST,DR,NA,NA,,,,NA,11,1,0,NA,1,1,1,5:16 PM,DISPATCHED,5:26 PM,4/7/2011,Y,74,NA,NA,NA,8,5,4,1,64,54,1,5,1,21,21,227,22,30.35420547,-97.74634106,,NA,NA,NA,GREAT NORTHERN BLVD,7269,NA,NA,NA,NA,NA,,NA,NA,N/A,NA,NA,NA,NA,Y,N,N,2,9,Y,THU,NA,NA,NA,NA,NA,NA,NA,NA,NA,NA,NA,NA,NA,NA,NA,NA,NA,NA,NA,NA,NA,NA,NA,NA,NA,NA,NA,NA,NA,NA,NA,NA,NA,NA,NA,NA,NA,NA,NA,NA,NA,NA,NA,NA,NA,NA,NA,NA,NA,NA,NA,NA,NA,NA,NA,0,1,0,1,0,1,0,90,120133601,1201336011
AUS_1201346521,323,358,48,453,1304,4,4.85E+11,1500US484530013044,Block Group 4,G5030,S,473234,0,30.2495825,-97.7704511,12013465,AUS_12013465,30.24693941,-97.77716524,2,1,3,16,3,49,1,2,4,11,1,4,N,4,NA,NA,4,97,97,,,0,0,1,0,0,1,0,N,N,N,N,N,N,N,4/8/2011,8:44 PM,227,22,N,N,NA,NA,19,NA,,2,NA,S,LAMAR,BLVD,N,N,35,N,N,,Y,19,NA,,1,,,BLUEBONNET,LN,NA,NA,,,,NA,11,4,2,3,1,1,5,8:44 PM,DISPATCHED,8:50 PM,4/8/2011,Y,74,NA,105,112,8,5,1,3,64,54,1,2,1,21,21,227,22,30.24693941,-97.77716524,SL,343,NA,1.805,SL0343,2421,113,9,6.74,566,-0.685,,NA,NA,BLUEBONNET LN,NA,NA,NA,NA,Y,Y,N,3,9,Y,FRI,2,0,0,0,0,2,4,80,60,48,4,1,1,1,0,0,1,0,0,0,0,4,14,39340,2012,39340,0.8,0.3,1.1,1,199,3,2,31,NA,NA,NA,NA,NA,NA,NA,NA,NA,NA,NA,NA,NA,NA,NA,NA,NA,NA,NA,NA,NA,0,0,1,1,0,1,0,90,120134652,1201346521
AUS_1201353521,141,185,48,453,1712,1,4.85E+11,1500US484530017121,Block Group 1,G5030,S,1230676,0,30.2277107,-97.7961015,12013535,AUS_12013535,30.2208,-97.79407,2,1,3,16,2,27,1,2,4,11,1,2,N,4,NA,NA,4,97,97,,,0,1,0,0,0,1,0,N,N,N,N,N,N,N,4/7/2011,8:36 AM,227,22,N,Y,NA,NA,19,NA,,1,NA,,MANCHACA,RD,N,N,0,N,N,,Y,19,NA,,1,,,JONES,RD,NA,NA,,,,NA,11,1,4,NA,2,1,5,8:36 AM,DISPATCHED,8:39 AM,4/7/2011,Y,74,NA,NA,NA,8,5,1,1,64,54,1,5,1,21,21,227,22,30.2208,-97.79407,,NA,NA,NA,MANCHACA RD,5099,NA,NA,NA,NA,NA,,NA,NA,JONES RD,NA,NA,NA,NA,Y,N,N,2,9,Y,THU,NA,NA,NA,NA,NA,NA,NA,NA,NA,NA,NA,NA,NA,NA,NA,NA,NA,NA,NA,NA,NA,NA,NA,NA,NA,NA,NA,NA,NA,NA,NA,NA,NA,NA,NA,NA,NA,NA,NA,NA,NA,NA,NA,NA,NA,NA,NA,NA,NA,NA,NA,NA,NA,NA,NA,0,1,0,0,1,1,0,90,120135352,1201353521
AUS_1201363911,1321,155,48,453,1849,4,4.85E+11,1500US484530018494,Block Group 4,G5030,S,1098173,0,30.3964822,-97.7102904,12013639,AUS_12013639,30.39880087,-97.70419869,1,1,3,16,3,26,1,2,4,11,1,4,N,4,NA,NA,4,97,97,,,0,0,1,0,0,1,0,N,N,N,N,N,N,N,3/26/2011,9:10 PM,227,22,N,Y,30.39878999,-97.70405,19,NA,,1,11900,,METRIC,BLVD,N,N,0,N,N,,N,19,NA,,1,1900,,GRACY FARMS,LN,NA,NA,,,,NA,11,5,0,NA,1,1,1,9:10 PM,FLAGGED DOWN,9:10 PM,3/26/2011,Y,74,22,114,143,8,5,4,1,64,54,1,5,1,21,21,227,22,30.39880087,-97.70419869,,NA,NA,NA,METRIC BLVD,NA,NA,NA,NA,NA,NA,,NA,NA,N/A,NA,NA,NA,NA,Y,N,N,3,9,Y,SAT,NA,NA,NA,NA,NA,NA,NA,NA,NA,NA,NA,NA,NA,NA,NA,NA,NA,NA,NA,NA,NA,NA,NA,NA,NA,NA,NA,NA,NA,NA,NA,NA,NA,NA,NA,NA,NA,NA,NA,NA,NA,NA,NA,NA,NA,NA,NA,NA,NA,NA,NA,NA,NA,NA,NA,0,0,1,1,0,1,0,90,120136391,1201363911
AUS_1201376321,87,516,48,453,1729,2,4.85E+11,1500US484530017292,Block Group 2,G5030,S,428239,0,30.2069313,-97.8333458,12013763,AUS_12013763,30.20463,-97.83012,2,1,3,16,2,52,1,2,4,11,1,3,N,4,NA,NA,4,97,97,,,0,1,0,0,0,1,0,N,N,N,N,N,N,N,4/3/2011,11:04 AM,227,22,N,Y,NA,NA,19,NA,,1,7600,,CLYDESDALE,DR,N,N,25,N,N,,N,19,NA,,1,,,HARPERS FERRY,LN,NA,NA,,,,NA,11,1,2,NA,1,1,1,11:05 AM,DISPATCHED,11:10 AM,4/3/2011,Y,74,NA,NA,321,8,5,2,2,64,54,1,5,1,21,21,227,22,30.20463,-97.83012,,NA,NA,NA,CLYDESDALE DR,7600,NA,NA,NA,NA,NA,,NA,NA,UNKNOWN,NA,NA,NA,NA,Y,N,N,2,9,Y,SUN,NA,NA,NA,NA,NA,NA,NA,NA,NA,NA,NA,NA,NA,NA,NA,NA,NA,NA,NA,NA,NA,NA,NA,NA,NA,NA,NA,NA,NA,NA,NA,NA,NA,NA,NA,NA,NA,NA,NA,NA,NA,NA,NA,NA,NA,NA,NA,NA,NA,NA,NA,NA,NA,NA,NA,0,1,0,2,0,1,0,90,120137632,1201376321
AUS_1201444621,1267,102,48,453,1834,2,4.85E+11,1500US484530018342,Block Group 2,G5030,S,10992693,0,30.3565875,-97.656922,12014446,AUS_12014446,30.37041198,-97.65650439,2,1,3,16,3,21,2,2,4,11,1,2,N,4,NA,NA,4,97,97,,,0,0,1,0,0,1,0,N,N,N,N,N,N,N,4/5/2011,6:54 AM,227,1792,Y,Y,NA,NA,19,NA,,1,11000,N,SPRINKLE CUTOFF,RD,N,N,30,N,N,,N,19,NA,,NA,,,TRAIL WEARY,DR,NA,NA,,,,NA,12,2,0,NA,5,1,1,6:54 AM,DISPATCHED,7:09 AM,4/5/2011,Y,2292,NA,8,174,8,5,4,1,64,54,1,4,1,21,21,227,22,30.37041198,-97.65650439,,NA,NA,NA,SPRINKLE CUT OFF RD,11529,NA,NA,NA,NA,NA,,NA,NA,N/A,NA,NA,NA,NA,Y,N,N,3,9,Y,TUE,NA,NA,NA,NA,NA,NA,NA,NA,NA,NA,NA,NA,NA,NA,NA,NA,NA,NA,NA,NA,NA,NA,NA,NA,NA,NA,NA,NA,NA,NA,NA,NA,NA,NA,NA,NA,NA,NA,NA,NA,NA,NA,NA,NA,NA,NA,NA,NA,NA,NA,NA,NA,NA,NA,NA,0,0,1,1,0,1,0,90,120144462,1201444621
AUS_1204136721,266,459,48,453,1901,2,4.85E+11,1500US484530019012,Block Group 2,G5030,S,2185217,0,30.2397433,-97.7974555,12041367,AUS_12041367,30.2389991,-97.78881522,2,1,3,16,4,24,1,1,4,11,1,4,N,2,2,0.02,2,1,8,4/24/2011,17:05:00,0,0,0,0,0,0,1,Y,N,N,N,N,N,N,4/23/2011,11:44 PM,227,22,N,Y,NA,NA,19,NA,,1,3500,S,LAMAR,BLVD,N,N,40,N,N,,N,19,NA,,1,,,PANTHER,TRL,NA,NA,,,,NA,11,4,0,3,1,1,1,11:44 PM,DISPATCHED,11:46 PM,4/23/2011,N,74,NA,NA,72,8,5,4,1,64,54,1,2,1,21,21,227,22,30.2389991,-97.78881522,SL,343,NA,0.918,SL0343,3703,113,9,5.889,564,0.275,,NA,NA,N/A,NA,NA,NA,NA,Y,Y,N,4,9,Y,SAT,2,0,0,0,0,2,5,150,60,60,4,0,0,1,0,0,1,0,0,0,0,4,14,39340,2012,39340,0.8,0.3,1.1,NA,NA,NA,NA,NA,NA,NA,NA,NA,NA,NA,NA,NA,NA,NA,NA,NA,NA,NA,NA,NA,NA,NA,NA,NA,NA,0,0,0,0,1,0,1,90,120413672,1204136721
AUS_1204284121,286,369,48,453,1305,3,4.85E+11,1500US484530013053,Block Group 3,G5030,S,655707,0,30.2452677,-97.7539204,12042841,AUS_12042841,30.24242,-97.75374,2,1,3,16,3,21,1,2,4,11,1,5,N,4,NA,NA,4,97,97,,,0,0,1,0,0,1,0,N,N,N,N,N,N,N,4/25/2011,10:00 AM,227,22,N,N,NA,NA,19,NA,,1,100,W,LIVE OAK,ST,N,N,30,N,N,,Y,19,NA,,1,2100,,EVA,ST,NA,NA,,,,NA,11,1,4,NA,1,1,8,10:37 AM,DISPATCH,10:59 AM,4/25/2011,Y,74,21,93,112,8,5,1,1,64,54,1,5,1,21,21,227,22,30.24242,-97.75374,,NA,NA,NA,W LIVE OAK ST,198,NA,NA,NA,NA,NA,,NA,NA,EVA ST,NA,NA,NA,NA,Y,N,N,3,9,Y,MON,NA,NA,NA,NA,NA,NA,NA,NA,NA,NA,NA,NA,NA,NA,NA,NA,NA,NA,NA,NA,NA,NA,NA,NA,NA,NA,NA,NA,NA,NA,NA,NA,NA,NA,NA,NA,NA,NA,NA,NA,NA,NA,NA,NA,NA,NA,NA,NA,NA,NA,NA,NA,NA,NA,NA,0,0,1,0,1,1,0,90,120428412,1204284121