Crash_UP_ID,FID,FID_Austin,STATEFP,COUNTYFP,TRACTCE,BLKGRPCE,GEOID1,GEOID,NAMELSAD,MTFCC,FUNCSTAT,ALAND,AWATER,INTPTLAT,INTPTLON,CrashID,CrashID1,Latitude,Longitude,Unit_Nbr,Prsn_Nbr,Prsn_Type_ID,Prsn_Occpnt_Pos_ID,Prsn_Injry_Sev_ID,Prsn_Age,Prsn_Ethnicity_ID,Prsn_Gndr_ID,Prsn_Ejct_ID,Prsn_Rest_ID,Prsn_Airbag_ID,Prsn_Helmet_ID,Prsn_Sol_Fl,Prsn_Alc_Spec_Type_ID,Prsn_Alc_Rslt_ID,Prsn_Bac_Test_Rslt,Prsn_Drg_Spec_Type_ID,Prsn_Drg_Rslt_ID,Drvr_Drg_Cat_1_ID,Prsn_Death_Date,Prsn_Death_Time,Incap_Injry_Cnt.x,Nonincap_Injry_Cnt.x,Poss_Injry_Cnt.x,Non_Injry_Cnt.x,Unkn_Injry_Cnt.x,Tot_Injry_Cnt.x,Death_Cnt.x,Crash_Fatal_Fl,Cmv_Involv_Fl,Schl_Bus_Fl,Rr_Relat_Fl,Medical_Advisory_Fl,Amend_Supp_Fl,Active_School_Zone_Fl,Crash_Date,Crash_Time,Rpt_CRIS_Cnty_ID,Rpt_City_ID,Rpt_Outside_City_Limit_Fl,Thousand_Damage_Fl,Rpt_Latitude,Rpt_Longitude,Rpt_Rdwy_Sys_ID,Rpt_Hwy_Num,Rpt_Hwy_Sfx,Rpt_Road_Part_ID,Rpt_Block_Num,Rpt_Street_Pfx,Rpt_Street_Name,Rpt_Street_Sfx,Private_Dr_Fl,Toll_Road_Fl,Crash_Speed_Limit,Road_Constr_Zone_Fl,Road_Constr_Zone_Wrkr_Fl,Rpt_Street_Desc,At_Intrsct_Fl,Rpt_Sec_Rdwy_Sys_ID,Rpt_Sec_Hwy_Num,Rpt_Sec_Hwy_Sfx,Rpt_Sec_Road_Part_ID,Rpt_Sec_Block_Num,Rpt_Sec_Street_Pfx,Rpt_Sec_Street_Name,Rpt_Sec_Street_Sfx,Rpt_Ref_Mark_Offset_Amt,Rpt_Ref_Mark_Dist_Uom,Rpt_Ref_Mark_Dir,Rpt_Ref_Mark_Nbr,Rpt_Sec_Street_Desc,Rpt_CrossingNumber,Wthr_Cond_ID,Light_Cond_ID,Entr_Road_ID,Road_Type_ID,Road_Algn_ID,Surf_Cond_ID,Traffic_Cntl_ID,Investigat_Notify_Time,Investigat_Notify_Meth,Investigat_Arrv_Time,Report_Date,Investigat_Comp_Fl,Investigat_Agency_ID,Investigat_Area_ID,Investigat_District_ID,Investigat_Region_ID,Bridge_Detail_ID,Harm_Evnt_ID,Intrsct_Relat_ID,FHE_Collsn_ID,Obj_Struck_ID,Othr_Factr_ID,Road_Part_Adj_ID,Road_Cls_ID,Road_Relat_ID,Phys_Featr_1_ID,Phys_Featr_2_ID,Cnty_ID,City_ID,Latitude.1,Longitude.1,Hwy_Sys,Hwy_Nbr,Hwy_Sfx,Dfo,Street_Name,Street_Nbr,Control,Section,Milepoint,Ref_Mark_Nbr,Ref_Mark_Displ,Hwy_Sys_2,Hwy_Nbr_2,Hwy_Sfx_2,Street_Name_2,Street_Nbr_2,Control_2,Section_2,Milepoint_2,Txdot_Rptable_Fl,Onsys_Fl,Rural_Fl,Crash_Sev_ID,Pop_Group_ID,Located_Fl,Day_of_Week,Hwy_Dsgn_Lane_ID,Hwy_Dsgn_Hrt_ID,Hp_Shldr_Left,Hp_Shldr_Right,Hp_Median_Width,Base_Type_ID,Nbr_Of_Lane,Row_Width_Usual,Roadbed_Width,Surf_Width,Surf_Type_ID,Curb_Type_Left_ID,Curb_Type_Right_ID,Shldr_Type_Left_ID,Shldr_Width_Left,Shldr_Use_Left_ID,Shldr_Type_Right_ID,Shldr_Width_Right,Shldr_Use_Right_ID,Median_Type_ID,Median_Width,Rural_Urban_Type_ID,Func_Sys_ID,Adt_Curnt_Amt,Adt_Curnt_Year,Adt_Adj_Curnt_Amt,Pct_Single_Trk_Adt,Pct_Combo_Trk_Adt,Trk_Aadt_Pct,Curve_Type_ID,Curve_Lngth,Cd_Degr,Delta_Left_Right_ID,Dd_Degr,Feature_Crossed,Structure_Number,I_R_Min_Vert_Clear,Approach_Width,Bridge_Median_ID,Bridge_Loading_Type_ID,Bridge_Loading_In_1000_Lbs,Bridge_Srvc_Type_On_ID,Bridge_Srvc_Type_Under_ID,Culvert_Type_ID,Roadway_Width,Deck_Width,Bridge_Dir_Of_Traffic_ID,Bridge_Rte_Struct_Func_ID,Bridge_IR_Struct_Func_ID,CrossingNumber,RRCo,Poscrossing_ID,WDCode_ID,Standstop,Yield,Incap_Injry_Cnt.y,Nonincap_Injry_Cnt.y,Poss_Injry_Cnt.y,Non_Injry_Cnt.y,Unkn_Injry_Cnt.y,Tot_Injry_Cnt.y,Death_Cnt.y,MPO_ID,Unit_ID,Unit_Prsn_ID
AUS_1204290611,516,433,48,453,1100,1,4.85E+11,1500US484530011001,Block Group 1,G5030,S,2044061,66635,30.2687002,-97.7433003,12042906,AUS_12042906,30.26339788,-97.74450517,1,1,3,16,2,20,1,2,4,11,1,4,N,4,NA,NA,4,97,97,,,0,1,0,0,0,1,0,N,N,N,N,N,N,N,4/28/2011,12:14 AM,227,22,N,N,NA,NA,19,NA,,1,0,,CONGRESS,AVE,N,N,35,N,N,,Y,19,NA,,1,0,W,CESAR CHAVEZ,ST,NA,NA,,,,NA,11,4,0,3,1,1,5,12:14 AM,DISPATCHED,12:19 AM,4/28/2011,N,74,1,131,411,8,5,1,1,64,54,1,2,1,21,21,227,22,30.26339788,-97.74450517,SL,343,NA,4.54,SL0343,100,113,12,5.782,568,0.222,,NA,NA,CONGRESS AVE,NA,NA,NA,NA,Y,Y,N,2,9,Y,THU,1,0,10,10,0,9,4,80,68,48,6,0,0,2,10,5,2,10,5,0,0,4,14,26000,2012,26000,1,0.3,1.3,NA,NA,NA,NA,NA,NA,NA,NA,NA,NA,NA,NA,NA,NA,NA,NA,NA,NA,NA,NA,NA,NA,NA,NA,NA,NA,0,1,0,1,0,1,0,90,120429061,1204290611
AUS_1204298921,1386,200,48,453,1745,1,4.85E+11,1500US484530017451,Block Group 1,G5030,S,2502737,0,30.4268186,-97.7388789,12042989,AUS_12042989,30.43206,-97.73868,2,1,3,16,5,34,1,1,4,11,1,4,N,4,NA,NA,4,97,97,,,0,0,0,1,0,0,0,N,N,N,N,N,N,N,4/25/2011,3:14 PM,227,22,N,N,NA,NA,19,NA,,1,12500,,RIATA VISTA,CIR,N,N,0,N,N,RIATA VISTA CIRCLE,Y,19,NA,,NA,12600,,RIATA TRACE,PKWY,NA,NA,,,RIATA TRACE PARKWAY,NA,11,1,2,NA,1,1,8,3:15 PM,DISPATCH,3:22 PM,4/25/2011,Y,74,NA,46,64,8,5,1,1,64,54,1,5,1,21,21,227,22,30.43206,-97.73868,,NA,NA,NA,RIATA VISTA CIR,12601,NA,NA,NA,NA,NA,,NA,NA,RIATA TRACE PKY,NA,NA,NA,NA,N,N,N,5,9,Y,MON,NA,NA,NA,NA,NA,NA,NA,NA,NA,NA,NA,NA,NA,NA,NA,NA,NA,NA,NA,NA,NA,NA,NA,NA,NA,NA,NA,NA,NA,NA,NA,NA,NA,NA,NA,NA,NA,NA,NA,NA,NA,NA,NA,NA,NA,NA,NA,NA,NA,NA,NA,NA,NA,NA,NA,0,0,0,2,0,0,0,90,120429892,1204298921
AUS_1204309011,408,450,48,453,1305,1,4.85E+11,1500US484530013051,Block Group 1,G5030,S,1106325,65346,30.2582419,-97.7524205,12043090,AUS_12043090,30.25716,-97.74689,1,1,3,16,2,21,1,1,4,11,1,4,N,4,NA,NA,4,97,97,,,0,1,0,0,0,1,0,N,N,N,N,N,N,N,4/23/2011,12:09 PM,227,22,N,Y,NA,NA,19,NA,,1,100,W,RIVERSIDE,DR,N,N,35,N,N,,N,19,NA,,1,400,S,CONGRESS,AVE,NA,NA,,,,NA,11,1,4,NA,1,1,20,12:09 PM,ON SCENE,12:09 PM,4/23/2011,Y,74,NA,749,112,8,5,4,1,64,54,1,5,1,21,21,227,22,30.25716,-97.74689,,NA,NA,NA,W RIVERSIDE DR,100,NA,NA,NA,NA,NA,,NA,NA,N/A,NA,NA,NA,NA,Y,N,N,2,9,Y,SAT,NA,NA,NA,NA,NA,NA,NA,NA,NA,NA,NA,NA,NA,NA,NA,NA,NA,NA,NA,NA,NA,NA,NA,NA,NA,NA,NA,NA,NA,NA,NA,NA,NA,NA,NA,NA,NA,NA,NA,NA,NA,NA,NA,NA,NA,NA,NA,NA,NA,NA,NA,NA,NA,NA,NA,0,1,0,3,0,1,0,90,120430901,1204309011
AUS_1204320321,45,78,48,453,1770,1,4.85E+11,1500US484530017701,Block Group 1,G5030,S,7266689,0,30.1959673,-97.90379,12043203,AUS_12043203,30.18847,-97.89298,2,1,3,16,3,11,1,1,4,11,1,5,N,4,NA,NA,4,97,97,,,0,0,1,0,0,1,0,N,N,N,N,N,N,N,4/23/2011,5:55 PM,227,22,N,N,NA,NA,19,NA,,1,NA,,ESCARPMENT,BLVD,N,N,0,N,N,,Y,19,NA,,2,,,BACK BAY,LN,NA,NA,,,,NA,11,1,2,NA,1,1,8,5:55 PM,DISPATCHED,6:01 PM,4/23/2011,Y,74,1,105,112,8,5,2,1,64,54,1,5,1,21,21,227,22,30.18847,-97.89298,,NA,NA,NA,ESCARPMENT BLVD,NA,NA,NA,NA,NA,NA,,NA,NA,BACK BAY LN,NA,NA,NA,NA,Y,N,N,3,9,Y,SAT,NA,NA,NA,NA,NA,NA,NA,NA,NA,NA,NA,NA,NA,NA,NA,NA,NA,NA,NA,NA,NA,NA,NA,NA,NA,NA,NA,NA,NA,NA,NA,NA,NA,NA,NA,NA,NA,NA,NA,NA,NA,NA,NA,NA,NA,NA,NA,NA,NA,NA,NA,NA,NA,NA,NA,0,0,1,1,0,1,0,90,120432032,1204320321
AUS_1204323021,1022,177,48,453,1604,3,4.85E+11,1500US484530016043,Block Group 3,G5030,S,1032952,0,30.3027022,-97.7714647,12043230,AUS_12043230,30.30656722,-97.76962698,2,1,3,16,2,11,1,1,4,11,1,1,N,4,NA,NA,4,97,97,,,0,1,0,0,0,1,0,N,N,N,N,N,N,N,4/23/2011,11:59 AM,227,22,N,N,NA,NA,19,NA,,1,2600,,PECOS,ST,N,N,30,N,N,,N,19,NA,,1,3300,,RIVER,RD,NA,NA,,,,NA,11,1,2,NA,6,1,1,11:59 AM,DISPATCH,12:04 PM,4/23/2011,Y,74,NA,NA,107,8,5,4,1,64,54,1,5,1,21,21,227,22,30.30656722,-97.76962698,,NA,NA,NA,PECOS ST,2703,NA,NA,NA,NA,NA,,NA,NA,N/A,NA,NA,NA,NA,Y,N,N,2,9,Y,SAT,NA,NA,NA,NA,NA,NA,NA,NA,NA,NA,NA,NA,NA,NA,NA,NA,NA,NA,NA,NA,NA,NA,NA,NA,NA,NA,NA,NA,NA,NA,NA,NA,NA,NA,NA,NA,NA,NA,NA,NA,NA,NA,NA,NA,NA,NA,NA,NA,NA,NA,NA,NA,NA,NA,NA,0,1,0,2,0,1,0,90,120432302,1204323021
AUS_1204329521,235,167,48,453,2317,1,4.85E+11,1500US484530023171,Block Group 1,G5030,S,2422029,107296,30.2405801,-97.7026847,12043295,AUS_12043295,30.23535,-97.69684,2,1,3,16,2,40,2,1,4,11,1,4,N,4,NA,NA,4,97,97,,,0,1,0,0,0,1,0,N,N,N,N,N,N,N,4/21/2011,5:50 PM,227,22,N,N,NA,NA,19,NA,,1,900,,MONTOPOLIS,DR,N,N,0,N,N,,Y,19,NA,,1,6300,,FELIX,AVE,NA,NA,,,,NA,11,1,0,NA,1,1,5,5:50 PM,AT SCENE,5:50 PM,4/21/2011,Y,74,NA,NA,392,8,5,1,3,64,54,1,5,1,21,21,227,22,30.23535,-97.69684,,NA,NA,NA,MONTOPOLIS DR,905,NA,NA,NA,NA,NA,,NA,NA,FELIX AVE,NA,NA,NA,NA,Y,N,N,2,9,Y,THU,NA,NA,NA,NA,NA,NA,NA,NA,NA,NA,NA,NA,NA,NA,NA,NA,NA,NA,NA,NA,NA,NA,NA,NA,NA,NA,NA,NA,NA,NA,NA,NA,NA,NA,NA,NA,NA,NA,NA,NA,NA,NA,NA,NA,NA,NA,NA,NA,NA,NA,NA,NA,NA,NA,NA,0,1,0,3,0,1,0,90,120432952,1204329521
AUS_1204331621,380,68,48,453,1303,2,4.85E+11,1500US484530013032,Block Group 2,G5030,S,635029,0,30.2562161,-97.7625867,12043316,AUS_12043316,30.25495768,-97.76217255,2,1,3,16,2,54,1,1,4,11,1,2,,4,NA,NA,4,97,97,,,0,1,0,0,0,1,0,N,N,N,N,N,N,N,4/19/2011,8:06 AM,227,22,N,Y,NA,NA,19,NA,,1,1100,S,LAMAR,BLVD,N,N,40,N,N,,Y,19,NA,,1,1200,,GIBSON,ST,NA,NA,,,,NA,12,1,2,3,1,1,11,8:06 AM,DISPATCHED,8:10 AM,4/19/2011,Y,74,17,105,112,8,5,1,2,64,54,1,2,1,21,21,227,22,30.25495768,-97.76217255,SL,343,NA,2.912,SL0343,1199,113,10,0.389,566,0.422,,NA,NA,GIBSON ST W,NA,NA,NA,NA,Y,Y,N,2,9,Y,TUE,2,0,0,0,0,2,4,80,60,60,4,1,1,1,0,0,1,0,0,0,0,4,14,40000,2012,40000,0.8,0.3,1.1,NA,NA,NA,NA,NA,NA,NA,NA,NA,NA,NA,NA,NA,NA,NA,NA,NA,NA,NA,NA,NA,NA,NA,NA,NA,NA,0,1,0,1,0,1,0,90,120433162,1204331621
AUS_1204339211,964,361,48,453,500,4,4.85E+11,1500US484530005004,Block Group 4,G5030,S,395842,0,30.2985167,-97.7378172,12043392,AUS_12043392,30.29934,-97.73433,1,1,3,16,2,28,1,1,4,11,1,4,N,4,NA,NA,4,97,97,,,0,1,0,0,0,1,0,N,N,N,N,N,N,N,4/19/2011,4:41 PM,227,22,N,N,NA,NA,19,NA,,1,3500,,SPEEDWAY,,N,N,30,N,N,,Y,19,NA,,1,100,W,35TH,ST,NA,NA,,,,NA,11,1,4,NA,1,1,8,4:41 PM,DISPATCH,5:15 PM,4/19/2011,Y,74,129,10,14,8,5,1,1,64,54,1,5,1,21,21,227,22,30.29934,-97.73433,,NA,NA,NA,SPEEDWAY,3501,NA,NA,NA,NA,NA,,NA,NA,W 35TH ST,NA,NA,NA,NA,Y,N,N,2,9,Y,TUE,NA,NA,NA,NA,NA,NA,NA,NA,NA,NA,NA,NA,NA,NA,NA,NA,NA,NA,NA,NA,NA,NA,NA,NA,NA,NA,NA,NA,NA,NA,NA,NA,NA,NA,NA,NA,NA,NA,NA,NA,NA,NA,NA,NA,NA,NA,NA,NA,NA,NA,NA,NA,NA,NA,NA,0,1,0,1,0,1,0,90,120433921,1204339211
AUS_1204339421,15,88,48,453,2421,3,4.85E+11,1500US484530024213,Block Group 3,G5030,S,735865,0,30.1713007,-97.7920662,12043394,AUS_12043394,30.17371,-97.79491,2,1,3,16,3,10,2,1,4,11,1,4,N,4,NA,NA,4,97,97,,,0,0,1,0,0,1,0,N,N,N,N,N,N,N,4/19/2011,7:04 PM,227,22,N,N,NA,NA,19,NA,,1,500,,SHEP,ST,N,N,30,N,N,,Y,19,NA,,1,8800,,SWANSON,LN,NA,NA,,,,NA,11,1,4,NA,2,1,8,7:06 PM,DISPATCHED,7:13 PM,4/19/2011,Y,74,NA,NA,NA,8,5,1,1,64,54,1,5,1,21,21,227,22,30.17371,-97.79491,,NA,NA,NA,SHEP ST,599,NA,NA,NA,NA,NA,,NA,NA,SWANSON LN,NA,NA,NA,NA,Y,N,N,3,9,Y,TUE,NA,NA,NA,NA,NA,NA,NA,NA,NA,NA,NA,NA,NA,NA,NA,NA,NA,NA,NA,NA,NA,NA,NA,NA,NA,NA,NA,NA,NA,NA,NA,NA,NA,NA,NA,NA,NA,NA,NA,NA,NA,NA,NA,NA,NA,NA,NA,NA,NA,NA,NA,NA,NA,NA,NA,0,0,1,1,0,1,0,90,120433942,1204339421
AUS_1204347421,1019,380,48,453,304,1,4.85E+11,1500US484530003041,Block Group 1,G5030,S,592215,0,30.3082262,-97.7144996,12043474,AUS_12043474,30.30619,-97.71873,2,1,3,16,2,41,0,1,4,11,1,3,N,4,NA,NA,4,97,97,,,0,1,0,0,0,1,0,N,N,N,N,N,N,N,4/13/2011,7:47 AM,227,22,N,N,NA,NA,19,NA,,1,4500,,RED RIVER,ST,N,N,35,N,N,,Y,19,NA,,1,800,E,46TH,ST,NA,NA,,,,NA,11,1,0,NA,1,1,1,7:47 AM,DISPATCH,7:49 AM,4/13/2011,Y,74,22,120,14,8,5,1,3,64,54,1,5,1,21,21,227,22,30.30619,-97.71873,,NA,NA,NA,RED RIVER ST,4599,NA,NA,NA,NA,NA,,NA,NA,E 46TH ST,NA,NA,NA,NA,Y,N,N,2,9,Y,WED,NA,NA,NA,NA,NA,NA,NA,NA,NA,NA,NA,NA,NA,NA,NA,NA,NA,NA,NA,NA,NA,NA,NA,NA,NA,NA,NA,NA,NA,NA,NA,NA,NA,NA,NA,NA,NA,NA,NA,NA,NA,NA,NA,NA,NA,NA,NA,NA,NA,NA,NA,NA,NA,NA,NA,0,1,0,1,0,1,0,90,120434742,1204347421
AUS_1204351521,391,447,48,453,1401,1,4.85E+11,1500US484530014011,Block Group 1,G5030,S,650840,121283,30.2552815,-97.7457665,12043515,AUS_12043515,30.25585346,-97.74736953,2,1,3,16,2,40,1,1,4,11,1,2,N,4,NA,NA,4,97,97,,,0,1,0,0,0,1,0,N,N,N,N,N,N,N,4/12/2011,8:32 AM,227,22,N,Y,NA,NA,19,NA,,1,600,S,CONGRESS,AVE,N,N,45,N,N,,N,19,NA,,1,100,E,RIVERSIDE,DR,NA,NA,,,,NA,11,1,2,NA,2,1,1,8:32 AM,DISPATCH,8:33 AM,4/12/2011,Y,74,68,93,112,8,5,3,3,64,13,1,5,1,32,21,227,22,30.25585346,-97.74736953,,NA,NA,NA,S CONGRESS AVE,599,NA,NA,NA,NA,NA,,NA,NA,N/A,NA,NA,NA,NA,Y,N,N,2,9,Y,TUE,NA,NA,NA,NA,NA,NA,NA,NA,NA,NA,NA,NA,NA,NA,NA,NA,NA,NA,NA,NA,NA,NA,NA,NA,NA,NA,NA,NA,NA,NA,NA,NA,NA,NA,NA,NA,NA,NA,NA,NA,NA,NA,NA,NA,NA,NA,NA,NA,NA,NA,NA,NA,NA,NA,NA,0,1,0,1,0,1,0,90,120435152,1204351521
AUS_1204355521,615,341,48,453,901,2,4.85E+11,1500US484530009012,Block Group 2,G5030,S,558875,0,30.2664785,-97.7273354,12043555,AUS_12043555,30.26719752,-97.73412752,2,1,3,16,2,44,2,1,4,11,1,4,N,4,NA,NA,4,97,97,,,0,1,0,0,0,1,0,N,N,N,N,N,N,N,4/8/2011,9:06 PM,227,22,N,N,NA,NA,1,35,,2,700,N,N IH 35 EF,,N,N,35,N,N,,Y,19,NA,,1,800,,800 BLK E 7TH ST N ALLEY,,NA,NA,,,,NA,11,3,2,2,1,1,20,9:06 PM,HEARD COLLISION,9:06 PM,4/11/2011,Y,74,NA,115,144,8,5,3,2,64,13,2,1,1,11,21,227,22,30.26719752,-97.73412752,IH,35,NA,233.96,IH0035,NA,15,13,17.825,235,-0.216,,NA,NA,N/A,NA,NA,NA,NA,Y,Y,N,2,9,Y,FRI,5,0,2,5,7,2,6,300,86,72,4,0,0,2,4,5,2,10,5,2,3,4,11,174200,2012,174200,2.6,6.9,9.5,NA,NA,NA,NA,NA,NA,NA,NA,NA,NA,NA,NA,NA,NA,NA,NA,NA,NA,NA,NA,NA,NA,NA,NA,NA,NA,0,1,0,1,0,1,0,90,120435552,1204355521
AUS_1204364411,788,67,48,453,700,1,4.85E+11,1500US484530007001,Block Group 1,G5030,S,1615130,0,30.2777004,-97.7411232,12043644,AUS_12043644,30.28032878,-97.74209921,1,1,3,16,3,23,1,1,4,11,1,4,N,4,NA,NA,4,97,97,,,0,0,1,0,0,1,0,N,N,N,N,N,N,N,4/11/2011,3:37 PM,227,22,N,Y,NA,NA,19,NA,,1,2200,,GUADALUPE,ST,N,N,30,N,N,,N,19,NA,,1,300,W,MARTIN LUTHER KING,BLVD,NA,NA,,,,NA,11,1,98,NA,1,1,20,3:37 PM,DISPATCH,3:39 PM,4/11/2011,Y,74,11,10,14,8,5,4,1,64,54,1,5,1,21,21,227,22,30.28032878,-97.74209921,,NA,NA,NA,GUADALUPE ST,1744,NA,NA,NA,NA,NA,,NA,NA,N/A,NA,NA,NA,NA,Y,N,N,3,9,Y,MON,NA,NA,NA,NA,NA,NA,NA,NA,NA,NA,NA,NA,NA,NA,NA,NA,NA,NA,NA,NA,NA,NA,NA,NA,NA,NA,NA,NA,NA,NA,NA,NA,NA,NA,NA,NA,NA,NA,NA,NA,NA,NA,NA,NA,NA,NA,NA,NA,NA,NA,NA,NA,NA,NA,NA,0,0,1,1,0,1,0,90,120436441,1204364411
AUS_1205797721,589,433,48,453,1100,1,4.85E+11,1500US484530011001,Block Group 1,G5030,S,2044061,66635,30.2687002,-97.7433003,12057977,AUS_12057977,30.26647726,-97.73714474,2,1,3,16,2,25,1,1,4,11,1,4,N,4,NA,NA,4,97,97,,,0,1,0,0,0,1,0,N,Y,N,N,N,N,N,4/27/2011,2:03 PM,227,22,N,N,NA,NA,19,NA,,1,600,E,6TH,ST,N,N,30,N,N,ONE WAY WEST BOUND ONLY,N,19,NA,,1,,,RED RIVER,ST,NA,NA,,,TWO WAY RDWY,NA,11,1,98,NA,1,1,5,2:04 PM,DISPATCHED,2:05 PM,4/27/2011,Y,74,12,115,144,8,5,2,1,64,54,1,5,1,21,21,227,22,30.26647726,-97.73714474,,NA,NA,NA,E 6TH ST,604,NA,NA,NA,NA,NA,,NA,NA,RED RIVER ST,NA,NA,NA,NA,Y,N,N,2,9,Y,WED,NA,NA,NA,NA,NA,NA,NA,NA,NA,NA,NA,NA,NA,NA,NA,NA,NA,NA,NA,NA,NA,NA,NA,NA,NA,NA,NA,NA,NA,NA,NA,NA,NA,NA,NA,NA,NA,NA,NA,NA,NA,NA,NA,NA,NA,NA,NA,NA,NA,NA,NA,NA,NA,NA,NA,0,1,0,2,0,1,0,90,120579772,1205797721
AUS_1205920221,1063,472,48,453,2105,2,4.85E+11,1500US484530021052,Block Group 2,G5030,S,857352,0,30.3176518,-97.7037163,12059202,AUS_12059202,30.31144,-97.70705,2,1,3,16,2,23,1,2,4,11,1,2,N,4,NA,NA,4,97,97,,,0,1,0,0,0,1,0,N,N,N,N,N,N,N,5/3/2011,12:20 PM,227,22,N,N,NA,NA,19,NA,,1,5300,,CAMERON,RD,N,N,35,N,N,,N,19,NA,,1,1200,,BROADMOOR,DR,100,FALSE,S,SCL,,NA,11,1,0,NA,1,1,1,12:20 PM,DISPATCH,12:29 PM,5/3/2011,Y,74,12,139,95,8,5,3,3,64,13,1,5,1,32,21,227,22,30.31144,-97.70705,,NA,NA,NA,CAMERON RD,5329,NA,NA,NA,NA,NA,,NA,NA,N/A,NA,NA,NA,NA,Y,N,N,2,9,Y,TUE,NA,NA,NA,NA,NA,NA,NA,NA,NA,NA,NA,NA,NA,NA,NA,NA,NA,NA,NA,NA,NA,NA,NA,NA,NA,NA,NA,NA,NA,NA,NA,NA,NA,NA,NA,NA,NA,NA,NA,NA,NA,NA,NA,NA,NA,NA,NA,NA,NA,NA,NA,NA,NA,NA,NA,0,1,0,1,0,1,0,90,120592022,1205920221
AUS_1205920521,72,169,48,453,1728,2,4.85E+11,1500US484530017282,Block Group 2,G5030,S,595510,0,30.1995062,-97.8114833,12059205,AUS_12059205,30.20005222,-97.80750998,2,1,3,16,3,17,3,2,4,11,1,4,N,4,NA,NA,4,97,97,,,0,0,1,0,0,1,0,N,N,N,N,N,N,N,4/23/2011,4:00 PM,227,22,N,N,NA,NA,19,NA,,1,2000,,MATTHEWS,LN,N,N,30,N,N,,N,19,NA,,1,7200,,MANCHACA,RD,NA,NA,,,,NA,11,1,0,NA,2,1,11,4:07 PM,DISPATCHED,4:13 PM,4/23/2011,Y,74,NA,NA,NA,8,5,2,2,64,54,1,5,1,21,21,227,22,30.20005222,-97.80750998,,NA,NA,NA,MATTHEWS LN,2005,NA,NA,NA,NA,NA,,NA,NA,MANCHACA RD,NA,NA,NA,NA,Y,N,N,3,9,Y,SAT,NA,NA,NA,NA,NA,NA,NA,NA,NA,NA,NA,NA,NA,NA,NA,NA,NA,NA,NA,NA,NA,NA,NA,NA,NA,NA,NA,NA,NA,NA,NA,NA,NA,NA,NA,NA,NA,NA,NA,NA,NA,NA,NA,NA,NA,NA,NA,NA,NA,NA,NA,NA,NA,NA,NA,0,0,1,3,0,1,0,90,120592052,1205920521
AUS_1205922021,630,341,48,453,901,2,4.85E+11,1500US484530009012,Block Group 2,G5030,S,558875,0,30.2664785,-97.7273354,12059220,AUS_12059220,30.26841696,-97.72715115,2,1,3,16,2,29,1,1,4,11,1,4,N,4,NA,NA,4,97,97,,,0,1,0,0,0,1,0,N,N,N,N,N,N,N,4/29/2011,7:52 PM,227,22,N,N,NA,NA,19,NA,,1,NA,E,11TH,ST,N,N,0,N,N,,N,19,NA,,1,,,ROSEWOOD,AVE,NA,NA,,,ROSEWOOD,NA,11,1,4,NA,4,1,5,7:52 PM,DISPATCH,7:53 PM,4/29/2011,Y,74,NA,34,48,8,5,2,1,64,54,1,5,1,21,21,227,22,30.26841696,-97.72715115,,NA,NA,NA,E 11TH ST,1212,NA,NA,NA,NA,NA,,NA,NA,ROSEWOOD AVE,NA,NA,NA,NA,Y,N,N,2,9,Y,FRI,NA,NA,NA,NA,NA,NA,NA,NA,NA,NA,NA,NA,NA,NA,NA,NA,NA,NA,NA,NA,NA,NA,NA,NA,NA,NA,NA,NA,NA,NA,NA,NA,NA,NA,NA,NA,NA,NA,NA,NA,NA,NA,NA,NA,NA,NA,NA,NA,NA,NA,NA,NA,NA,NA,NA,0,1,0,3,0,1,0,90,120592202,1205922021
AUS_1205943921,925,412,48,453,500,1,4.85E+11,1500US484530005001,Block Group 1,G5030,S,140441,0,30.2939335,-97.7350124,12059439,AUS_12059439,30.29381,-97.7329,2,1,3,16,2,NA,1,2,4,11,2,5,N,4,NA,NA,4,97,97,,,0,1,0,0,0,1,0,N,N,N,N,N,N,N,3/27/2011,3:05 PM,227,22,N,N,NA,NA,19,NA,,1,3200,,DUVAL,ST,N,N,0,N,N,,Y,19,NA,,1,500,E,32ND,ST,NA,NA,,,,NA,12,1,2,NA,1,1,8,3:05 PM,DISPATCHED,3:15 PM,3/27/2011,Y,74,NA,120,14,8,5,2,1,64,54,1,5,1,21,21,227,22,30.29381,-97.7329,,NA,NA,NA,DUVAL ST,3115,NA,NA,NA,NA,NA,,NA,NA,E 32ND ST,NA,NA,NA,NA,Y,N,N,2,9,Y,SUN,NA,NA,NA,NA,NA,NA,NA,NA,NA,NA,NA,NA,NA,NA,NA,NA,NA,NA,NA,NA,NA,NA,NA,NA,NA,NA,NA,NA,NA,NA,NA,NA,NA,NA,NA,NA,NA,NA,NA,NA,NA,NA,NA,NA,NA,NA,NA,NA,NA,NA,NA,NA,NA,NA,NA,0,1,0,1,0,1,0,90,120594392,1205943921