Crash_UP_ID,FID,FID_Austin,STATEFP,COUNTYFP,TRACTCE,BLKGRPCE,GEOID1,GEOID,NAMELSAD,MTFCC,FUNCSTAT,ALAND,AWATER,INTPTLAT,INTPTLON,CrashID,CrashID1,Latitude,Longitude,Unit_Nbr,Prsn_Nbr,Prsn_Type_ID,Prsn_Occpnt_Pos_ID,Prsn_Injry_Sev_ID,Prsn_Age,Prsn_Ethnicity_ID,Prsn_Gndr_ID,Prsn_Ejct_ID,Prsn_Rest_ID,Prsn_Airbag_ID,Prsn_Helmet_ID,Prsn_Sol_Fl,Prsn_Alc_Spec_Type_ID,Prsn_Alc_Rslt_ID,Prsn_Bac_Test_Rslt,Prsn_Drg_Spec_Type_ID,Prsn_Drg_Rslt_ID,Drvr_Drg_Cat_1_ID,Prsn_Death_Date,Prsn_Death_Time,Incap_Injry_Cnt.x,Nonincap_Injry_Cnt.x,Poss_Injry_Cnt.x,Non_Injry_Cnt.x,Unkn_Injry_Cnt.x,Tot_Injry_Cnt.x,Death_Cnt.x,Crash_Fatal_Fl,Cmv_Involv_Fl,Schl_Bus_Fl,Rr_Relat_Fl,Medical_Advisory_Fl,Amend_Supp_Fl,Active_School_Zone_Fl,Crash_Date,Crash_Time,Rpt_CRIS_Cnty_ID,Rpt_City_ID,Rpt_Outside_City_Limit_Fl,Thousand_Damage_Fl,Rpt_Latitude,Rpt_Longitude,Rpt_Rdwy_Sys_ID,Rpt_Hwy_Num,Rpt_Hwy_Sfx,Rpt_Road_Part_ID,Rpt_Block_Num,Rpt_Street_Pfx,Rpt_Street_Name,Rpt_Street_Sfx,Private_Dr_Fl,Toll_Road_Fl,Crash_Speed_Limit,Road_Constr_Zone_Fl,Road_Constr_Zone_Wrkr_Fl,Rpt_Street_Desc,At_Intrsct_Fl,Rpt_Sec_Rdwy_Sys_ID,Rpt_Sec_Hwy_Num,Rpt_Sec_Hwy_Sfx,Rpt_Sec_Road_Part_ID,Rpt_Sec_Block_Num,Rpt_Sec_Street_Pfx,Rpt_Sec_Street_Name,Rpt_Sec_Street_Sfx,Rpt_Ref_Mark_Offset_Amt,Rpt_Ref_Mark_Dist_Uom,Rpt_Ref_Mark_Dir,Rpt_Ref_Mark_Nbr,Rpt_Sec_Street_Desc,Rpt_CrossingNumber,Wthr_Cond_ID,Light_Cond_ID,Entr_Road_ID,Road_Type_ID,Road_Algn_ID,Surf_Cond_ID,Traffic_Cntl_ID,Investigat_Notify_Time,Investigat_Notify_Meth,Investigat_Arrv_Time,Report_Date,Investigat_Comp_Fl,Investigat_Agency_ID,Investigat_Area_ID,Investigat_District_ID,Investigat_Region_ID,Bridge_Detail_ID,Harm_Evnt_ID,Intrsct_Relat_ID,FHE_Collsn_ID,Obj_Struck_ID,Othr_Factr_ID,Road_Part_Adj_ID,Road_Cls_ID,Road_Relat_ID,Phys_Featr_1_ID,Phys_Featr_2_ID,Cnty_ID,City_ID,Latitude.1,Longitude.1,Hwy_Sys,Hwy_Nbr,Hwy_Sfx,Dfo,Street_Name,Street_Nbr,Control,Section,Milepoint,Ref_Mark_Nbr,Ref_Mark_Displ,Hwy_Sys_2,Hwy_Nbr_2,Hwy_Sfx_2,Street_Name_2,Street_Nbr_2,Control_2,Section_2,Milepoint_2,Txdot_Rptable_Fl,Onsys_Fl,Rural_Fl,Crash_Sev_ID,Pop_Group_ID,Located_Fl,Day_of_Week,Hwy_Dsgn_Lane_ID,Hwy_Dsgn_Hrt_ID,Hp_Shldr_Left,Hp_Shldr_Right,Hp_Median_Width,Base_Type_ID,Nbr_Of_Lane,Row_Width_Usual,Roadbed_Width,Surf_Width,Surf_Type_ID,Curb_Type_Left_ID,Curb_Type_Right_ID,Shldr_Type_Left_ID,Shldr_Width_Left,Shldr_Use_Left_ID,Shldr_Type_Right_ID,Shldr_Width_Right,Shldr_Use_Right_ID,Median_Type_ID,Median_Width,Rural_Urban_Type_ID,Func_Sys_ID,Adt_Curnt_Amt,Adt_Curnt_Year,Adt_Adj_Curnt_Amt,Pct_Single_Trk_Adt,Pct_Combo_Trk_Adt,Trk_Aadt_Pct,Curve_Type_ID,Curve_Lngth,Cd_Degr,Delta_Left_Right_ID,Dd_Degr,Feature_Crossed,Structure_Number,I_R_Min_Vert_Clear,Approach_Width,Bridge_Median_ID,Bridge_Loading_Type_ID,Bridge_Loading_In_1000_Lbs,Bridge_Srvc_Type_On_ID,Bridge_Srvc_Type_Under_ID,Culvert_Type_ID,Roadway_Width,Deck_Width,Bridge_Dir_Of_Traffic_ID,Bridge_Rte_Struct_Func_ID,Bridge_IR_Struct_Func_ID,CrossingNumber,RRCo,Poscrossing_ID,WDCode_ID,Standstop,Yield,Incap_Injry_Cnt.y,Nonincap_Injry_Cnt.y,Poss_Injry_Cnt.y,Non_Injry_Cnt.y,Unkn_Injry_Cnt.y,Tot_Injry_Cnt.y,Death_Cnt.y,MPO_ID,Unit_ID,Unit_Prsn_ID
AUS_1208135921,1103,334,48,453,205,2,4.85E+11,1500US484530002052,Block Group 2,G5030,S,651799,0,30.3250641,-97.7308921,12081359,AUS_12081359,30.3211,-97.72939,2,1,3,16,1,27,1,1,4,11,1,4,N,4,NA,NA,4,97,97,,,1,0,0,0,0,1,0,N,N,N,N,N,N,N,5/24/2011,4:23 PM,227,22,N,N,NA,NA,19,NA,,1,5300,N,LAMAR,BLVD,N,N,45,N,N,LOCAL ROAD,Y,19,NA,,1,700,W,NORTH LOOP,BLVD,NA,NA,,,,NA,11,1,4,NA,1,1,5,4:23 PM,DISPATCH,4:28 PM,5/24/2011,Y,74,NA,140,95,8,5,1,3,64,54,1,5,1,21,21,227,22,30.3211,-97.72939,,NA,NA,NA,N LAMAR BLVD,5299,NA,NA,NA,NA,NA,,NA,NA,W NORTH LOOP BLVD,NA,NA,NA,NA,Y,N,N,1,9,Y,TUE,NA,NA,NA,NA,NA,NA,NA,NA,NA,NA,NA,NA,NA,NA,NA,NA,NA,NA,NA,NA,NA,NA,NA,NA,NA,NA,NA,NA,NA,NA,NA,NA,NA,NA,NA,NA,NA,NA,NA,NA,NA,NA,NA,NA,NA,NA,NA,NA,NA,NA,NA,NA,NA,NA,NA,1,0,0,1,0,1,0,90,120813592,1208135921
AUS_1208138011,94,456,48,453,980000,1,4.85E+11,1500US484539800001,Block Group 1,G5030,S,17483686,0,30.1946987,-97.6664787,12081380,AUS_12081380,30.20874948,-97.65030315,1,1,3,16,0,NA,1,1,4,11,1,4,N,4,NA,NA,4,97,97,,,0,0,0,0,1,0,0,N,N,N,N,N,N,N,5/25/2011,6:30 AM,227,22,N,N,NA,NA,3,71,,1,2900,E,SH 71 WB,,N,N,0,N,N,,N,19,NA,,7,2700,,LYLE,RD,NA,NA,,,,NA,11,2,0,2,1,1,1,7:25 AM,DISPATCH,8:05 AM,5/25/2011,Y,74,NA,34,48,8,5,4,1,64,54,1,2,1,21,21,227,22,30.20874948,-97.65030315,SH,71,NA,129.973,SH0071,NA,265,1,14.144,582,0.206,,NA,NA,N/A,NA,NA,NA,NA,N,Y,N,5,9,Y,WED,3,0,0,2,42,2,6,200,76,72,4,0,0,1,0,0,2,4,5,3,42,4,12,56000,2012,56000,2.4,3.3,5.7,NA,NA,NA,NA,NA,NA,NA,NA,NA,NA,NA,NA,NA,NA,NA,NA,NA,NA,NA,NA,NA,NA,NA,NA,NA,NA,0,0,0,1,1,0,0,90,120813801,1208138011
AUS_1208140711,1109,13,48,453,1503,3,4.85E+11,1500US484530015033,Block Group 3,G5030,S,1163063,0,30.3278302,-97.719638,12081407,AUS_12081407,30.32197801,-97.71857122,1,1,3,16,0,53,1,1,4,11,1,2,N,4,NA,NA,4,97,97,,,0,0,0,0,1,0,0,N,N,N,N,N,N,N,5/14/2011,1:20 AM,227,22,N,N,NA,NA,19,NA,,1,100,E,KOENIG,LN,N,N,35,N,N,,Y,19,NA,,1,5700,,AVENUE F,,NA,NA,,,,NA,11,4,3,2,1,1,6,1:20 AM,WITNESS,1:24 AM,5/14/2011,Y,74,NA,NA,NA,8,5,1,1,64,54,1,2,1,21,21,227,22,30.32197801,-97.71857122,SS,69,NA,0.562,SS0069,197,114,1,1.533,538,0.521,,NA,NA,AVENUE F,NA,NA,NA,NA,N,Y,N,5,9,Y,SAT,4,0,0,0,10,2,4,80,48,48,4,2,2,1,0,0,1,0,0,1,10,4,14,14170,2012,14170,1.2,0.5,1.7,NA,NA,NA,NA,NA,NA,NA,NA,NA,NA,NA,NA,NA,NA,NA,NA,NA,NA,NA,NA,NA,NA,NA,NA,NA,NA,0,0,0,1,1,0,0,90,120814071,1208140711
AUS_1208144621,544,349,48,453,1303,1,4.85E+11,1500US484530013031,Block Group 1,G5030,S,710768,43869,30.2634026,-97.7612102,12081446,AUS_12081446,30.26449988,-97.75711084,2,1,3,16,1,28,1,1,4,11,1,5,N,4,NA,NA,4,97,97,,,1,0,0,0,0,1,0,N,N,N,N,N,N,N,5/22/2011,4:23 PM,227,22,N,Y,NA,NA,19,NA,,1,100,S,LAMAR,BLVD,N,N,40,N,N,,N,19,NA,,1,,W,RIVERSIDE,DR,NA,NA,,,,NA,11,1,4,2,1,1,5,4:23 PM,DISPATCH,4:27 PM,5/22/2011,Y,74,22,105,112,8,5,2,1,64,54,1,2,1,21,21,227,22,30.26449988,-97.75711084,SL,343,NA,3.647,SL0343,NA,113,12,1.262,568,-0.671,,NA,NA,W RIVERSIDE DR,NA,NA,NA,NA,Y,Y,N,1,9,Y,SUN,3,0,0,0,22,2,6,120,72,72,4,1,1,1,0,0,1,0,0,1,22,4,14,40000,2012,40000,0.8,0.3,1.1,NA,NA,NA,NA,NA,NA,NA,NA,NA,NA,NA,NA,NA,NA,NA,NA,NA,NA,NA,NA,NA,NA,NA,NA,NA,NA,1,0,0,1,0,1,0,90,120814462,1208144621
AUS_1208147421,392,447,48,453,1401,1,4.85E+11,1500US484530014011,Block Group 1,G5030,S,650840,121283,30.2552815,-97.7457665,12081474,AUS_12081474,30.25598426,-97.74732209,2,1,3,16,2,NA,1,1,4,11,1,5,N,4,NA,NA,4,97,97,,,0,1,0,0,0,1,0,N,N,N,N,N,N,N,5/23/2011,8:05 AM,227,22,N,Y,NA,NA,19,NA,,1,600,S,CONGRESS,AVE,N,N,35,N,N,,N,19,NA,,1,100,E,RIVERSIDE,DR,NA,NA,,,,NA,11,1,98,NA,1,1,1,8:06 AM,DISPATCHED,8:15 AM,5/23/2011,Y,74,NA,NA,90,8,5,3,3,64,13,1,5,1,32,21,227,22,30.25598426,-97.74732209,,NA,NA,NA,S CONGRESS AVE,578,NA,NA,NA,NA,NA,,NA,NA,N/A,NA,NA,NA,NA,Y,N,N,2,9,Y,MON,NA,NA,NA,NA,NA,NA,NA,NA,NA,NA,NA,NA,NA,NA,NA,NA,NA,NA,NA,NA,NA,NA,NA,NA,NA,NA,NA,NA,NA,NA,NA,NA,NA,NA,NA,NA,NA,NA,NA,NA,NA,NA,NA,NA,NA,NA,NA,NA,NA,NA,NA,NA,NA,NA,NA,0,1,0,1,0,1,0,90,120814742,1208147421
AUS_1208147421,393,450,48,453,1305,1,4.85E+11,1500US484530013051,Block Group 1,G5030,S,1106325,65346,30.2582419,-97.7524205,12081474,AUS_12081474,30.25598426,-97.74732209,2,1,3,16,2,NA,1,1,4,11,1,5,N,4,NA,NA,4,97,97,,,0,1,0,0,0,1,0,N,N,N,N,N,N,N,5/23/2011,8:05 AM,227,22,N,Y,NA,NA,19,NA,,1,600,S,CONGRESS,AVE,N,N,35,N,N,,N,19,NA,,1,100,E,RIVERSIDE,DR,NA,NA,,,,NA,11,1,98,NA,1,1,1,8:06 AM,DISPATCHED,8:15 AM,5/23/2011,Y,74,NA,NA,90,8,5,3,3,64,13,1,5,1,32,21,227,22,30.25598426,-97.74732209,,NA,NA,NA,S CONGRESS AVE,578,NA,NA,NA,NA,NA,,NA,NA,N/A,NA,NA,NA,NA,Y,N,N,2,9,Y,MON,NA,NA,NA,NA,NA,NA,NA,NA,NA,NA,NA,NA,NA,NA,NA,NA,NA,NA,NA,NA,NA,NA,NA,NA,NA,NA,NA,NA,NA,NA,NA,NA,NA,NA,NA,NA,NA,NA,NA,NA,NA,NA,NA,NA,NA,NA,NA,NA,NA,NA,NA,NA,NA,NA,NA,0,1,0,1,0,1,0,90,120814742,1208147421
AUS_1208150821,246,262,48,453,1308,4,4.85E+11,1500US484530013084,Block Group 4,G5030,S,318307,0,30.2387552,-97.7578847,12081508,AUS_12081508,30.23719,-97.75492,2,1,3,16,2,24,2,1,4,11,1,4,N,4,NA,NA,4,97,97,,,0,1,0,0,0,1,0,N,N,N,N,N,N,N,5/21/2011,3:59 PM,227,22,N,Y,NA,NA,11,275,,1,2600,S,CONGRESS,AVE,N,N,0,N,N,,Y,19,NA,,1,100,,LONG BOW,LN,NA,NA,,,,NA,11,1,2,NA,1,1,8,3:59 PM,DISPATCH,4:08 PM,5/21/2011,Y,74,NA,NA,153,8,5,1,3,64,54,1,2,1,21,21,227,22,30.23719,-97.75492,,NA,NA,NA,CONGRESS AVE S,2511,NA,NA,NA,NA,NA,,NA,NA,UNKNOWN,NA,NA,NA,NA,Y,N,N,2,9,Y,SAT,NA,NA,NA,NA,NA,NA,NA,NA,NA,NA,NA,NA,NA,NA,NA,NA,NA,NA,NA,NA,NA,NA,NA,NA,NA,NA,NA,NA,NA,NA,NA,NA,NA,NA,NA,NA,NA,NA,NA,NA,NA,NA,NA,NA,NA,NA,NA,NA,NA,NA,NA,NA,NA,NA,NA,0,1,0,1,0,1,0,90,120815082,1208150821
AUS_1208161721,1270,535,48,453,1818,1,4.85E+11,1500US484530018181,Block Group 1,G5030,S,980242,0,30.3664228,-97.7234355,12081617,AUS_12081617,30.37101644,-97.72157852,2,1,3,16,0,25,0,0,4,11,0,5,N,4,NA,NA,4,97,97,,,0,0,0,0,1,0,0,N,N,N,N,N,N,N,5/11/2011,1:46 PM,227,22,N,Y,NA,NA,2,183,,2,8800,N,US 183 NB SVRD,,N,N,45,N,N,EAST FRONTAGE RESEARCH BLVD,Y,19,NA,,1,,N,METRIC,BLVD,NA,NA,,,,NA,11,1,2,2,1,1,8,1:47 PM,RADIO DISPATCH,1:48 PM,5/11/2011,Y,74,NA,NA,268,8,5,2,1,64,54,2,2,1,21,21,227,22,30.37101644,-97.72157852,US,183,NA,315.928,US0183,NA,151,6,5.691,512,-0.331,FM,1325,NA,FM1325,NA,NA,NA,NA,Y,Y,N,5,9,Y,WED,5,0,10,10,28,2,6,260,112,72,5,0,0,2,20,5,2,20,5,2,8,4,12,113940,2012,113940,1.9,0.5,2.4,NA,NA,NA,NA,NA,NA,NA,NA,NA,NA,NA,NA,NA,NA,NA,NA,NA,NA,NA,NA,NA,NA,NA,NA,NA,NA,0,0,0,1,1,0,0,90,120816172,1208161721
AUS_1208164121,436,447,48,453,1401,1,4.85E+11,1500US484530014011,Block Group 1,G5030,S,650840,121283,30.2552815,-97.7457665,12081641,AUS_12081641,30.25930004,-97.7460693,2,1,3,16,2,29,1,2,4,11,1,4,N,4,NA,NA,4,97,97,,,0,1,0,0,0,1,0,N,N,N,N,N,N,N,5/20/2011,12:56 AM,227,22,N,N,NA,NA,19,NA,,1,100,S,CONGRESS,AVE,N,N,35,N,N,,N,19,NA,,1,100,,BARTON SPRINGS,RD,NA,NA,,,,NA,11,4,0,NA,1,1,20,12:56 AM,DISPATCH,1:00 AM,5/20/2011,Y,74,NA,NA,NA,8,5,2,1,64,54,1,5,1,21,21,227,22,30.25930004,-97.7460693,,NA,NA,NA,S CONGRESS AVE,232,NA,NA,NA,NA,NA,,NA,NA,BARTON SPRINGS RD,NA,NA,NA,NA,Y,N,N,2,9,Y,FRI,NA,NA,NA,NA,NA,NA,NA,NA,NA,NA,NA,NA,NA,NA,NA,NA,NA,NA,NA,NA,NA,NA,NA,NA,NA,NA,NA,NA,NA,NA,NA,NA,NA,NA,NA,NA,NA,NA,NA,NA,NA,NA,NA,NA,NA,NA,NA,NA,NA,NA,NA,NA,NA,NA,NA,0,1,0,2,0,1,0,90,120816412,1208164121
AUS_1208167921,875,65,48,453,401,2,4.85E+11,1500US484530004012,Block Group 2,G5030,S,1342888,0,30.2880599,-97.7281679,12081679,AUS_12081679,30.28923,-97.73276,2,1,3,16,2,27,1,1,4,11,1,5,N,4,NA,NA,4,97,97,,,0,1,0,0,0,1,0,N,N,N,N,N,N,N,5/19/2011,9:14 PM,227,22,N,N,NA,NA,19,NA,,1,700,W,DEAN KEETON,ST,N,N,35,N,N,,Y,19,NA,,1,700,,PARK,PL,NA,NA,,,,NA,11,4,3,NA,5,1,11,9:15 PM,DISPATCH,9:21 PM,5/19/2011,Y,74,NA,NA,187,8,5,1,2,64,54,1,5,1,21,21,227,22,30.28923,-97.73276,,NA,NA,NA,E DEAN KEETON ST,NA,NA,NA,NA,NA,NA,,NA,NA,PARK PL,NA,NA,NA,NA,Y,N,N,2,9,Y,THU,NA,NA,NA,NA,NA,NA,NA,NA,NA,NA,NA,NA,NA,NA,NA,NA,NA,NA,NA,NA,NA,NA,NA,NA,NA,NA,NA,NA,NA,NA,NA,NA,NA,NA,NA,NA,NA,NA,NA,NA,NA,NA,NA,NA,NA,NA,NA,NA,NA,NA,NA,NA,NA,NA,NA,0,1,0,2,0,1,0,90,120816792,1208167921
AUS_1208169821,1072,474,48,453,2106,1,4.85E+11,1500US484530021061,Block Group 1,G5030,S,447524,0,30.3113953,-97.6890343,12081698,AUS_12081698,30.31229178,-97.68808977,2,1,3,16,1,44,1,1,4,11,1,1,N,4,NA,NA,4,97,97,,,1,0,0,0,0,1,0,N,N,N,N,N,N,N,5/3/2011,7:15 PM,227,22,N,Y,NA,NA,19,NA,,1,5900,,WELLINGTON,DR,N,N,0,N,N,,N,19,NA,,1,2100,,GASTON PLACE DR,DR,NA,NA,,,,NA,11,1,0,NA,1,1,8,5:15 PM,DISPATCH,5:20 PM,5/3/2011,Y,74,NA,NA,NA,8,5,2,3,64,54,1,5,1,21,21,227,22,30.31229178,-97.68808977,,NA,NA,NA,WELLINGTON DR,5997,NA,NA,NA,NA,NA,,NA,NA,GASTON PLACE DR,NA,NA,NA,NA,Y,N,N,1,9,Y,TUE,NA,NA,NA,NA,NA,NA,NA,NA,NA,NA,NA,NA,NA,NA,NA,NA,NA,NA,NA,NA,NA,NA,NA,NA,NA,NA,NA,NA,NA,NA,NA,NA,NA,NA,NA,NA,NA,NA,NA,NA,NA,NA,NA,NA,NA,NA,NA,NA,NA,NA,NA,NA,NA,NA,NA,1,0,0,1,0,1,0,90,120816982,1208169821
AUS_1208172721,524,433,48,453,1100,1,4.85E+11,1500US484530011001,Block Group 1,G5030,S,2044061,66635,30.2687002,-97.7433003,12081727,AUS_12081727,30.26390772,-97.74433792,2,1,3,16,2,26,1,2,4,11,1,4,N,4,NA,NA,4,97,97,,,0,1,0,0,0,1,0,N,N,N,N,N,N,N,5/7/2011,2:54 AM,227,22,N,Y,NA,NA,19,NA,,1,50,,CONGRESS,AVE,N,N,35,N,N,BRIDGE OVER TOWN LAKE,N,19,NA,,1,100,,CESAR CHAVEZ,ST,NA,NA,,,,NA,11,4,0,NA,1,1,1,2:56 AM,DISPATCH,3:00 AM,5/7/2011,Y,74,NA,53,541,8,5,4,1,64,54,1,5,1,21,21,227,22,30.26390772,-97.74433792,,NA,NA,NA,CONGRESS AVE,115,NA,NA,NA,NA,NA,,NA,NA,N/A,NA,NA,NA,NA,Y,N,N,2,9,Y,SAT,NA,NA,NA,NA,NA,NA,NA,NA,NA,NA,NA,NA,NA,NA,NA,NA,NA,NA,NA,NA,NA,NA,NA,NA,NA,NA,NA,NA,NA,NA,NA,NA,NA,NA,NA,NA,NA,NA,NA,NA,NA,NA,NA,NA,NA,NA,NA,NA,NA,NA,NA,NA,NA,NA,NA,0,1,0,1,0,1,0,90,120817272,1208172721
AUS_1208173021,1023,66,48,453,306,1,4.85E+11,1500US484530003061,Block Group 1,G5030,S,3371879,0,30.2971559,-97.7002732,12081730,AUS_12081730,30.30690667,-97.70940333,2,1,3,16,2,55,1,1,4,11,1,1,N,4,NA,NA,4,97,97,,,0,1,0,0,0,1,0,N,N,N,N,N,N,N,5/18/2011,5:04 PM,227,22,N,Y,NA,NA,19,NA,,1,1200,,BARBARA JORDAN,BLVD,N,N,30,N,N,,N,1,35,,2,,N,IH 35 NB SVRD,,NA,NA,,,EXIT ROAD OFF SHOPPING,NA,11,1,98,NA,1,1,8,5:07 PM,,5:26 PM,5/18/2011,Y,74,NA,151,16,8,5,2,2,64,54,1,5,1,21,21,227,22,30.30690667,-97.70940333,,NA,NA,NA,BARBARA JORDAN BLVD,1200,NA,NA,NA,NA,NA,,NA,NA,UNKNOWN,NA,NA,NA,NA,Y,N,N,2,9,Y,WED,NA,NA,NA,NA,NA,NA,NA,NA,NA,NA,NA,NA,NA,NA,NA,NA,NA,NA,NA,NA,NA,NA,NA,NA,NA,NA,NA,NA,NA,NA,NA,NA,NA,NA,NA,NA,NA,NA,NA,NA,NA,NA,NA,NA,NA,NA,NA,NA,NA,NA,NA,NA,NA,NA,NA,0,1,0,1,0,1,0,90,120817302,1208173021
AUS_1211017521,365,450,48,453,1305,1,4.85E+11,1500US484530013051,Block Group 1,G5030,S,1106325,65346,30.2582419,-97.7524205,12110175,AUS_12110175,30.25229,-97.7487,2,1,3,16,2,52,1,1,4,11,1,4,N,4,NA,NA,4,97,97,,,0,1,0,0,0,1,0,N,N,N,N,N,N,N,5/26/2011,1:14 PM,227,22,N,N,NA,NA,19,NA,,1,1100,S,CONGRESS,AVE,N,N,35,Y,Y,,Y,19,NA,,1,100,,NELLIE,ST,NA,NA,,,,NA,11,1,2,NA,1,1,5,1:14 PM,DISPATCH,1:18 PM,5/26/2011,Y,74,17,105,112,8,5,1,2,64,49,1,5,1,21,21,227,22,30.25229,-97.7487,,NA,NA,NA,S CONGRESS AVE,1199,NA,NA,NA,NA,NA,,NA,NA,NELLIE ST,NA,NA,NA,NA,Y,N,N,2,9,Y,THU,NA,NA,NA,NA,NA,NA,NA,NA,NA,NA,NA,NA,NA,NA,NA,NA,NA,NA,NA,NA,NA,NA,NA,NA,NA,NA,NA,NA,NA,NA,NA,NA,NA,NA,NA,NA,NA,NA,NA,NA,NA,NA,NA,NA,NA,NA,NA,NA,NA,NA,NA,NA,NA,NA,NA,0,1,0,1,0,1,0,90,121101752,1211017521
AUS_1211020821,53,509,48,453,2422,2,4.85E+11,1500US484530024222,Block Group 2,G5030,S,1427901,0,30.1823593,-97.7794176,12110208,AUS_12110208,30.1926054,-97.77726482,2,1,3,16,2,24,1,1,4,11,1,4,N,4,NA,NA,4,97,97,,,0,1,0,0,0,1,0,N,N,N,N,N,N,N,6/8/2011,12:52 PM,227,22,N,N,NA,NA,19,NA,,7,6607,E,WILLIAM CANNON,DR,N,N,0,N,N,,N,19,NA,,1,6600,,CIRCLE S,DR,NA,NA,,,,NA,11,1,0,NA,2,1,1,12:52 PM,DISPATCH,12:58 PM,6/8/2011,Y,74,NA,NA,145,8,5,3,1,64,14,1,5,1,32,21,227,22,30.1926054,-97.77726482,,NA,NA,NA,E WILLIAM CANNON DR,NA,NA,NA,NA,NA,NA,,NA,NA,N/A,NA,NA,NA,NA,Y,N,N,2,9,Y,WED,NA,NA,NA,NA,NA,NA,NA,NA,NA,NA,NA,NA,NA,NA,NA,NA,NA,NA,NA,NA,NA,NA,NA,NA,NA,NA,NA,NA,NA,NA,NA,NA,NA,NA,NA,NA,NA,NA,NA,NA,NA,NA,NA,NA,NA,NA,NA,NA,NA,NA,NA,NA,NA,NA,NA,0,1,0,1,0,1,0,90,121102082,1211020821
AUS_1211036411,1143,33,48,453,206,3,4.85E+11,1500US484530002063,Block Group 3,G5030,S,339642,0,30.3280577,-97.7412586,12110364,AUS_12110364,30.32757981,-97.73974431,1,1,3,16,2,22,2,1,4,11,1,4,N,4,NA,NA,4,97,97,,,0,1,0,0,0,1,0,N,N,N,N,N,N,N,6/5/2011,6:44 PM,227,22,N,Y,NA,NA,4,1325,,1,5700,,BURNET,RD,N,N,35,N,N,,N,4,2222,,1,2000,W,KOENIG,LN,NA,NA,,,,NA,12,1,0,NA,2,1,20,6:44 PM,DISPATCHED,6:50 PM,6/5/2011,Y,74,NA,NA,NA,8,5,4,1,64,54,1,2,1,21,21,227,22,30.32757981,-97.73974431,,NA,NA,NA,BURNET RD,5348,NA,NA,NA,NA,NA,,NA,NA,N/A,NA,NA,NA,NA,Y,N,N,2,9,Y,SUN,NA,NA,NA,NA,NA,NA,NA,NA,NA,NA,NA,NA,NA,NA,NA,NA,NA,NA,NA,NA,NA,NA,NA,NA,NA,NA,NA,NA,NA,NA,NA,NA,NA,NA,NA,NA,NA,NA,NA,NA,NA,NA,NA,NA,NA,NA,NA,NA,NA,NA,NA,NA,NA,NA,NA,0,1,0,2,0,1,0,90,121103641,1211036411
AUS_1211049621,494,344,48,453,902,4,4.85E+11,1500US484530009024,Block Group 4,G5030,S,809825,0,30.2619393,-97.7293714,12110496,AUS_12110496,30.26258,-97.73134,2,1,3,16,3,21,1,1,4,11,1,4,N,4,NA,NA,4,97,97,,,0,0,1,0,0,1,0,N,N,N,N,N,N,N,6/1/2011,11:15 AM,227,22,N,N,NA,NA,19,NA,,1,NA,E,4TH,ST,N,N,30,N,N,,Y,19,NA,,1,400,,WALLER,ST,NA,NA,,,,NA,11,1,4,NA,1,1,8,11:15 AM,ON SCENE,11:15 AM,6/1/2011,N,74,12,81,106,8,5,1,1,64,54,1,5,1,21,21,227,22,30.26258,-97.73134,,NA,NA,NA,E 4TH ST,1198,NA,NA,NA,NA,NA,,NA,NA,WALLER ST,NA,NA,NA,NA,Y,N,N,3,9,Y,WED,NA,NA,NA,NA,NA,NA,NA,NA,NA,NA,NA,NA,NA,NA,NA,NA,NA,NA,NA,NA,NA,NA,NA,NA,NA,NA,NA,NA,NA,NA,NA,NA,NA,NA,NA,NA,NA,NA,NA,NA,NA,NA,NA,NA,NA,NA,NA,NA,NA,NA,NA,NA,NA,NA,NA,0,0,1,0,1,1,0,90,121104962,1211049621
AUS_1211057221,1179,301,48,453,1804,1,4.85E+11,1500US484530018041,Block Group 1,G5030,S,734677,0,30.3381903,-97.7057278,12110572,AUS_12110572,30.34099081,-97.70211633,2,1,3,16,2,29,1,1,4,11,2,4,N,4,NA,NA,4,97,97,,,0,1,0,0,0,1,0,N,N,N,N,N,N,N,6/9/2011,2:29 PM,227,22,N,N,NA,NA,19,NA,,1,500,E,ANDERSON,LN,N,N,45,N,N,,N,19,NA,,1,,,GESSNER,DR,NA,NA,,,,NA,11,1,0,2,1,1,1,2:30 PM,DISPATCHED,2:33 PM,6/9/2011,Y,74,NA,114,143,8,5,3,2,64,14,1,2,1,32,21,227,22,30.34099081,-97.70211633,US,183,NA,318.436,US0183,500,151,6,8.192,514,0.23,,NA,NA,N/A,NA,NA,NA,NA,Y,Y,N,2,9,Y,THU,5,0,10,10,21,2,5,260,84,58,4,0,0,2,13,5,2,13,5,2,8,4,12,101230,2012,101230,2.1,0.5,2.6,1,110,2,2,11,NA,NA,NA,NA,NA,NA,NA,NA,NA,NA,NA,NA,NA,NA,NA,NA,NA,NA,NA,NA,NA,0,1,0,1,0,1,0,90,121105722,1211057221