Crash_UP_ID,FID,FID_Austin,STATEFP,COUNTYFP,TRACTCE,BLKGRPCE,GEOID1,GEOID,NAMELSAD,MTFCC,FUNCSTAT,ALAND,AWATER,INTPTLAT,INTPTLON,CrashID,CrashID1,Latitude,Longitude,Unit_Nbr,Prsn_Nbr,Prsn_Type_ID,Prsn_Occpnt_Pos_ID,Prsn_Injry_Sev_ID,Prsn_Age,Prsn_Ethnicity_ID,Prsn_Gndr_ID,Prsn_Ejct_ID,Prsn_Rest_ID,Prsn_Airbag_ID,Prsn_Helmet_ID,Prsn_Sol_Fl,Prsn_Alc_Spec_Type_ID,Prsn_Alc_Rslt_ID,Prsn_Bac_Test_Rslt,Prsn_Drg_Spec_Type_ID,Prsn_Drg_Rslt_ID,Drvr_Drg_Cat_1_ID,Prsn_Death_Date,Prsn_Death_Time,Incap_Injry_Cnt.x,Nonincap_Injry_Cnt.x,Poss_Injry_Cnt.x,Non_Injry_Cnt.x,Unkn_Injry_Cnt.x,Tot_Injry_Cnt.x,Death_Cnt.x,Crash_Fatal_Fl,Cmv_Involv_Fl,Schl_Bus_Fl,Rr_Relat_Fl,Medical_Advisory_Fl,Amend_Supp_Fl,Active_School_Zone_Fl,Crash_Date,Crash_Time,Rpt_CRIS_Cnty_ID,Rpt_City_ID,Rpt_Outside_City_Limit_Fl,Thousand_Damage_Fl,Rpt_Latitude,Rpt_Longitude,Rpt_Rdwy_Sys_ID,Rpt_Hwy_Num,Rpt_Hwy_Sfx,Rpt_Road_Part_ID,Rpt_Block_Num,Rpt_Street_Pfx,Rpt_Street_Name,Rpt_Street_Sfx,Private_Dr_Fl,Toll_Road_Fl,Crash_Speed_Limit,Road_Constr_Zone_Fl,Road_Constr_Zone_Wrkr_Fl,Rpt_Street_Desc,At_Intrsct_Fl,Rpt_Sec_Rdwy_Sys_ID,Rpt_Sec_Hwy_Num,Rpt_Sec_Hwy_Sfx,Rpt_Sec_Road_Part_ID,Rpt_Sec_Block_Num,Rpt_Sec_Street_Pfx,Rpt_Sec_Street_Name,Rpt_Sec_Street_Sfx,Rpt_Ref_Mark_Offset_Amt,Rpt_Ref_Mark_Dist_Uom,Rpt_Ref_Mark_Dir,Rpt_Ref_Mark_Nbr,Rpt_Sec_Street_Desc,Rpt_CrossingNumber,Wthr_Cond_ID,Light_Cond_ID,Entr_Road_ID,Road_Type_ID,Road_Algn_ID,Surf_Cond_ID,Traffic_Cntl_ID,Investigat_Notify_Time,Investigat_Notify_Meth,Investigat_Arrv_Time,Report_Date,Investigat_Comp_Fl,Investigat_Agency_ID,Investigat_Area_ID,Investigat_District_ID,Investigat_Region_ID,Bridge_Detail_ID,Harm_Evnt_ID,Intrsct_Relat_ID,FHE_Collsn_ID,Obj_Struck_ID,Othr_Factr_ID,Road_Part_Adj_ID,Road_Cls_ID,Road_Relat_ID,Phys_Featr_1_ID,Phys_Featr_2_ID,Cnty_ID,City_ID,Latitude.1,Longitude.1,Hwy_Sys,Hwy_Nbr,Hwy_Sfx,Dfo,Street_Name,Street_Nbr,Control,Section,Milepoint,Ref_Mark_Nbr,Ref_Mark_Displ,Hwy_Sys_2,Hwy_Nbr_2,Hwy_Sfx_2,Street_Name_2,Street_Nbr_2,Control_2,Section_2,Milepoint_2,Txdot_Rptable_Fl,Onsys_Fl,Rural_Fl,Crash_Sev_ID,Pop_Group_ID,Located_Fl,Day_of_Week,Hwy_Dsgn_Lane_ID,Hwy_Dsgn_Hrt_ID,Hp_Shldr_Left,Hp_Shldr_Right,Hp_Median_Width,Base_Type_ID,Nbr_Of_Lane,Row_Width_Usual,Roadbed_Width,Surf_Width,Surf_Type_ID,Curb_Type_Left_ID,Curb_Type_Right_ID,Shldr_Type_Left_ID,Shldr_Width_Left,Shldr_Use_Left_ID,Shldr_Type_Right_ID,Shldr_Width_Right,Shldr_Use_Right_ID,Median_Type_ID,Median_Width,Rural_Urban_Type_ID,Func_Sys_ID,Adt_Curnt_Amt,Adt_Curnt_Year,Adt_Adj_Curnt_Amt,Pct_Single_Trk_Adt,Pct_Combo_Trk_Adt,Trk_Aadt_Pct,Curve_Type_ID,Curve_Lngth,Cd_Degr,Delta_Left_Right_ID,Dd_Degr,Feature_Crossed,Structure_Number,I_R_Min_Vert_Clear,Approach_Width,Bridge_Median_ID,Bridge_Loading_Type_ID,Bridge_Loading_In_1000_Lbs,Bridge_Srvc_Type_On_ID,Bridge_Srvc_Type_Under_ID,Culvert_Type_ID,Roadway_Width,Deck_Width,Bridge_Dir_Of_Traffic_ID,Bridge_Rte_Struct_Func_ID,Bridge_IR_Struct_Func_ID,CrossingNumber,RRCo,Poscrossing_ID,WDCode_ID,Standstop,Yield,Incap_Injry_Cnt.y,Nonincap_Injry_Cnt.y,Poss_Injry_Cnt.y,Non_Injry_Cnt.y,Unkn_Injry_Cnt.y,Tot_Injry_Cnt.y,Death_Cnt.y,MPO_ID,Unit_ID,Unit_Prsn_ID
AUS_1211069811,172,49,48,453,1307,1,4.85E+11,1500US484530013071,Block Group 1,G5030,S,645703,0,30.230921,-97.7713327,12110698,AUS_12110698,30.22732,-97.77337,1,1,3,16,2,36,1,1,4,11,1,4,N,4,NA,NA,4,97,97,,,0,1,0,0,0,1,0,N,N,N,N,N,N,N,6/3/2011,12:44 PM,227,22,N,N,NA,NA,19,NA,,1,4000,,JAMES CASEY,ST,N,N,30,N,N,,Y,3,71,,2,600,W,BEN WHITE,BLVD,NA,NA,,,E/B SVC RD,NA,11,1,2,NA,2,1,8,12:44 PM,DISPATCH,12:48 PM,6/3/2011,Y,74,NA,NA,NA,8,5,2,1,64,54,1,5,1,21,21,227,22,30.22732,-97.77337,,NA,NA,NA,JAMES CASEY ST,4000,NA,NA,NA,NA,NA,,NA,NA,UNKNOWN,NA,NA,NA,NA,Y,N,N,2,9,Y,FRI,NA,NA,NA,NA,NA,NA,NA,NA,NA,NA,NA,NA,NA,NA,NA,NA,NA,NA,NA,NA,NA,NA,NA,NA,NA,NA,NA,NA,NA,NA,NA,NA,NA,NA,NA,NA,NA,NA,NA,NA,NA,NA,NA,NA,NA,NA,NA,NA,NA,NA,NA,NA,NA,NA,NA,0,1,0,1,0,1,0,90,121106981,1211069811
AUS_1211072221,199,519,48,453,2004,2,4.85E+11,1500US484530020042,Block Group 2,G5030,S,189194,0,30.232703,-97.7888007,12110722,AUS_12110722,30.23164366,-97.79168906,2,1,3,16,2,40,1,2,4,11,1,3,N,4,NA,NA,4,97,97,,,0,1,0,0,0,1,0,N,N,N,N,N,N,N,6/4/2011,7:35 PM,227,22,N,N,NA,NA,2,290,,2,NA,W,BEN WHITE EB SVRD,BLVD,N,N,35,N,N,,Y,19,NA,,1,,,PACKSADDLE PASS,RD,NA,NA,,,,NA,11,1,0,2,1,1,5,7:35 PM,DISPATCH,7:40 PM,6/4/2011,Y,74,22,105,112,8,5,1,1,64,54,2,2,1,21,21,227,22,30.23164366,-97.79168906,US,290,NA,114.492,US0290,NA,113,13,0.651,576,-0.54,SL,343,NA,SL0343,NA,NA,NA,NA,Y,Y,N,2,9,Y,SAT,5,0,10,10,30,9,8,380,136,96,5,0,2,2,20,5,2,20,5,2,10,4,12,151680,2012,151680,1.9,2.5,4.4,1,297,3,2,46,NA,NA,NA,NA,NA,NA,NA,NA,NA,NA,NA,NA,NA,NA,NA,NA,NA,NA,NA,NA,NA,0,1,0,0,1,1,0,90,121107222,1211072221
AUS_1211115021,813,126,48,453,1602,3,4.85E+11,1500US484530016023,Block Group 3,G5030,S,754166,188864,30.284577,-97.780106,12111150,AUS_12111150,30.28261243,-97.77639162,2,1,3,16,2,50,1,1,4,11,1,3,N,4,NA,NA,4,97,97,,,0,1,0,0,0,1,0,N,N,N,N,N,N,N,5/30/2011,1:51 PM,227,22,N,N,NA,NA,19,NA,,1,2600,,LAKE AUSTIN,BLVD,N,N,35,N,N,,N,19,NA,,1,,W,7TH,ST,NA,NA,,,,NA,12,1,0,NA,1,1,16,1:52 PM,DISPATCH,1:53 PM,5/30/2011,Y,74,NA,NA,107,8,5,3,2,64,13,1,5,1,32,21,227,22,30.28261243,-97.77639162,,NA,NA,NA,LAKE AUSTIN BLVD,2634,NA,NA,NA,NA,NA,,NA,NA,N/A,NA,NA,NA,NA,Y,N,N,2,9,Y,MON,NA,NA,NA,NA,NA,NA,NA,NA,NA,NA,NA,NA,NA,NA,NA,NA,NA,NA,NA,NA,NA,NA,NA,NA,NA,NA,NA,NA,NA,NA,NA,NA,NA,NA,NA,NA,NA,NA,NA,NA,NA,NA,NA,NA,NA,NA,NA,NA,NA,NA,NA,NA,NA,NA,NA,0,1,0,1,0,1,0,90,121111502,1211115021
AUS_1211120211,808,245,48,453,802,1,4.85E+11,1500US484530008021,Block Group 1,G5030,S,501114,0,30.2786949,-97.7058611,12111202,AUS_12111202,30.2820419,-97.70699833,1,1,3,16,1,13,3,1,4,11,1,4,N,4,NA,NA,4,97,97,,,1,0,0,0,0,1,0,N,N,N,N,N,N,N,6/1/2011,8:46 PM,227,22,N,N,NA,NA,19,NA,,1,1800,,SANCHEZ,ST,N,N,0,N,N,,N,19,NA,,1,,E,MARTIN LUTHER KING,BLVD,NA,NA,,,,NA,11,1,0,NA,1,1,8,8:46 PM,DISPATCH,6:48 AM,6/1/2011,Y,74,64,34,48,8,5,2,1,64,54,1,5,1,21,21,227,22,30.2820419,-97.70699833,,NA,NA,NA,SANCHEZ ST,1898,NA,NA,NA,NA,NA,,NA,NA,E MARTIN LUTHER KING JR BLVD,NA,NA,NA,NA,Y,N,N,1,9,Y,WED,NA,NA,NA,NA,NA,NA,NA,NA,NA,NA,NA,NA,NA,NA,NA,NA,NA,NA,NA,NA,NA,NA,NA,NA,NA,NA,NA,NA,NA,NA,NA,NA,NA,NA,NA,NA,NA,NA,NA,NA,NA,NA,NA,NA,NA,NA,NA,NA,NA,NA,NA,NA,NA,NA,NA,1,0,0,1,0,1,0,90,121112021,1211120211
AUS_1211122221,233,287,48,453,1308,1,4.85E+11,1500US484530013081,Block Group 1,G5030,S,314190,0,30.2349237,-97.7606408,12111222,AUS_12111222,30.23494255,-97.75681476,2,1,3,16,1,54,2,1,4,11,1,5,N,4,NA,NA,4,97,97,,,1,0,0,0,0,1,0,N,N,N,N,N,N,N,6/9/2011,10:38 AM,227,22,N,Y,NA,NA,19,NA,,1,2800,S,CONGRESS,AVE,N,N,40,N,N,,N,19,NA,,1,100,,CUMBERLAND,RD,NA,NA,,,CUMBERLAND,NA,12,1,0,NA,1,1,11,10:38 AM,DISPATCHED,10:47 AM,6/9/2011,Y,74,NA,NA,NA,8,5,3,1,64,14,1,5,1,32,21,227,22,30.23494255,-97.75681476,,NA,NA,NA,S CONGRESS AVE,2751,NA,NA,NA,NA,NA,,NA,NA,N/A,NA,NA,NA,NA,Y,N,N,1,9,Y,THU,NA,NA,NA,NA,NA,NA,NA,NA,NA,NA,NA,NA,NA,NA,NA,NA,NA,NA,NA,NA,NA,NA,NA,NA,NA,NA,NA,NA,NA,NA,NA,NA,NA,NA,NA,NA,NA,NA,NA,NA,NA,NA,NA,NA,NA,NA,NA,NA,NA,NA,NA,NA,NA,NA,NA,1,0,0,0,1,1,0,90,121112222,1211122221
AUS_1214165321,160,20,48,453,2003,1,4.85E+11,1500US484530020031,Block Group 1,G5030,S,1127518,0,30.2190477,-97.7782358,12141653,AUS_12141653,30.22497,-97.77044,2,1,3,16,1,NA,0,0,4,11,0,5,N,4,NA,NA,4,97,97,,,1,0,0,0,0,1,0,N,N,N,N,N,N,N,5/16/2011,10:16 AM,227,22,N,N,NA,NA,19,NA,,1,4100,S,FIRST,ST,N,N,45,N,N,,Y,19,NA,,1,500,,NORMANDY,RD,NA,NA,,,,NA,11,1,2,NA,1,1,8,10:17 AM,DISPATCH,10:20 AM,5/16/2011,Y,74,68,93,112,8,5,1,1,64,54,1,5,1,21,21,227,22,30.22497,-97.77044,,NA,NA,NA,S 1ST ST,4109,NA,NA,NA,NA,NA,,NA,NA,NORMANDY ST,NA,NA,NA,NA,Y,N,N,1,9,Y,MON,NA,NA,NA,NA,NA,NA,NA,NA,NA,NA,NA,NA,NA,NA,NA,NA,NA,NA,NA,NA,NA,NA,NA,NA,NA,NA,NA,NA,NA,NA,NA,NA,NA,NA,NA,NA,NA,NA,NA,NA,NA,NA,NA,NA,NA,NA,NA,NA,NA,NA,NA,NA,NA,NA,NA,1,0,0,1,0,1,0,90,121416532,1214165321
AUS_1214168621,407,450,48,453,1305,1,4.85E+11,1500US484530013051,Block Group 1,G5030,S,1106325,65346,30.2582419,-97.7524205,12141686,AUS_12141686,30.25715882,-97.74688865,2,1,3,16,1,21,1,2,4,11,2,4,N,4,NA,NA,4,97,97,,,1,0,0,0,0,1,0,N,N,N,N,N,N,N,4/23/2011,8:50 AM,227,22,N,N,NA,NA,19,NA,,1,NA,W,W RIVERSIDE,DR,N,N,35,N,N,,Y,19,NA,,1,,S,S 1ST,ST,NA,NA,,,,NA,11,1,4,NA,1,1,5,8:50 AM,DISPATCH,8:55 AM,4/23/2011,Y,74,NA,NA,NA,8,5,1,3,64,54,1,5,1,21,21,227,22,30.25715882,-97.74688865,,NA,NA,NA,E RIVERSIDE DR,100,NA,NA,NA,NA,NA,,NA,NA,UNKNOWN,NA,NA,NA,NA,Y,N,N,1,9,Y,SAT,NA,NA,NA,NA,NA,NA,NA,NA,NA,NA,NA,NA,NA,NA,NA,NA,NA,NA,NA,NA,NA,NA,NA,NA,NA,NA,NA,NA,NA,NA,NA,NA,NA,NA,NA,NA,NA,NA,NA,NA,NA,NA,NA,NA,NA,NA,NA,NA,NA,NA,NA,NA,NA,NA,NA,1,0,0,1,0,1,0,90,121416862,1214168621
AUS_1214171511,1096,161,48,453,2113,3,4.85E+11,1500US484530021133,Block Group 3,G5030,S,796054,0,30.320659,-97.6733475,12141715,AUS_12141715,30.31953,-97.66745,1,1,3,16,1,8,3,1,4,11,1,4,N,4,NA,NA,4,97,97,,,1,0,0,0,0,1,0,N,N,N,N,N,N,N,4/16/2011,8:31 PM,227,22,N,N,NA,NA,19,NA,,1,7400,,LANGSTON,DR,N,N,25,N,N,,N,2,290,,2,7500,,ED BLUESTEIN,BLVD,NA,NA,,,,NA,11,3,0,NA,5,1,1,8:31 PM,DISPATCH,8:34 PM,4/16/2011,Y,74,1,219,38,8,5,4,1,64,54,1,5,1,21,21,227,22,30.31953,-97.66745,,NA,NA,NA,LANGSTON DR,7400,NA,NA,NA,NA,NA,,NA,NA,N/A,NA,NA,NA,NA,Y,N,N,1,9,Y,SAT,NA,NA,NA,NA,NA,NA,NA,NA,NA,NA,NA,NA,NA,NA,NA,NA,NA,NA,NA,NA,NA,NA,NA,NA,NA,NA,NA,NA,NA,NA,NA,NA,NA,NA,NA,NA,NA,NA,NA,NA,NA,NA,NA,NA,NA,NA,NA,NA,NA,NA,NA,NA,NA,NA,NA,1,0,0,1,0,1,0,90,121417151,1214171511
AUS_1214172621,350,422,48,453,2304,1,4.85E+11,1500US484530023041,Block Group 1,G5030,S,555376,164508,30.2446031,-97.7196599,12141726,AUS_12141726,30.24973,-97.7136,2,1,3,16,5,22,1,2,4,11,1,4,N,4,NA,NA,4,97,97,,,0,0,0,1,0,0,0,N,N,N,N,N,N,N,4/9/2011,2:15 PM,227,22,N,N,NA,NA,19,NA,,1,100,S,PLEASANT VALLEY,RD,N,N,45,N,N,,N,19,NA,,1,2800,E,CESAR CHAVEZ,ST,NA,NA,,,,NA,11,1,0,NA,3,1,20,2:21 PM,SELF-INITIATED,2:21 PM,4/9/2011,Y,74,187,98,129,8,5,4,1,64,54,1,5,1,21,21,227,22,30.24973,-97.7136,,NA,NA,NA,S PLEASANT VALLEY RD,100,NA,NA,NA,NA,NA,,NA,NA,N/A,NA,NA,NA,NA,N,N,N,5,9,Y,SAT,NA,NA,NA,NA,NA,NA,NA,NA,NA,NA,NA,NA,NA,NA,NA,NA,NA,NA,NA,NA,NA,NA,NA,NA,NA,NA,NA,NA,NA,NA,NA,NA,NA,NA,NA,NA,NA,NA,NA,NA,NA,NA,NA,NA,NA,NA,NA,NA,NA,NA,NA,NA,NA,NA,NA,0,0,0,4,0,0,0,90,121417262,1214172621
AUS_1214181711,857,365,48,453,603,4,4.85E+11,1500US484530006034,Block Group 4,G5030,S,91890,0,30.2891904,-97.7429845,12141817,AUS_12141817,30.28787,-97.74363,1,1,3,16,2,33,1,1,4,11,1,2,N,4,NA,NA,4,97,97,,,0,1,0,0,0,1,0,N,N,N,N,N,N,N,4/14/2011,9:30 AM,227,22,N,Y,30.28669,-97.7435,19,NA,,1,2400,,NUECES,ST,N,N,30,N,N,"1 WAY, 2 LANE",Y,19,NA,,1,500,W,24TH,ST,NA,NA,,,"2WAY, 4LANE, UNDIVIDED",NA,11,1,4,NA,1,1,5,9:30 AM,DISPATCH,9:47 AM,4/14/2011,Y,74,129,10,14,8,5,1,1,64,54,1,5,1,21,21,227,22,30.28787,-97.74363,,NA,NA,NA,NUECES ST,2399,NA,NA,NA,NA,NA,,NA,NA,W 24TH ST,NA,NA,NA,NA,Y,N,N,2,9,Y,THU,NA,NA,NA,NA,NA,NA,NA,NA,NA,NA,NA,NA,NA,NA,NA,NA,NA,NA,NA,NA,NA,NA,NA,NA,NA,NA,NA,NA,NA,NA,NA,NA,NA,NA,NA,NA,NA,NA,NA,NA,NA,NA,NA,NA,NA,NA,NA,NA,NA,NA,NA,NA,NA,NA,NA,0,1,0,1,0,1,0,90,121418171,1214181711
AUS_1214372911,1207,295,48,453,1504,3,4.85E+11,1500US484530015043,Block Group 3,G5030,S,701570,0,30.3510587,-97.7281059,12143729,AUS_12143729,30.35576416,-97.73107037,1,1,3,16,2,26,1,1,4,11,1,2,N,4,NA,NA,4,97,97,,,0,1,0,0,0,1,0,N,N,N,N,N,N,N,3/9/2011,8:07 PM,227,22,N,Y,NA,NA,19,NA,,1,7800,,BURNETT,RD,N,N,40,N,N,,N,19,NA,,1,2900,W,ANDERSON,LN,NA,NA,,,,NA,11,4,0,NA,1,1,1,8:07 PM,DISPATCHED,8:15 PM,3/9/2011,Y,74,NA,46,64,8,5,3,1,64,14,1,5,1,32,21,227,22,30.35576416,-97.73107037,,NA,NA,NA,BURNET RD,7848,NA,NA,NA,NA,NA,,NA,NA,N/A,NA,NA,NA,NA,Y,N,N,2,9,Y,WED,NA,NA,NA,NA,NA,NA,NA,NA,NA,NA,NA,NA,NA,NA,NA,NA,NA,NA,NA,NA,NA,NA,NA,NA,NA,NA,NA,NA,NA,NA,NA,NA,NA,NA,NA,NA,NA,NA,NA,NA,NA,NA,NA,NA,NA,NA,NA,NA,NA,NA,NA,NA,NA,NA,NA,0,1,0,1,0,1,0,90,121437291,1214372911
AUS_1214377721,186,374,48,453,1308,2,4.85E+11,1500US484530013082,Block Group 2,G5030,S,175368,0,30.2313836,-97.7620296,12143777,AUS_12143777,30.22968199,-97.76023943,2,1,3,16,3,30,1,1,4,11,1,2,N,4,NA,NA,4,97,97,,,0,0,1,0,0,1,0,N,N,N,N,N,N,N,3/5/2011,12:06 PM,227,22,N,N,NA,NA,19,NA,,1,NA,S,S CONGRESS,AVE,N,N,40,N,N,,Y,19,NA,,1,,,WOODWARD,ST,NA,NA,,,,NA,11,1,2,NA,1,1,16,12:13 PM,DISPATCH,12:17 PM,3/5/2011,Y,74,NA,NA,NA,8,5,2,2,64,54,1,5,1,21,21,227,22,30.22968199,-97.76023943,,NA,NA,NA,S CONGRESS AVE,3395,NA,NA,NA,NA,NA,,NA,NA,UNKNOWN,NA,NA,NA,NA,Y,N,N,3,9,Y,SAT,NA,NA,NA,NA,NA,NA,NA,NA,NA,NA,NA,NA,NA,NA,NA,NA,NA,NA,NA,NA,NA,NA,NA,NA,NA,NA,NA,NA,NA,NA,NA,NA,NA,NA,NA,NA,NA,NA,NA,NA,NA,NA,NA,NA,NA,NA,NA,NA,NA,NA,NA,NA,NA,NA,NA,0,0,1,1,0,1,0,90,121437772,1214377721
AUS_1214379211,161,419,48,453,2313,2,4.85E+11,1500US484530023132,Block Group 2,G5030,S,630946,0,30.2253214,-97.7324898,12143792,AUS_12143792,30.2255602,-97.72905303,1,1,3,16,2,12,2,1,4,11,1,4,N,4,NA,NA,4,97,97,,,0,1,0,0,0,1,0,N,N,N,N,N,N,N,2/20/2011,3:35 PM,227,22,N,N,NA,NA,19,NA,,1,2800,,COLLINS CREEK,DR,N,N,30,N,N,,N,19,NA,,1,2700,S,PLEASANT VALLEY,RD,NA,NA,,,,NA,12,1,0,NA,3,1,1,3:36 PM,DISPATCHED,3:40 PM,2/20/2011,Y,74,200,98,129,8,5,4,1,64,54,1,5,1,21,21,227,22,30.2255602,-97.72905303,,NA,NA,NA,COLLINS CREEK DR,2610,NA,NA,NA,NA,NA,,NA,NA,N/A,NA,NA,NA,NA,Y,N,N,2,9,Y,SUN,NA,NA,NA,NA,NA,NA,NA,NA,NA,NA,NA,NA,NA,NA,NA,NA,NA,NA,NA,NA,NA,NA,NA,NA,NA,NA,NA,NA,NA,NA,NA,NA,NA,NA,NA,NA,NA,NA,NA,NA,NA,NA,NA,NA,NA,NA,NA,NA,NA,NA,NA,NA,NA,NA,NA,0,1,0,4,0,1,0,90,121437921,1214379211
AUS_1214966521,1281,147,48,453,1849,1,4.85E+11,1500US484530018491,Block Group 1,G5030,S,5102991,0,30.3912707,-97.7232055,12149665,AUS_12149665,30.37458365,-97.72608007,2,1,3,16,2,56,1,1,4,11,1,5,N,4,NA,NA,4,97,97,,,0,1,0,0,0,1,0,N,N,N,N,N,N,N,6/16/2011,11:55 PM,227,22,N,N,NA,NA,19,NA,,1,8000,,BURNET,RD,N,N,0,N,N,,N,2,183,,2,8000,N,US 183,HWY,NA,NA,,,,NA,11,4,0,3,1,1,1,12:39 AM,DISPATCHED,12:47 AM,6/17/2011,Y,74,NA,NA,66,8,5,3,3,64,14,1,3,1,32,21,227,22,30.37458365,-97.72608007,FM,1325,NA,8.052,FM1325,NA,1376,2,6.357,434,0.151,,NA,NA,N/A,NA,NA,NA,NA,Y,Y,N,2,9,Y,THU,2,0,0,0,0,2,5,120,74,74,4,1,1,1,0,0,1,0,0,0,0,4,16,35000,2012,35000,0.8,0.3,1.1,NA,NA,NA,NA,NA,NA,NA,NA,NA,NA,NA,NA,NA,NA,NA,NA,NA,NA,NA,NA,NA,NA,NA,NA,NA,NA,0,1,0,1,0,1,0,90,121496652,1214966521
AUS_1214976221,63,282,48,453,2402,2,4.85E+11,1500US484530024022,Block Group 2,G5030,S,791124,0,30.202511,-97.779861,12149762,AUS_12149762,30.19706,-97.77716,2,1,3,16,3,21,2,1,4,11,2,4,N,4,NA,NA,4,97,97,,,0,0,1,0,0,1,0,N,N,N,N,N,N,N,6/13/2011,6:40 PM,227,22,N,N,NA,NA,19,NA,,1,6400,S,CONGRESS,AVE,N,N,45,N,N,,Y,19,NA,,1,100,,EBERHART,LN,NA,NA,,,,NA,11,1,0,NA,1,1,5,7:43 PM,DISPATCH,7:43 PM,6/13/2011,Y,74,NA,169,130,8,5,2,1,64,54,1,5,1,21,21,227,22,30.19706,-97.77716,,NA,NA,NA,S CONGRESS AVE,6401,NA,NA,NA,NA,NA,,NA,NA,EBERHART LN,NA,NA,NA,NA,Y,N,N,3,9,Y,MON,NA,NA,NA,NA,NA,NA,NA,NA,NA,NA,NA,NA,NA,NA,NA,NA,NA,NA,NA,NA,NA,NA,NA,NA,NA,NA,NA,NA,NA,NA,NA,NA,NA,NA,NA,NA,NA,NA,NA,NA,NA,NA,NA,NA,NA,NA,NA,NA,NA,NA,NA,NA,NA,NA,NA,0,0,1,2,0,1,0,90,121497622,1214976221
AUS_1214976521,189,173,48,453,1737,1,4.85E+11,1500US484530017371,Block Group 1,G5030,S,851115,0,30.2306445,-97.8711886,12149765,AUS_12149765,30.22998,-97.86467,2,1,3,16,2,13,1,1,4,11,1,5,N,4,NA,NA,4,97,97,,,0,1,0,0,0,1,0,N,N,N,N,N,N,N,6/6/2011,12:20 PM,227,22,N,N,NA,NA,19,NA,,1,6200,W,WILLIAM CANNON,DR,N,N,0,N,N,,Y,19,NA,,1,6900,,ESCARPMENT,BLVD,NA,NA,,,,NA,12,1,2,NA,1,1,5,12:21 PM,DISPATCHED,12:34 PM,6/6/2011,Y,74,NA,NA,NA,8,5,2,1,64,54,1,5,1,21,21,227,22,30.22998,-97.86467,,NA,NA,NA,W WILLIAM CANNON DR,NA,NA,NA,NA,NA,NA,,NA,NA,ESCARPMENT BLVD,NA,NA,NA,NA,Y,N,N,2,9,Y,MON,NA,NA,NA,NA,NA,NA,NA,NA,NA,NA,NA,NA,NA,NA,NA,NA,NA,NA,NA,NA,NA,NA,NA,NA,NA,NA,NA,NA,NA,NA,NA,NA,NA,NA,NA,NA,NA,NA,NA,NA,NA,NA,NA,NA,NA,NA,NA,NA,NA,NA,NA,NA,NA,NA,NA,0,1,0,0,1,1,0,90,121497652,1214976521
AUS_1214993821,295,422,48,453,2304,1,4.85E+11,1500US484530023041,Block Group 1,G5030,S,555376,164508,30.2446031,-97.7196599,12149938,AUS_12149938,30.24330292,-97.71940703,2,1,3,16,5,38,2,1,4,11,2,4,N,4,NA,NA,4,97,97,,,0,0,0,1,0,0,0,N,N,N,N,N,N,N,6/17/2011,5:45 PM,227,22,N,N,NA,NA,19,NA,,1,2400,S,LAKESHORE,BLVD,N,N,0,N,N,,N,19,NA,,1,1100,S,PLEASANT VALLEY,RD,NA,NA,,,,NA,11,1,0,NA,1,1,1,5:45 PM,DISPATCH,5:46 PM,6/17/2011,Y,74,20,98,129,8,5,3,3,64,14,1,5,1,32,21,227,22,30.24330292,-97.71940703,,NA,NA,NA,S LAKESHORE BLVD,2457,NA,NA,NA,NA,NA,,NA,NA,N/A,NA,NA,NA,NA,N,N,N,5,9,Y,FRI,NA,NA,NA,NA,NA,NA,NA,NA,NA,NA,NA,NA,NA,NA,NA,NA,NA,NA,NA,NA,NA,NA,NA,NA,NA,NA,NA,NA,NA,NA,NA,NA,NA,NA,NA,NA,NA,NA,NA,NA,NA,NA,NA,NA,NA,NA,NA,NA,NA,NA,NA,NA,NA,NA,NA,0,0,0,2,0,0,0,90,121499382,1214993821
AUS_1214997621,463,344,48,453,902,4,4.85E+11,1500US484530009024,Block Group 4,G5030,S,809825,0,30.2619393,-97.7293714,12149976,AUS_12149976,30.26119,-97.7274,2,1,3,16,3,28,1,1,4,11,1,5,N,4,NA,NA,4,97,97,,,0,0,1,0,0,1,0,N,N,N,N,N,N,N,6/24/2011,3:10 PM,227,22,N,N,NA,NA,19,NA,,1,1600,E,4TH ST,ST,N,N,0,N,N,,Y,19,NA,,1,400,,COMAL,ST,NA,NA,,,,NA,11,1,4,NA,1,1,8,3:11 PM,DISPATCH,3:11 PM,6/24/2011,Y,74,17,8,234,8,5,1,3,64,54,1,5,1,21,21,227,22,30.26119,-97.7274,,NA,NA,NA,E 4TH ST,1598,NA,NA,NA,NA,NA,,NA,NA,COMAL ST,NA,NA,NA,NA,Y,N,N,3,9,Y,FRI,NA,NA,NA,NA,NA,NA,NA,NA,NA,NA,NA,NA,NA,NA,NA,NA,NA,NA,NA,NA,NA,NA,NA,NA,NA,NA,NA,NA,NA,NA,NA,NA,NA,NA,NA,NA,NA,NA,NA,NA,NA,NA,NA,NA,NA,NA,NA,NA,NA,NA,NA,NA,NA,NA,NA,0,0,1,1,0,1,0,90,121499762,1214997621