Crash_UP_ID,FID,FID_Austin,STATEFP,COUNTYFP,TRACTCE,BLKGRPCE,GEOID1,GEOID,NAMELSAD,MTFCC,FUNCSTAT,ALAND,AWATER,INTPTLAT,INTPTLON,CrashID,CrashID1,Latitude,Longitude,Unit_Nbr,Prsn_Nbr,Prsn_Type_ID,Prsn_Occpnt_Pos_ID,Prsn_Injry_Sev_ID,Prsn_Age,Prsn_Ethnicity_ID,Prsn_Gndr_ID,Prsn_Ejct_ID,Prsn_Rest_ID,Prsn_Airbag_ID,Prsn_Helmet_ID,Prsn_Sol_Fl,Prsn_Alc_Spec_Type_ID,Prsn_Alc_Rslt_ID,Prsn_Bac_Test_Rslt,Prsn_Drg_Spec_Type_ID,Prsn_Drg_Rslt_ID,Drvr_Drg_Cat_1_ID,Prsn_Death_Date,Prsn_Death_Time,Incap_Injry_Cnt.x,Nonincap_Injry_Cnt.x,Poss_Injry_Cnt.x,Non_Injry_Cnt.x,Unkn_Injry_Cnt.x,Tot_Injry_Cnt.x,Death_Cnt.x,Crash_Fatal_Fl,Cmv_Involv_Fl,Schl_Bus_Fl,Rr_Relat_Fl,Medical_Advisory_Fl,Amend_Supp_Fl,Active_School_Zone_Fl,Crash_Date,Crash_Time,Rpt_CRIS_Cnty_ID,Rpt_City_ID,Rpt_Outside_City_Limit_Fl,Thousand_Damage_Fl,Rpt_Latitude,Rpt_Longitude,Rpt_Rdwy_Sys_ID,Rpt_Hwy_Num,Rpt_Hwy_Sfx,Rpt_Road_Part_ID,Rpt_Block_Num,Rpt_Street_Pfx,Rpt_Street_Name,Rpt_Street_Sfx,Private_Dr_Fl,Toll_Road_Fl,Crash_Speed_Limit,Road_Constr_Zone_Fl,Road_Constr_Zone_Wrkr_Fl,Rpt_Street_Desc,At_Intrsct_Fl,Rpt_Sec_Rdwy_Sys_ID,Rpt_Sec_Hwy_Num,Rpt_Sec_Hwy_Sfx,Rpt_Sec_Road_Part_ID,Rpt_Sec_Block_Num,Rpt_Sec_Street_Pfx,Rpt_Sec_Street_Name,Rpt_Sec_Street_Sfx,Rpt_Ref_Mark_Offset_Amt,Rpt_Ref_Mark_Dist_Uom,Rpt_Ref_Mark_Dir,Rpt_Ref_Mark_Nbr,Rpt_Sec_Street_Desc,Rpt_CrossingNumber,Wthr_Cond_ID,Light_Cond_ID,Entr_Road_ID,Road_Type_ID,Road_Algn_ID,Surf_Cond_ID,Traffic_Cntl_ID,Investigat_Notify_Time,Investigat_Notify_Meth,Investigat_Arrv_Time,Report_Date,Investigat_Comp_Fl,Investigat_Agency_ID,Investigat_Area_ID,Investigat_District_ID,Investigat_Region_ID,Bridge_Detail_ID,Harm_Evnt_ID,Intrsct_Relat_ID,FHE_Collsn_ID,Obj_Struck_ID,Othr_Factr_ID,Road_Part_Adj_ID,Road_Cls_ID,Road_Relat_ID,Phys_Featr_1_ID,Phys_Featr_2_ID,Cnty_ID,City_ID,Latitude.1,Longitude.1,Hwy_Sys,Hwy_Nbr,Hwy_Sfx,Dfo,Street_Name,Street_Nbr,Control,Section,Milepoint,Ref_Mark_Nbr,Ref_Mark_Displ,Hwy_Sys_2,Hwy_Nbr_2,Hwy_Sfx_2,Street_Name_2,Street_Nbr_2,Control_2,Section_2,Milepoint_2,Txdot_Rptable_Fl,Onsys_Fl,Rural_Fl,Crash_Sev_ID,Pop_Group_ID,Located_Fl,Day_of_Week,Hwy_Dsgn_Lane_ID,Hwy_Dsgn_Hrt_ID,Hp_Shldr_Left,Hp_Shldr_Right,Hp_Median_Width,Base_Type_ID,Nbr_Of_Lane,Row_Width_Usual,Roadbed_Width,Surf_Width,Surf_Type_ID,Curb_Type_Left_ID,Curb_Type_Right_ID,Shldr_Type_Left_ID,Shldr_Width_Left,Shldr_Use_Left_ID,Shldr_Type_Right_ID,Shldr_Width_Right,Shldr_Use_Right_ID,Median_Type_ID,Median_Width,Rural_Urban_Type_ID,Func_Sys_ID,Adt_Curnt_Amt,Adt_Curnt_Year,Adt_Adj_Curnt_Amt,Pct_Single_Trk_Adt,Pct_Combo_Trk_Adt,Trk_Aadt_Pct,Curve_Type_ID,Curve_Lngth,Cd_Degr,Delta_Left_Right_ID,Dd_Degr,Feature_Crossed,Structure_Number,I_R_Min_Vert_Clear,Approach_Width,Bridge_Median_ID,Bridge_Loading_Type_ID,Bridge_Loading_In_1000_Lbs,Bridge_Srvc_Type_On_ID,Bridge_Srvc_Type_Under_ID,Culvert_Type_ID,Roadway_Width,Deck_Width,Bridge_Dir_Of_Traffic_ID,Bridge_Rte_Struct_Func_ID,Bridge_IR_Struct_Func_ID,CrossingNumber,RRCo,Poscrossing_ID,WDCode_ID,Standstop,Yield,Incap_Injry_Cnt.y,Nonincap_Injry_Cnt.y,Poss_Injry_Cnt.y,Non_Injry_Cnt.y,Unkn_Injry_Cnt.y,Tot_Injry_Cnt.y,Death_Cnt.y,MPO_ID,Unit_ID,Unit_Prsn_ID
AUS_1215002611,1104,334,48,453,205,2,4.85E+11,1500US484530002052,Block Group 2,G5030,S,651799,0,30.3250641,-97.7308921,12150026,AUS_12150026,30.3211,-97.72939,1,1,3,16,5,65,4,1,4,11,1,4,N,4,NA,NA,4,97,97,,,0,0,0,1,0,0,0,N,N,N,N,N,N,N,6/26/2011,2:25 PM,227,22,N,Y,30.32075,-97.72995,19,NA,,1,5300,N,LAMAR,BLVD,N,N,40,N,N,"4 LANE, 2 WAY ,UNDIVIDED",Y,19,NA,,1,800,W,NORTH LOOP,BLVD,NA,NA,,,2 LANE LOCAL,NA,11,1,4,NA,1,1,5,2:25 PM,DISPATCH,2:38 PM,6/26/2011,Y,74,216,10,14,8,5,1,1,64,54,1,5,1,21,21,227,22,30.3211,-97.72939,,NA,NA,NA,N LAMAR BLVD,5299,NA,NA,NA,NA,NA,,NA,NA,W NORTH LOOP BLVD,NA,NA,NA,NA,Y,N,N,2,9,Y,SUN,NA,NA,NA,NA,NA,NA,NA,NA,NA,NA,NA,NA,NA,NA,NA,NA,NA,NA,NA,NA,NA,NA,NA,NA,NA,NA,NA,NA,NA,NA,NA,NA,NA,NA,NA,NA,NA,NA,NA,NA,NA,NA,NA,NA,NA,NA,NA,NA,NA,NA,NA,NA,NA,NA,NA,0,1,0,1,0,1,0,90,121500261,1215002611
AUS_1215003021,1010,380,48,453,304,1,4.85E+11,1500US484530003041,Block Group 1,G5030,S,592215,0,30.3082262,-97.7144996,12150030,AUS_12150030,30.30469,-97.71559,2,1,3,16,3,24,1,1,4,11,1,4,N,4,NA,NA,4,97,97,,,0,0,1,0,0,1,0,N,N,N,N,N,N,N,6/25/2011,3:58 PM,227,22,N,Y,NA,NA,19,NA,,1,1000,E,46TH,ST,N,N,30,N,N,,Y,19,NA,,1,4600,,HARMON,AVE,NA,NA,,,,NA,11,1,2,NA,1,1,8,4:00 PM,DISPATCHED,4:10 PM,6/25/2011,Y,74,11,10,14,8,5,1,1,64,54,1,5,1,21,21,227,22,30.30469,-97.71559,,NA,NA,NA,E 46TH ST,1000,NA,NA,NA,NA,NA,,NA,NA,HARMON AVE,NA,NA,NA,NA,Y,N,N,3,9,Y,SAT,NA,NA,NA,NA,NA,NA,NA,NA,NA,NA,NA,NA,NA,NA,NA,NA,NA,NA,NA,NA,NA,NA,NA,NA,NA,NA,NA,NA,NA,NA,NA,NA,NA,NA,NA,NA,NA,NA,NA,NA,NA,NA,NA,NA,NA,NA,NA,NA,NA,NA,NA,NA,NA,NA,NA,0,0,1,0,1,1,0,90,121500302,1215003021
AUS_1215008421,502,342,48,453,902,1,4.85E+11,1500US484530009021,Block Group 1,G5030,S,694941,0,30.2609284,-97.7067363,12150084,AUS_12150084,30.26322,-97.71337,2,1,3,16,5,38,2,1,4,11,1,4,N,4,NA,NA,4,97,97,,,0,0,0,1,0,0,0,N,N,N,N,N,N,N,6/22/2011,4:26 PM,227,22,N,N,NA,NA,19,NA,,1,2600,,WEBBERVILLE,RD,N,N,30,N,N,,Y,19,NA,,1,700,,NORTHWESTERN,AVE,NA,NA,,,,NA,11,1,4,NA,1,1,8,4:26 PM,DISPATCHED,4:27 PM,6/22/2011,Y,74,64,34,48,8,5,1,1,64,54,1,5,1,21,21,227,22,30.26322,-97.71337,,NA,NA,NA,WEBBERVILLE RD,2507,NA,NA,NA,NA,NA,,NA,NA,NORTHWESTERN AVE,NA,NA,NA,NA,N,N,N,5,9,Y,WED,NA,NA,NA,NA,NA,NA,NA,NA,NA,NA,NA,NA,NA,NA,NA,NA,NA,NA,NA,NA,NA,NA,NA,NA,NA,NA,NA,NA,NA,NA,NA,NA,NA,NA,NA,NA,NA,NA,NA,NA,NA,NA,NA,NA,NA,NA,NA,NA,NA,NA,NA,NA,NA,NA,NA,0,0,0,2,0,0,0,90,121500842,1215008421
AUS_1215008621,915,444,48,453,601,2,4.85E+11,1500US484530006012,Block Group 2,G5030,S,916303,0,30.2860516,-97.7376998,12150086,AUS_12150086,30.29316,-97.73602,2,1,3,16,5,26,1,2,4,11,1,2,N,4,NA,NA,4,97,97,,,0,0,0,1,0,0,0,N,N,N,N,N,N,N,6/19/2011,1:23 AM,227,22,N,N,NA,NA,19,NA,,1,3000,,SPEEDWAY,,N,N,35,N,N,,Y,19,NA,,1,100,W,30TH,ST,NA,NA,,,,NA,11,3,5,NA,2,1,8,1:23 AM,DISPATCH,1:30 AM,6/19/2011,Y,74,252,579,14,8,5,1,1,64,54,1,5,1,21,21,227,22,30.29316,-97.73602,,NA,NA,NA,SPEEDWAY,3001,NA,NA,NA,NA,NA,,NA,NA,E 30TH ST,NA,NA,NA,NA,Y,N,N,2,9,Y,SUN,NA,NA,NA,NA,NA,NA,NA,NA,NA,NA,NA,NA,NA,NA,NA,NA,NA,NA,NA,NA,NA,NA,NA,NA,NA,NA,NA,NA,NA,NA,NA,NA,NA,NA,NA,NA,NA,NA,NA,NA,NA,NA,NA,NA,NA,NA,NA,NA,NA,NA,NA,NA,NA,NA,NA,0,1,0,2,0,1,0,90,121500862,1215008621
AUS_1215015421,679,433,48,453,1100,1,4.85E+11,1500US484530011001,Block Group 1,G5030,S,2044061,66635,30.2687002,-97.7433003,12150154,AUS_12150154,30.27115,-97.73546,2,1,3,16,5,29,1,1,4,11,2,2,N,4,NA,NA,4,97,97,,,0,0,0,1,0,0,0,N,N,N,N,N,N,N,6/28/2011,9:30 PM,227,22,N,N,NA,NA,19,NA,,1,600,E,11TH,ST,N,N,30,N,N,3 LANES ONE WAY EB,Y,19,NA,,1,1100,,RED RIVER,ST,NA,NA,,,TWO WAY LR N/S,NA,11,4,0,NA,2,1,6,9:30 PM,DISPATCH,9:35 PM,6/28/2011,Y,74,8,131,411,8,5,1,1,64,54,1,5,1,21,21,227,22,30.27115,-97.73546,,NA,NA,NA,E 11TH ST,598,NA,NA,NA,NA,NA,,NA,NA,RED RIVER ST,NA,NA,NA,NA,N,N,N,5,9,Y,TUE,NA,NA,NA,NA,NA,NA,NA,NA,NA,NA,NA,NA,NA,NA,NA,NA,NA,NA,NA,NA,NA,NA,NA,NA,NA,NA,NA,NA,NA,NA,NA,NA,NA,NA,NA,NA,NA,NA,NA,NA,NA,NA,NA,NA,NA,NA,NA,NA,NA,NA,NA,NA,NA,NA,NA,0,0,0,5,0,0,0,90,121501542,1215015421
AUS_1215028721,42,78,48,453,1770,1,4.85E+11,1500US484530017701,Block Group 1,G5030,S,7266689,0,30.1959673,-97.90379,12150287,AUS_12150287,30.18692406,-97.91326081,2,1,3,16,2,32,1,1,4,11,1,2,N,4,NA,NA,4,97,97,,,0,1,0,0,0,1,0,N,N,N,N,N,N,N,6/21/2011,6:06 PM,227,22,N,Y,NA,NA,3,45,,1,7400,,SH 45,,N,N,65,N,N,,Y,17,NA,,7,7401,,SH 45,,NA,NA,,,CIRCLE C GOLF COURSE,NA,11,1,2,2,1,1,9,6:12 PM,DISPATCH,6:25 PM,6/21/2011,Y,74,NA,NA,195,8,5,1,1,64,13,1,2,1,32,21,227,22,30.18692406,-97.91326081,SH,45,NA,1.799,SH0045,NA,1200,6,6.797,526,-0.539,RM,620,NA,RM0620,NA,NA,NA,NA,Y,Y,N,2,9,Y,TUE,4,0,6,10,52,2,4,480,80,48,4,1,0,2,12,5,2,20,5,1,40,4,12,13500,2012,13500,3.7,8.6,12.3,NA,NA,NA,NA,NA,NA,NA,NA,NA,NA,NA,NA,NA,NA,NA,NA,NA,NA,NA,NA,NA,NA,NA,NA,NA,NA,0,1,0,1,0,1,0,90,121502872,1215028721
AUS_1215035421,453,68,48,453,1303,2,4.85E+11,1500US484530013032,Block Group 2,G5030,S,635029,0,30.2562161,-97.7625867,12150354,AUS_12150354,30.2607,-97.75786,2,1,3,16,3,15,1,1,4,11,1,2,N,4,NA,NA,4,97,97,,,0,0,1,0,0,1,0,N,N,N,N,N,N,N,6/21/2011,4:21 PM,227,22,N,Y,NA,NA,19,NA,,1,1200,,BARTON SPRINGS,RD,N,N,35,N,N,,Y,19,NA,,1,400,,LEE BARTON,DR,NA,NA,,,,NA,11,1,2,NA,1,1,20,4:22 PM,DISPATCHED,4:23 PM,6/21/2011,Y,74,NA,105,112,8,5,1,1,64,54,1,5,1,21,21,227,22,30.2607,-97.75786,,NA,NA,NA,BARTON SPRINGS RD,NA,NA,NA,NA,NA,NA,,NA,NA,LEE BARTON DR,NA,NA,NA,NA,Y,N,N,3,9,Y,TUE,NA,NA,NA,NA,NA,NA,NA,NA,NA,NA,NA,NA,NA,NA,NA,NA,NA,NA,NA,NA,NA,NA,NA,NA,NA,NA,NA,NA,NA,NA,NA,NA,NA,NA,NA,NA,NA,NA,NA,NA,NA,NA,NA,NA,NA,NA,NA,NA,NA,NA,NA,NA,NA,NA,NA,0,0,2,0,0,2,0,90,121503542,1215035421
AUS_1215061821,234,22,48,453,2304,3,4.85E+11,1500US484530023043,Block Group 3,G5030,S,299987,0,30.2377879,-97.7232196,12150618,AUS_12150618,30.23501537,-97.7219739,2,1,3,16,2,36,1,2,4,11,1,3,N,4,NA,NA,4,97,97,,,0,1,0,0,0,1,0,N,N,N,N,N,N,N,6/4/2011,12:15 PM,227,22,N,N,NA,NA,19,NA,,1,1800,S,PLEASANT VALLEY,RD,N,N,35,N,N,,N,19,NA,,1,4400,E,RIVERSIDE,DR,NA,NA,,,,NA,11,1,0,NA,1,1,20,12:15 PM,DISPATCHED,12:19 PM,6/4/2011,N,74,17,757,129,8,5,3,3,64,14,1,5,1,32,21,227,22,30.23501537,-97.7219739,,NA,NA,NA,S PLEASANT VALLEY RD,NA,NA,NA,NA,NA,NA,,NA,NA,N/A,NA,NA,NA,NA,Y,N,N,2,9,Y,SAT,NA,NA,NA,NA,NA,NA,NA,NA,NA,NA,NA,NA,NA,NA,NA,NA,NA,NA,NA,NA,NA,NA,NA,NA,NA,NA,NA,NA,NA,NA,NA,NA,NA,NA,NA,NA,NA,NA,NA,NA,NA,NA,NA,NA,NA,NA,NA,NA,NA,NA,NA,NA,NA,NA,NA,0,1,0,1,0,1,0,90,121506182,1215061821
AUS_1215065821,362,369,48,453,1305,3,4.85E+11,1500US484530013053,Block Group 3,G5030,S,655707,0,30.2452677,-97.7539204,12150658,AUS_12150658,30.25119824,-97.74910066,2,1,3,16,2,24,2,1,4,11,1,4,Y,4,NA,NA,4,97,97,,,0,1,0,0,0,1,0,N,N,N,N,N,N,N,6/11/2011,9:00 AM,227,22,N,N,NA,NA,19,NA,,1,1303,S,CONGRESS,AVE,N,N,30,Y,N,,N,19,NA,,1,600,,THE CIRCLE,,NA,NA,,,,NA,11,1,0,NA,2,1,1,9:00 AM,DISPATCHED,9:03 AM,6/11/2011,Y,74,NA,NA,NA,8,5,4,2,64,49,1,5,1,12,21,227,22,30.25119824,-97.74910066,,NA,NA,NA,S CONGRESS AVE,1292,NA,NA,NA,NA,NA,,NA,NA,N/A,NA,NA,NA,NA,Y,N,N,2,9,Y,SAT,NA,NA,NA,NA,NA,NA,NA,NA,NA,NA,NA,NA,NA,NA,NA,NA,NA,NA,NA,NA,NA,NA,NA,NA,NA,NA,NA,NA,NA,NA,NA,NA,NA,NA,NA,NA,NA,NA,NA,NA,NA,NA,NA,NA,NA,NA,NA,NA,NA,NA,NA,NA,NA,NA,NA,0,1,0,1,0,1,0,90,121506582,1215065821
AUS_1215487021,895,412,48,453,500,1,4.85E+11,1500US484530005001,Block Group 1,G5030,S,140441,0,30.2939335,-97.7350124,12154870,AUS_12154870,30.29105733,-97.73471651,2,1,3,16,2,21,1,1,4,11,1,4,N,4,NA,NA,4,97,97,,,0,1,0,0,0,1,0,N,N,N,N,N,N,N,5/14/2011,7:14 PM,227,22,N,N,NA,NA,19,NA,,1,2900,N,DUVAL,ST,N,N,0,N,N,,N,19,NA,,1,2800,N,SAN JACINTO,ST,NA,NA,,,,NA,11,1,3,NA,1,1,16,7:14 PM,DISPATCHED,7:19 PM,5/14/2011,Y,74,129,10,14,8,5,4,1,64,54,1,5,1,21,21,227,22,30.29105733,-97.73471651,,NA,NA,NA,DUVAL ST,NA,NA,NA,NA,NA,NA,,NA,NA,N/A,NA,NA,NA,NA,Y,N,N,2,9,Y,SAT,NA,NA,NA,NA,NA,NA,NA,NA,NA,NA,NA,NA,NA,NA,NA,NA,NA,NA,NA,NA,NA,NA,NA,NA,NA,NA,NA,NA,NA,NA,NA,NA,NA,NA,NA,NA,NA,NA,NA,NA,NA,NA,NA,NA,NA,NA,NA,NA,NA,NA,NA,NA,NA,NA,NA,0,1,0,2,0,1,0,90,121548702,1215487021
AUS_1215490711,1086,45,48,453,203,1,4.85E+11,1500US484530002031,Block Group 1,G5030,S,1209417,0,30.3126275,-97.7366586,12154907,AUS_12154907,30.31642313,-97.7409287,1,1,3,16,1,48,2,1,4,11,1,3,N,4,NA,NA,4,97,97,,,1,0,0,0,0,1,0,N,N,N,N,N,N,N,5/16/2011,5:08 PM,227,22,N,Y,NA,NA,4,1325,,1,4600,,BURNET,RD,N,N,35,N,N,,N,19,NA,,1,1400,W,46TH,ST,NA,NA,,,,NA,11,1,2,NA,2,1,20,5:08 PM,CAD,5:23 PM,5/16/2011,Y,74,216,10,14,8,5,4,1,64,54,1,3,1,21,21,227,22,30.31642313,-97.7409287,,NA,NA,NA,BURNET RD,4564,NA,NA,NA,NA,NA,,NA,NA,N/A,NA,NA,NA,NA,Y,N,N,1,9,Y,MON,NA,NA,NA,NA,NA,NA,NA,NA,NA,NA,NA,NA,NA,NA,NA,NA,NA,NA,NA,NA,NA,NA,NA,NA,NA,NA,NA,NA,NA,NA,NA,NA,NA,NA,NA,NA,NA,NA,NA,NA,NA,NA,NA,NA,NA,NA,NA,NA,NA,NA,NA,NA,NA,NA,NA,1,0,1,1,0,2,0,90,121549071,1215490711
AUS_1215492421,1288,147,48,453,1849,1,4.85E+11,1500US484530018491,Block Group 1,G5030,S,5102991,0,30.3912707,-97.7232055,12154924,AUS_12154924,30.3773,-97.72549,2,1,3,16,2,NA,1,1,4,11,1,5,N,4,NA,NA,4,97,97,,,0,1,0,0,0,1,0,N,N,N,N,N,N,N,3/10/2011,5:08 PM,227,22,N,N,NA,NA,19,NA,,1,9200,,BURNET,RD,N,N,0,N,N,,Y,19,NA,,1,9200,,WATERFORD CENTER,BLVD,NA,NA,,,,NA,11,1,4,NA,1,1,5,5:08 PM,DISPATCHED,5:13 PM,3/10/2011,Y,74,NA,NA,214,8,5,1,1,64,54,1,3,1,21,21,227,22,30.3773,-97.72549,,NA,NA,NA,BURNET RD,9299,NA,NA,NA,NA,NA,,NA,NA,WATERFORD CENTRE BLVD,NA,NA,NA,NA,Y,N,N,2,9,Y,THU,NA,NA,NA,NA,NA,NA,NA,NA,NA,NA,NA,NA,NA,NA,NA,NA,NA,NA,NA,NA,NA,NA,NA,NA,NA,NA,NA,NA,NA,NA,NA,NA,NA,NA,NA,NA,NA,NA,NA,NA,NA,NA,NA,NA,NA,NA,NA,NA,NA,NA,NA,NA,NA,NA,NA,0,1,0,1,0,1,0,90,121549242,1215492421
AUS_1215492521,1099,252,48,453,305,3,4.85E+11,1500US484530003053,Block Group 3,G5030,S,432264,0,30.3190869,-97.7256587,12154925,AUS_12154925,30.31994,-97.72697,2,1,3,16,2,34,5,2,4,11,1,1,N,4,NA,NA,4,97,97,,,0,1,0,0,0,1,0,N,N,N,N,N,N,N,3/13/2011,11:41 AM,227,22,N,Y,NA,NA,19,NA,,1,5200,,GUADALUPE,ST,N,N,30,N,N,,Y,19,NA,,1,500,W,NORTH LOOP,BLVD,NA,NA,,,,NA,12,1,4,NA,1,1,5,11:41 AM,DISPATCH,11:43 AM,3/13/2011,Y,74,NA,140,95,8,5,1,1,64,54,1,5,1,21,21,227,22,30.31994,-97.72697,,NA,NA,NA,GUADALUPE ST,5301,NA,NA,NA,NA,NA,,NA,NA,W NORTH LOOP BLVD,NA,NA,NA,NA,Y,N,N,2,9,Y,SUN,NA,NA,NA,NA,NA,NA,NA,NA,NA,NA,NA,NA,NA,NA,NA,NA,NA,NA,NA,NA,NA,NA,NA,NA,NA,NA,NA,NA,NA,NA,NA,NA,NA,NA,NA,NA,NA,NA,NA,NA,NA,NA,NA,NA,NA,NA,NA,NA,NA,NA,NA,NA,NA,NA,NA,0,1,0,1,0,1,0,90,121549252,1215492521
AUS_1215493321,1168,12,48,453,1503,2,4.85E+11,1500US484530015032,Block Group 2,G5030,S,330948,0,30.3355474,-97.7153915,12154933,AUS_12154933,30.3356,-97.71585,2,1,3,16,2,25,1,2,4,11,1,4,N,4,NA,NA,4,97,97,,,0,1,0,0,0,1,0,N,N,N,N,N,N,N,3/12/2011,8:20 PM,227,22,N,N,NA,NA,19,NA,,1,6900,,GUADALUPE,ST,N,N,40,N,N,,Y,19,NA,,1,500,,SWANEE,DR,NA,NA,,,,NA,11,4,4,NA,1,1,8,8:20 PM,DISPATCHED,8:27 PM,3/12/2011,Y,74,NA,NA,NA,8,5,1,2,64,54,1,5,1,21,21,227,22,30.3356,-97.71585,,NA,NA,NA,GUADALUPE ST,7001,NA,NA,NA,NA,NA,,NA,NA,SWANEE DR,NA,NA,NA,NA,Y,N,N,2,9,Y,SAT,NA,NA,NA,NA,NA,NA,NA,NA,NA,NA,NA,NA,NA,NA,NA,NA,NA,NA,NA,NA,NA,NA,NA,NA,NA,NA,NA,NA,NA,NA,NA,NA,NA,NA,NA,NA,NA,NA,NA,NA,NA,NA,NA,NA,NA,NA,NA,NA,NA,NA,NA,NA,NA,NA,NA,0,1,0,0,1,1,0,90,121549332,1215493321
AUS_1215493821,198,119,48,453,2314,2,4.85E+11,1500US484530023142,Block Group 2,G5030,S,2019172,0,30.2236338,-97.713797,12154938,AUS_12154938,30.2316,-97.71754,2,1,3,16,3,55,2,1,4,11,1,4,N,4,NA,NA,4,97,97,,,0,0,1,0,0,1,0,N,N,N,N,N,N,N,5/18/2011,3:20 PM,227,22,N,Y,NA,NA,19,NA,,1,1800,,CROSSING,PL,N,N,30,N,N,,Y,19,NA,,1,4800,E,RIVERSIDE,DR,NA,NA,,,,NA,12,1,2,NA,2,1,5,3:20 PM,DISPATCHED,3:30 PM,5/18/2011,Y,74,12,98,129,8,5,1,2,64,54,1,5,1,21,21,227,22,30.2316,-97.71754,,NA,NA,NA,CROSSING PL,NA,NA,NA,NA,NA,NA,,NA,NA,E RIVERSIDE DR,NA,NA,NA,NA,Y,N,N,3,9,Y,WED,NA,NA,NA,NA,NA,NA,NA,NA,NA,NA,NA,NA,NA,NA,NA,NA,NA,NA,NA,NA,NA,NA,NA,NA,NA,NA,NA,NA,NA,NA,NA,NA,NA,NA,NA,NA,NA,NA,NA,NA,NA,NA,NA,NA,NA,NA,NA,NA,NA,NA,NA,NA,NA,NA,NA,0,0,1,1,0,1,0,90,121549382,1215493821
AUS_1215498611,739,67,48,453,700,1,4.85E+11,1500US484530007001,Block Group 1,G5030,S,1615130,0,30.2777004,-97.7411232,12154986,AUS_12154986,30.27565219,-97.74618748,1,1,3,16,3,48,1,1,4,11,1,4,N,4,NA,NA,4,97,97,,,0,0,1,0,0,1,0,N,N,N,N,N,N,N,5/25/2011,3:48 PM,227,22,N,N,NA,NA,19,NA,,1,1200,,NUECES,ST,N,N,30,N,N,,N,19,NA,,1,,W,12TH,ST,NA,NA,,,,NA,11,1,0,NA,1,1,1,3:48 PM,DISPATCHED,4:07 PM,5/25/2011,Y,74,NA,18,210,8,5,4,1,64,54,1,5,1,21,21,227,22,30.27565219,-97.74618748,,NA,NA,NA,NUECES ST,1214,NA,NA,NA,NA,NA,,NA,NA,N/A,NA,NA,NA,NA,Y,N,N,3,9,Y,WED,NA,NA,NA,NA,NA,NA,NA,NA,NA,NA,NA,NA,NA,NA,NA,NA,NA,NA,NA,NA,NA,NA,NA,NA,NA,NA,NA,NA,NA,NA,NA,NA,NA,NA,NA,NA,NA,NA,NA,NA,NA,NA,NA,NA,NA,NA,NA,NA,NA,NA,NA,NA,NA,NA,NA,0,0,1,1,0,1,0,90,121549861,1215498611
AUS_1215688511,1097,133,48,453,205,3,4.85E+11,1500US484530002053,Block Group 3,G5030,S,282684,0,30.3219278,-97.737431,12156885,AUS_12156885,30.31976,-97.73886,1,1,3,16,2,15,1,1,4,11,1,4,N,4,NA,NA,4,97,97,,,0,1,0,0,0,1,0,N,N,N,N,N,N,N,3/25/2011,8:51 AM,227,22,N,N,NA,NA,19,NA,,1,4900,,WOODROW,AVE,N,N,0,N,N,,Y,19,NA,,1,1300,W,49TH,ST,NA,NA,,,,NA,11,1,0,NA,1,1,8,8:51 AM,DISPATCH,8:54 AM,3/25/2011,Y,74,NA,151,21,8,5,1,1,64,54,1,5,1,21,21,227,22,30.31976,-97.73886,,NA,NA,NA,WOODROW AVE,4899,NA,NA,NA,NA,NA,,NA,NA,W 49TH ST,NA,NA,NA,NA,Y,N,N,2,9,Y,FRI,NA,NA,NA,NA,NA,NA,NA,NA,NA,NA,NA,NA,NA,NA,NA,NA,NA,NA,NA,NA,NA,NA,NA,NA,NA,NA,NA,NA,NA,NA,NA,NA,NA,NA,NA,NA,NA,NA,NA,NA,NA,NA,NA,NA,NA,NA,NA,NA,NA,NA,NA,NA,NA,NA,NA,0,1,0,1,0,1,0,90,121568851,1215688511
AUS_1215689221,786,360,48,453,402,3,4.85E+11,1500US484530004023,Block Group 3,G5030,S,619665,0,30.2816518,-97.7219621,12156892,AUS_12156892,30.28023467,-97.71859111,2,1,3,16,1,27,1,1,4,11,1,4,N,4,NA,NA,4,97,97,,,1,0,0,0,0,1,0,N,N,N,N,N,N,N,3/18/2011,7:20 AM,227,22,N,Y,NA,NA,19,NA,,1,2100,E,MARTIN LUTHER KING,BLVD,N,N,35,N,N,,Y,19,NA,,1,1900,,ALAMO,ST,NA,NA,,,,NA,12,2,2,NA,2,1,8,7:21 AM,CAD,7:25 AM,3/18/2011,Y,74,NA,NA,NA,8,5,1,1,64,54,1,5,1,21,21,227,22,30.28023467,-97.71859111,,NA,NA,NA,MARTIN LUTHER KING BLVD E,2100,NA,NA,NA,NA,NA,,NA,NA,UNKNOWN,NA,NA,NA,NA,Y,N,N,1,9,Y,FRI,NA,NA,NA,NA,NA,NA,NA,NA,NA,NA,NA,NA,NA,NA,NA,NA,NA,NA,NA,NA,NA,NA,NA,NA,NA,NA,NA,NA,NA,NA,NA,NA,NA,NA,NA,NA,NA,NA,NA,NA,NA,NA,NA,NA,NA,NA,NA,NA,NA,NA,NA,NA,NA,NA,NA,1,0,0,1,0,1,0,90,121568922,1215689221