Crash_UP_ID,FID,FID_Austin,STATEFP,COUNTYFP,TRACTCE,BLKGRPCE,GEOID1,GEOID,NAMELSAD,MTFCC,FUNCSTAT,ALAND,AWATER,INTPTLAT,INTPTLON,CrashID,CrashID1,Latitude,Longitude,Unit_Nbr,Prsn_Nbr,Prsn_Type_ID,Prsn_Occpnt_Pos_ID,Prsn_Injry_Sev_ID,Prsn_Age,Prsn_Ethnicity_ID,Prsn_Gndr_ID,Prsn_Ejct_ID,Prsn_Rest_ID,Prsn_Airbag_ID,Prsn_Helmet_ID,Prsn_Sol_Fl,Prsn_Alc_Spec_Type_ID,Prsn_Alc_Rslt_ID,Prsn_Bac_Test_Rslt,Prsn_Drg_Spec_Type_ID,Prsn_Drg_Rslt_ID,Drvr_Drg_Cat_1_ID,Prsn_Death_Date,Prsn_Death_Time,Incap_Injry_Cnt.x,Nonincap_Injry_Cnt.x,Poss_Injry_Cnt.x,Non_Injry_Cnt.x,Unkn_Injry_Cnt.x,Tot_Injry_Cnt.x,Death_Cnt.x,Crash_Fatal_Fl,Cmv_Involv_Fl,Schl_Bus_Fl,Rr_Relat_Fl,Medical_Advisory_Fl,Amend_Supp_Fl,Active_School_Zone_Fl,Crash_Date,Crash_Time,Rpt_CRIS_Cnty_ID,Rpt_City_ID,Rpt_Outside_City_Limit_Fl,Thousand_Damage_Fl,Rpt_Latitude,Rpt_Longitude,Rpt_Rdwy_Sys_ID,Rpt_Hwy_Num,Rpt_Hwy_Sfx,Rpt_Road_Part_ID,Rpt_Block_Num,Rpt_Street_Pfx,Rpt_Street_Name,Rpt_Street_Sfx,Private_Dr_Fl,Toll_Road_Fl,Crash_Speed_Limit,Road_Constr_Zone_Fl,Road_Constr_Zone_Wrkr_Fl,Rpt_Street_Desc,At_Intrsct_Fl,Rpt_Sec_Rdwy_Sys_ID,Rpt_Sec_Hwy_Num,Rpt_Sec_Hwy_Sfx,Rpt_Sec_Road_Part_ID,Rpt_Sec_Block_Num,Rpt_Sec_Street_Pfx,Rpt_Sec_Street_Name,Rpt_Sec_Street_Sfx,Rpt_Ref_Mark_Offset_Amt,Rpt_Ref_Mark_Dist_Uom,Rpt_Ref_Mark_Dir,Rpt_Ref_Mark_Nbr,Rpt_Sec_Street_Desc,Rpt_CrossingNumber,Wthr_Cond_ID,Light_Cond_ID,Entr_Road_ID,Road_Type_ID,Road_Algn_ID,Surf_Cond_ID,Traffic_Cntl_ID,Investigat_Notify_Time,Investigat_Notify_Meth,Investigat_Arrv_Time,Report_Date,Investigat_Comp_Fl,Investigat_Agency_ID,Investigat_Area_ID,Investigat_District_ID,Investigat_Region_ID,Bridge_Detail_ID,Harm_Evnt_ID,Intrsct_Relat_ID,FHE_Collsn_ID,Obj_Struck_ID,Othr_Factr_ID,Road_Part_Adj_ID,Road_Cls_ID,Road_Relat_ID,Phys_Featr_1_ID,Phys_Featr_2_ID,Cnty_ID,City_ID,Latitude.1,Longitude.1,Hwy_Sys,Hwy_Nbr,Hwy_Sfx,Dfo,Street_Name,Street_Nbr,Control,Section,Milepoint,Ref_Mark_Nbr,Ref_Mark_Displ,Hwy_Sys_2,Hwy_Nbr_2,Hwy_Sfx_2,Street_Name_2,Street_Nbr_2,Control_2,Section_2,Milepoint_2,Txdot_Rptable_Fl,Onsys_Fl,Rural_Fl,Crash_Sev_ID,Pop_Group_ID,Located_Fl,Day_of_Week,Hwy_Dsgn_Lane_ID,Hwy_Dsgn_Hrt_ID,Hp_Shldr_Left,Hp_Shldr_Right,Hp_Median_Width,Base_Type_ID,Nbr_Of_Lane,Row_Width_Usual,Roadbed_Width,Surf_Width,Surf_Type_ID,Curb_Type_Left_ID,Curb_Type_Right_ID,Shldr_Type_Left_ID,Shldr_Width_Left,Shldr_Use_Left_ID,Shldr_Type_Right_ID,Shldr_Width_Right,Shldr_Use_Right_ID,Median_Type_ID,Median_Width,Rural_Urban_Type_ID,Func_Sys_ID,Adt_Curnt_Amt,Adt_Curnt_Year,Adt_Adj_Curnt_Amt,Pct_Single_Trk_Adt,Pct_Combo_Trk_Adt,Trk_Aadt_Pct,Curve_Type_ID,Curve_Lngth,Cd_Degr,Delta_Left_Right_ID,Dd_Degr,Feature_Crossed,Structure_Number,I_R_Min_Vert_Clear,Approach_Width,Bridge_Median_ID,Bridge_Loading_Type_ID,Bridge_Loading_In_1000_Lbs,Bridge_Srvc_Type_On_ID,Bridge_Srvc_Type_Under_ID,Culvert_Type_ID,Roadway_Width,Deck_Width,Bridge_Dir_Of_Traffic_ID,Bridge_Rte_Struct_Func_ID,Bridge_IR_Struct_Func_ID,CrossingNumber,RRCo,Poscrossing_ID,WDCode_ID,Standstop,Yield,Incap_Injry_Cnt.y,Nonincap_Injry_Cnt.y,Poss_Injry_Cnt.y,Non_Injry_Cnt.y,Unkn_Injry_Cnt.y,Tot_Injry_Cnt.y,Death_Cnt.y,MPO_ID,Unit_ID,Unit_Prsn_ID
AUS_1216564721,82,521,48,453,2410,2,4.85E+11,1500US484530024102,Block Group 2,G5030,S,575590,0,30.2019054,-97.7889625,12165647,AUS_12165647,30.20337,-97.79219,2,1,3,16,3,53,1,1,4,11,1,3,N,4,NA,NA,4,97,97,,,0,0,1,0,0,1,0,N,N,N,N,N,N,N,6/30/2011,7:20 AM,227,22,N,Y,NA,NA,19,NA,,1,6300,,EMERALD FOREST,DR,N,N,35,N,N,,Y,19,NA,,1,1100,,SPEER,LN,NA,NA,,,,NA,11,1,4,NA,1,1,8,7:00 AM,DISPATCH,7:05 AM,6/30/2011,Y,74,12,169,130,8,5,1,1,64,54,1,5,1,21,21,227,22,30.20337,-97.79219,,NA,NA,NA,EMERALD FOREST DR,6399,NA,NA,NA,NA,NA,,NA,NA,SPEER LN,NA,NA,NA,NA,Y,N,N,3,9,Y,THU,NA,NA,NA,NA,NA,NA,NA,NA,NA,NA,NA,NA,NA,NA,NA,NA,NA,NA,NA,NA,NA,NA,NA,NA,NA,NA,NA,NA,NA,NA,NA,NA,NA,NA,NA,NA,NA,NA,NA,NA,NA,NA,NA,NA,NA,NA,NA,NA,NA,NA,NA,NA,NA,NA,NA,0,0,1,1,0,1,0,90,121656472,1216564721
AUS_1216570721,1381,69,48,453,1756,1,4.85E+11,1500US484530017561,Block Group 1,G5030,S,1194657,0,30.4250051,-97.7729697,12165707,AUS_12165707,30.42921103,-97.78226168,2,1,3,16,3,14,1,1,4,11,1,4,N,4,NA,NA,4,97,97,,,0,0,1,0,0,1,0,N,N,N,N,N,N,N,6/21/2011,1:50 PM,246,22,N,Y,NA,NA,19,NA,,1,8500,,SPICEWOOD SPRINGS,RD,N,N,45,N,N,,Y,19,NA,,1,11500,,RUSTIC ROCK,DR,NA,NA,,,,NA,11,1,0,NA,1,1,5,1:50 PM,DISPATCHED,1:59 PM,6/21/2011,Y,74,NA,NA,NA,8,5,2,1,64,54,1,5,1,21,21,227,22,30.42921103,-97.78226168,,NA,NA,NA,SPICEWOOD SPRINGS RD,8500,NA,NA,NA,NA,NA,,NA,NA,UNKNOWN,NA,NA,NA,NA,Y,N,N,3,9,Y,TUE,NA,NA,NA,NA,NA,NA,NA,NA,NA,NA,NA,NA,NA,NA,NA,NA,NA,NA,NA,NA,NA,NA,NA,NA,NA,NA,NA,NA,NA,NA,NA,NA,NA,NA,NA,NA,NA,NA,NA,NA,NA,NA,NA,NA,NA,NA,NA,NA,NA,NA,NA,NA,NA,NA,NA,0,0,1,1,0,1,0,90,121657072,1216570721
AUS_1216571121,1052,379,48,453,204,3,4.85E+11,1500US484530002043,Block Group 3,G5030,S,759174,0,30.3071776,-97.744565,12165711,AUS_12165711,30.31000896,-97.74004328,2,1,3,16,2,52,1,1,4,11,1,4,N,4,NA,NA,4,97,97,,,0,1,0,0,0,1,0,N,N,N,N,N,N,N,6/21/2011,9:10 AM,227,22,N,Y,NA,NA,19,NA,,1,4200,N,LAMAR,BLVD,N,N,40,N,N,"GOOD BLACKTOP, HEAVY TRAFFIC",Y,19,NA,,1,1000,W,42ND,ST,NA,NA,,,,NA,12,1,2,NA,1,1,8,9:13 AM,DISPATCH,9:15 AM,6/21/2011,Y,74,NA,NA,125,8,5,1,3,64,54,1,2,1,21,21,227,22,30.31000896,-97.74004328,,NA,NA,NA,N LAMAR BLVD,4205,NA,NA,NA,NA,NA,,NA,NA,UNKNOWN,NA,NA,NA,NA,Y,N,N,2,9,Y,TUE,NA,NA,NA,NA,NA,NA,NA,NA,NA,NA,NA,NA,NA,NA,NA,NA,NA,NA,NA,NA,NA,NA,NA,NA,NA,NA,NA,NA,NA,NA,NA,NA,NA,NA,NA,NA,NA,NA,NA,NA,NA,NA,NA,NA,NA,NA,NA,NA,NA,NA,NA,NA,NA,NA,NA,0,1,0,1,0,1,0,90,121657112,1216571121
AUS_1216579621,1400,188,48,453,1781,1,4.85E+11,1500US484530017811,Block Group 1,G5030,S,1227629,0,30.4397899,-97.8023131,12165796,AUS_12165796,30.44221,-97.8043,2,1,3,16,2,52,1,1,4,11,1,3,N,4,NA,NA,4,97,97,,,0,1,0,0,0,1,0,N,N,N,N,N,N,N,6/30/2011,8:30 AM,227,22,N,Y,NA,NA,19,NA,,1,11500,,SPICEWOOD,PKWY,N,N,30,N,N,ASPHAULT,Y,19,NA,,1,11500,,TINCUP,DR,NA,NA,,,,NA,11,1,0,NA,1,1,1,8:30 AM,DISPATCHED,8:35 AM,6/30/2011,Y,74,1,46,64,8,5,1,3,64,54,1,5,1,21,21,227,22,30.44221,-97.8043,,NA,NA,NA,SPICEWOOD PKY,11533,NA,NA,NA,NA,NA,,NA,NA,TIN CUP DR,NA,NA,NA,NA,Y,N,N,2,9,Y,THU,NA,NA,NA,NA,NA,NA,NA,NA,NA,NA,NA,NA,NA,NA,NA,NA,NA,NA,NA,NA,NA,NA,NA,NA,NA,NA,NA,NA,NA,NA,NA,NA,NA,NA,NA,NA,NA,NA,NA,NA,NA,NA,NA,NA,NA,NA,NA,NA,NA,NA,NA,NA,NA,NA,NA,0,1,0,1,0,1,0,90,121657962,1216579621
AUS_1216582021,697,385,48,453,804,2,4.85E+11,1500US484530008042,Block Group 2,G5030,S,661882,0,30.2703213,-97.7245579,12165820,AUS_12165820,30.27313,-97.72382,2,1,3,16,3,28,1,2,4,11,1,2,N,4,NA,NA,4,97,97,,,0,0,1,0,0,1,0,N,N,N,N,N,N,N,7/6/2011,7:48 AM,227,22,N,Y,NA,NA,19,NA,,1,1400,E,12TH,ST,N,N,0,N,N,,Y,19,NA,,1,1200,,COMAL,ST,NA,NA,,,,NA,11,1,4,NA,1,1,5,7:48 AM,DISPATCHED,7:50 AM,7/6/2011,Y,74,NA,NA,96,8,5,2,3,64,54,1,5,1,21,21,227,22,30.27313,-97.72382,,NA,NA,NA,E 12TH ST,1501,NA,NA,NA,NA,NA,,NA,NA,COMAL ST,NA,NA,NA,NA,Y,N,N,3,9,Y,WED,NA,NA,NA,NA,NA,NA,NA,NA,NA,NA,NA,NA,NA,NA,NA,NA,NA,NA,NA,NA,NA,NA,NA,NA,NA,NA,NA,NA,NA,NA,NA,NA,NA,NA,NA,NA,NA,NA,NA,NA,NA,NA,NA,NA,NA,NA,NA,NA,NA,NA,NA,NA,NA,NA,NA,0,0,1,1,0,1,0,90,121658202,1216582021
AUS_1216584521,1175,442,48,453,1504,1,4.85E+11,1500US484530015041,Block Group 1,G5030,S,766394,0,30.3455684,-97.7184735,12165845,AUS_12165845,30.3394,-97.71784,2,1,3,16,3,28,1,2,4,11,1,2,N,4,NA,NA,4,97,97,,,0,0,1,0,0,1,0,N,N,N,N,N,N,N,7/5/2011,6:28 PM,227,22,N,Y,NA,NA,19,NA,,1,800,W,ST JOHNS,AVE,N,N,35,N,N,,Y,19,NA,,1,7100,N,LAMAR,BLVD,NA,NA,,,,NA,11,1,2,NA,1,1,5,6:28 PM,DISPATCHED,6:35 PM,7/5/2011,Y,74,NA,140,29,8,5,1,3,64,54,1,5,1,21,21,227,22,30.3394,-97.71784,,NA,NA,NA,W ST JOHNS AVE,798,NA,NA,NA,NA,NA,,NA,NA,N LAMAR BLVD,NA,NA,NA,NA,Y,N,N,3,9,Y,TUE,NA,NA,NA,NA,NA,NA,NA,NA,NA,NA,NA,NA,NA,NA,NA,NA,NA,NA,NA,NA,NA,NA,NA,NA,NA,NA,NA,NA,NA,NA,NA,NA,NA,NA,NA,NA,NA,NA,NA,NA,NA,NA,NA,NA,NA,NA,NA,NA,NA,NA,NA,NA,NA,NA,NA,0,0,1,2,0,1,0,90,121658452,1216584521
AUS_1216584921,1402,263,48,453,1714,2,4.85E+11,1500US484530017142,Block Group 2,G5030,S,2904589,0,30.4335427,-97.8096348,12165849,AUS_12165849,30.44685,-97.81193999,2,1,3,16,2,26,1,1,4,11,1,4,N,4,NA,NA,4,97,97,,,0,1,0,0,0,1,0,N,N,N,N,N,N,N,7/5/2011,5:53 PM,227,22,N,N,NA,NA,19,NA,,1,11500,,PECAN CREEK,PKWY,N,N,0,N,N,PECAN CREEK PKWY,Y,19,NA,,1,,,ANDERSOM MILL,RD,NA,NA,,,ANDERSON MILL RD,NA,11,1,2,NA,1,1,8,5:53 PM,DISPATCH,5:54 PM,7/5/2011,Y,74,1,46,64,8,5,2,1,64,54,1,5,1,21,21,227,22,30.44685,-97.81193999,,NA,NA,NA,PECAN CREEK PKY,NA,NA,NA,NA,NA,NA,,NA,NA,ANDERSON MILL RD,NA,NA,NA,NA,Y,N,N,2,9,Y,TUE,NA,NA,NA,NA,NA,NA,NA,NA,NA,NA,NA,NA,NA,NA,NA,NA,NA,NA,NA,NA,NA,NA,NA,NA,NA,NA,NA,NA,NA,NA,NA,NA,NA,NA,NA,NA,NA,NA,NA,NA,NA,NA,NA,NA,NA,NA,NA,NA,NA,NA,NA,NA,NA,NA,NA,0,1,0,1,0,1,0,90,121658492,1216584921
AUS_1216595921,1405,411,48,453,1714,3,4.85E+11,1500US484530017143,Block Group 3,G5030,S,1576941,0,30.4432542,-97.8228128,12165959,AUS_12165959,30.45011203,-97.81896784,2,1,3,16,1,33,1,1,4,11,1,5,N,4,NA,NA,4,97,97,,,1,0,0,0,0,1,0,N,N,N,N,N,N,N,7/8/2011,7:17 PM,227,22,N,Y,NA,NA,19,NA,,1,10700,,ANDRERSON MILL,RD,N,N,35,N,N,,N,19,NA,,NA,11400,,CENTENNIAL,TRL,NA,NA,,,STREET SIGN,NA,11,1,0,NA,4,1,20,7:17 PM,SELF-CAD,7:22 PM,7/8/2011,Y,74,22,46,64,8,5,2,3,64,54,1,5,1,21,21,227,22,30.45011203,-97.81896784,,NA,NA,NA,ANDERSON MILL RD,NA,NA,NA,NA,NA,NA,,NA,NA,CENTENNIAL TRL,NA,NA,NA,NA,Y,N,N,1,9,Y,FRI,NA,NA,NA,NA,NA,NA,NA,NA,NA,NA,NA,NA,NA,NA,NA,NA,NA,NA,NA,NA,NA,NA,NA,NA,NA,NA,NA,NA,NA,NA,NA,NA,NA,NA,NA,NA,NA,NA,NA,NA,NA,NA,NA,NA,NA,NA,NA,NA,NA,NA,NA,NA,NA,NA,NA,1,0,0,1,0,1,0,90,121659592,1216595921
AUS_1216655021,1007,2,48,453,204,1,4.85E+11,1500US484530002041,Block Group 1,G5030,S,514125,0,30.3003058,-97.7429373,12166550,AUS_12166550,30.30444609,-97.74356419,2,1,3,16,2,45,1,2,4,11,1,4,N,4,NA,NA,4,97,97,,,0,1,0,0,0,1,0,N,N,N,N,N,N,N,6/30/2011,10:10 AM,227,22,N,N,NA,NA,19,NA,,1,3700,N,LAMAR,BLVD,N,N,35,N,N,,Y,19,NA,,1,900,W,37TH,ST,NA,NA,,,,NA,11,1,2,NA,1,1,8,10:11 AM,DISPATCH,10:15 AM,6/30/2011,Y,74,NA,NA,NA,8,5,2,1,64,54,1,2,1,21,21,227,22,30.30444609,-97.74356419,,NA,NA,NA,N LAMAR BLVD,3702,NA,NA,NA,NA,NA,,NA,NA,UNKNOWN,NA,NA,NA,NA,Y,N,N,2,9,Y,THU,NA,NA,NA,NA,NA,NA,NA,NA,NA,NA,NA,NA,NA,NA,NA,NA,NA,NA,NA,NA,NA,NA,NA,NA,NA,NA,NA,NA,NA,NA,NA,NA,NA,NA,NA,NA,NA,NA,NA,NA,NA,NA,NA,NA,NA,NA,NA,NA,NA,NA,NA,NA,NA,NA,NA,0,1,0,1,0,1,0,90,121665502,1216655021
AUS_1216661921,1333,552,48,453,1714,1,4.85E+11,1500US484530017141,Block Group 1,G5030,S,13130135,0,30.4199832,-97.8325007,12166619,AUS_12166619,30.40375043,-97.85398323,2,1,3,16,1,40,1,1,4,11,1,3,N,4,NA,NA,4,97,97,,,1,0,0,0,0,1,0,N,N,N,N,N,N,N,4/21/2011,6:53 AM,227,22,N,N,NA,NA,19,NA,,1,NA,W,PARMER,LN,N,N,55,N,N,,Y,4,620,,NA,,N,FM 620,RD,NA,NA,,,,NA,11,1,4,3,1,1,5,6:53 AM,DISPATCH,6:57 AM,7/13/2011,N,74,1,46,64,8,5,2,1,64,54,1,3,1,21,21,227,22,30.40375043,-97.85398323,RM,620,NA,12.837,RM0620,NA,683,2,13.019,538,-0.739,,NA,NA,UNKNOWN,NA,NA,NA,NA,Y,Y,N,1,9,Y,THU,2,0,8,8,0,2,4,120,78,62,3,0,0,2,8,5,2,8,5,0,0,4,14,46000,2012,46000,1.5,0.2,1.7,1,57,2,1,6,NA,NA,NA,NA,NA,NA,NA,NA,NA,NA,NA,NA,NA,NA,NA,NA,NA,NA,NA,NA,NA,1,0,0,0,1,1,0,90,121666192,1216661921
AUS_1216679021,887,365,48,453,603,4,4.85E+11,1500US484530006034,Block Group 4,G5030,S,91890,0,30.2891904,-97.7429845,12166790,AUS_12166790,30.28979,-97.74141,2,1,3,16,1,19,3,2,4,11,2,5,N,4,NA,NA,4,97,97,,,1,0,0,0,0,1,0,N,Y,N,N,N,N,N,6/27/2011,3:03 PM,227,22,N,Y,NA,NA,19,NA,,1,2500,,GUADALUPE,ST,N,N,35,N,N,,Y,19,NA,,1,300,W,DEAN KEETON,ST,NA,NA,,,,NA,11,1,2,NA,1,1,5,3:03 PM,,3:25 PM,6/27/2011,Y,74,11,10,14,8,5,2,1,64,54,1,5,1,21,21,227,22,30.28979,-97.74141,,NA,NA,NA,GUADALUPE ST,2525,NA,NA,NA,NA,NA,,NA,NA,W DEAN KEETON ST,NA,NA,NA,NA,Y,N,N,1,9,Y,MON,NA,NA,NA,NA,NA,NA,NA,NA,NA,NA,NA,NA,NA,NA,NA,NA,NA,NA,NA,NA,NA,NA,NA,NA,NA,NA,NA,NA,NA,NA,NA,NA,NA,NA,NA,NA,NA,NA,NA,NA,NA,NA,NA,NA,NA,NA,NA,NA,NA,NA,NA,NA,NA,NA,NA,1,0,0,1,0,1,0,90,121667902,1216679021
AUS_1219148021,713,433,48,453,1100,1,4.85E+11,1500US484530011001,Block Group 1,G5030,S,2044061,66635,30.2687002,-97.7433003,12191480,AUS_12191480,30.27396355,-97.74326429,2,1,3,16,2,26,1,1,4,11,1,4,N,4,NA,NA,4,97,97,,,0,1,0,0,0,1,0,N,N,N,N,N,N,N,7/14/2011,1:05 AM,227,22,N,N,30.27389,-97.74321,19,NA,,1,1100,,LAVACA,ST,N,N,30,N,N,"ONE-WAY, RIGHT LANE",N,19,NA,,NA,200,W,11TH,ST,NA,NA,,,,NA,11,4,0,NA,2,1,16,1:08 AM,DPS COMMUNICATIONS,1:14 AM,7/14/2011,Y,10000,NA,48,115,8,5,4,1,64,54,1,5,1,21,21,227,22,30.27396355,-97.74326429,,NA,NA,NA,LAVACA ST,1128,NA,NA,NA,NA,NA,,NA,NA,N/A,NA,NA,NA,NA,Y,N,N,2,9,Y,THU,NA,NA,NA,NA,NA,NA,NA,NA,NA,NA,NA,NA,NA,NA,NA,NA,NA,NA,NA,NA,NA,NA,NA,NA,NA,NA,NA,NA,NA,NA,NA,NA,NA,NA,NA,NA,NA,NA,NA,NA,NA,NA,NA,NA,NA,NA,NA,NA,NA,NA,NA,NA,NA,NA,NA,0,1,0,0,1,1,0,90,121914802,1219148021
AUS_1219741221,405,290,48,453,1000,2,4.85E+11,1500US484530010002,Block Group 2,G5030,S,234742,0,30.2564141,-97.7280837,12197412,AUS_12197412,30.25711,-97.72462,2,1,3,16,2,NA,2,1,4,11,1,4,N,4,NA,NA,4,97,97,,,0,1,0,0,0,1,0,N,N,N,N,N,N,N,7/12/2011,4:14 PM,227,22,N,Y,NA,NA,19,NA,,1,NA,E,CESAR CHAVEZ,ST,N,N,0,N,N,,Y,19,NA,,1,,,CHICON,ST,NA,NA,,,,NA,11,1,4,NA,1,1,5,4:26 PM,DISPATCHED,4:29 PM,7/12/2011,Y,74,NA,151,92,8,5,2,1,64,54,1,5,1,21,21,227,22,30.25711,-97.72462,,NA,NA,NA,E CESAR CHAVEZ ST,1898,NA,NA,NA,NA,NA,,NA,NA,CHICON ST,NA,NA,NA,NA,Y,N,N,2,9,Y,TUE,NA,NA,NA,NA,NA,NA,NA,NA,NA,NA,NA,NA,NA,NA,NA,NA,NA,NA,NA,NA,NA,NA,NA,NA,NA,NA,NA,NA,NA,NA,NA,NA,NA,NA,NA,NA,NA,NA,NA,NA,NA,NA,NA,NA,NA,NA,NA,NA,NA,NA,NA,NA,NA,NA,NA,0,1,0,1,0,1,0,90,121974122,1219741221
AUS_1219750521,1341,543,48,453,1829,1,4.85E+11,1500US484530018291,Block Group 1,G5030,S,990239,0,30.4140409,-97.7128752,12197505,AUS_12197505,30.41000795,-97.71649795,2,1,3,16,2,16,1,1,4,11,1,4,N,4,NA,NA,4,97,97,,,0,1,0,0,0,1,0,N,N,N,N,N,N,N,7/11/2011,8:30 PM,227,22,N,N,NA,NA,19,NA,,7,3200,,DUVAL,RD,N,N,35,Y,Y,4 LANE DIVIDED ROADWAY,N,11,1,,2,12000,N,MOPAC,,NA,NA,,,MOPAC SVRD NB,NA,11,0,0,NA,1,1,11,9:04 PM,DISPATCH,9:20 PM,7/12/2011,Y,74,12,46,64,8,5,3,2,64,49,1,5,1,32,21,227,22,30.41000795,-97.71649795,,NA,NA,NA,DUVAL RD,3200,NA,NA,NA,NA,NA,,NA,NA,N/A,NA,NA,NA,NA,Y,N,N,2,9,Y,MON,NA,NA,NA,NA,NA,NA,NA,NA,NA,NA,NA,NA,NA,NA,NA,NA,NA,NA,NA,NA,NA,NA,NA,NA,NA,NA,NA,NA,NA,NA,NA,NA,NA,NA,NA,NA,NA,NA,NA,NA,NA,NA,NA,NA,NA,NA,NA,NA,NA,NA,NA,NA,NA,NA,NA,0,1,0,0,1,1,0,90,121975052,1219750521
AUS_1219760121,583,433,48,453,1100,1,4.85E+11,1500US484530011001,Block Group 1,G5030,S,2044061,66635,30.2687002,-97.7433003,12197601,AUS_12197601,30.26623149,-97.74366125,2,1,3,16,5,19,1,1,4,11,1,4,N,4,NA,NA,4,97,97,,,0,0,0,1,0,0,0,N,N,N,N,N,N,N,7/17/2011,2:26 AM,227,22,N,N,NA,NA,19,NA,,1,100,W,4TH,ST,N,N,30,N,N,,N,19,NA,,1,400,,CONGRESS,AVE,NA,NA,,,,NA,11,6,98,NA,2,1,20,2:26 AM,OBSERVED,2:26 AM,7/17/2011,Y,74,1,131,411,8,5,4,1,64,54,1,5,1,21,21,227,22,30.26623149,-97.74366125,,NA,NA,NA,W 4TH ST,111,NA,NA,NA,NA,NA,,NA,NA,N/A,NA,NA,NA,NA,N,N,N,5,9,Y,SUN,NA,NA,NA,NA,NA,NA,NA,NA,NA,NA,NA,NA,NA,NA,NA,NA,NA,NA,NA,NA,NA,NA,NA,NA,NA,NA,NA,NA,NA,NA,NA,NA,NA,NA,NA,NA,NA,NA,NA,NA,NA,NA,NA,NA,NA,NA,NA,NA,NA,NA,NA,NA,NA,NA,NA,0,0,0,7,0,0,0,90,121976012,1219760121
AUS_1219761621,271,482,48,453,2316,1,4.85E+11,1500US484530023161,Block Group 1,G5030,S,321567,0,30.2390879,-97.7290549,12197616,AUS_12197616,30.24017,-97.72708,2,1,3,16,2,27,2,1,4,11,1,4,N,4,NA,NA,4,97,97,,,0,1,0,0,0,1,0,N,N,N,N,N,N,N,7/14/2011,7:28 PM,227,22,N,N,NA,NA,19,NA,,1,2000,E,RIVERSIDE,DR,N,N,35,N,N,,Y,19,NA,,1,1500,,BURTON,DR,NA,NA,,,,NA,11,1,4,NA,1,1,5,7:28 PM,DISPATCH,7:30 PM,7/14/2011,Y,74,20,98,129,8,5,1,1,64,54,1,5,1,21,21,227,22,30.24017,-97.72708,,NA,NA,NA,E RIVERSIDE DR,NA,NA,NA,NA,NA,NA,,NA,NA,BURTON DR,NA,NA,NA,NA,Y,N,N,2,9,Y,THU,NA,NA,NA,NA,NA,NA,NA,NA,NA,NA,NA,NA,NA,NA,NA,NA,NA,NA,NA,NA,NA,NA,NA,NA,NA,NA,NA,NA,NA,NA,NA,NA,NA,NA,NA,NA,NA,NA,NA,NA,NA,NA,NA,NA,NA,NA,NA,NA,NA,NA,NA,NA,NA,NA,NA,0,1,0,1,0,1,0,90,121976162,1219761621
AUS_1219766921,774,67,48,453,700,1,4.85E+11,1500US484530007001,Block Group 1,G5030,S,1615130,0,30.2777004,-97.7411232,12197669,AUS_12197669,30.27895182,-97.73218273,2,1,3,16,2,30,1,2,4,11,1,4,N,4,NA,NA,4,97,97,,,0,1,0,0,0,1,0,N,N,N,N,N,N,N,7/17/2011,2:45 AM,227,22,N,N,NA,NA,19,NA,,1,1800,,RED RIVER,ST,N,N,35,N,N,,N,19,NA,,1,,E,MARTIN LUTHER KING,BLVD,NA,NA,,,,NA,11,4,4,NA,2,1,5,12:34 PM,RADIO/MDC,12:40 PM,7/17/2011,Y,74,NA,NA,187,8,5,2,1,64,54,1,5,1,21,21,227,22,30.27895182,-97.73218273,,NA,NA,NA,RED RIVER ST,1898,NA,NA,NA,NA,NA,,NA,NA,E MARTIN LUTHER KING JR BLVD,NA,NA,NA,NA,Y,N,N,2,9,Y,SUN,NA,NA,NA,NA,NA,NA,NA,NA,NA,NA,NA,NA,NA,NA,NA,NA,NA,NA,NA,NA,NA,NA,NA,NA,NA,NA,NA,NA,NA,NA,NA,NA,NA,NA,NA,NA,NA,NA,NA,NA,NA,NA,NA,NA,NA,NA,NA,NA,NA,NA,NA,NA,NA,NA,NA,0,1,0,0,1,1,0,90,121976692,1219766921
AUS_1219773121,223,418,48,453,2307,4,4.85E+11,1500US484530023074,Block Group 4,G5030,S,428094,0,30.2300496,-97.7399091,12197731,AUS_12197731,30.23362137,-97.74125785,2,1,3,16,3,31,2,2,4,11,1,4,N,4,NA,NA,4,97,97,,,0,0,1,0,0,1,0,N,N,N,N,N,N,N,7/20/2011,10:38 AM,227,22,N,N,NA,NA,1,35,,2,2300,S,S I 35 EB SVRD,,N,N,0,N,N,,N,19,NA,,1,1700,E,OLTORF,ST,NA,NA,,,,NA,11,1,4,2,1,1,5,10:39 AM,911,10:40 AM,7/20/2011,Y,74,NA,NA,90,8,5,2,1,64,54,2,1,1,21,21,227,22,30.23362137,-97.74125785,IH,35,NA,231.525,IH0035,NA,15,13,15.404,232,0.354,,NA,NA,E OLTORF ST,NA,NA,NA,NA,Y,Y,N,3,9,Y,WED,5,0,2,10,7,2,6,300,96,72,4,0,0,2,4,5,2,20,5,2,3,4,11,157520,2012,157520,2.7,7.3,10,NA,NA,NA,NA,NA,NA,NA,NA,NA,NA,NA,NA,NA,NA,NA,NA,NA,NA,NA,NA,NA,NA,NA,NA,NA,NA,0,0,1,1,0,1,0,90,121977312,1219773121