Crash_UP_ID,FID,FID_Austin,STATEFP,COUNTYFP,TRACTCE,BLKGRPCE,GEOID1,GEOID,NAMELSAD,MTFCC,FUNCSTAT,ALAND,AWATER,INTPTLAT,INTPTLON,CrashID,CrashID1,Latitude,Longitude,Unit_Nbr,Prsn_Nbr,Prsn_Type_ID,Prsn_Occpnt_Pos_ID,Prsn_Injry_Sev_ID,Prsn_Age,Prsn_Ethnicity_ID,Prsn_Gndr_ID,Prsn_Ejct_ID,Prsn_Rest_ID,Prsn_Airbag_ID,Prsn_Helmet_ID,Prsn_Sol_Fl,Prsn_Alc_Spec_Type_ID,Prsn_Alc_Rslt_ID,Prsn_Bac_Test_Rslt,Prsn_Drg_Spec_Type_ID,Prsn_Drg_Rslt_ID,Drvr_Drg_Cat_1_ID,Prsn_Death_Date,Prsn_Death_Time,Incap_Injry_Cnt.x,Nonincap_Injry_Cnt.x,Poss_Injry_Cnt.x,Non_Injry_Cnt.x,Unkn_Injry_Cnt.x,Tot_Injry_Cnt.x,Death_Cnt.x,Crash_Fatal_Fl,Cmv_Involv_Fl,Schl_Bus_Fl,Rr_Relat_Fl,Medical_Advisory_Fl,Amend_Supp_Fl,Active_School_Zone_Fl,Crash_Date,Crash_Time,Rpt_CRIS_Cnty_ID,Rpt_City_ID,Rpt_Outside_City_Limit_Fl,Thousand_Damage_Fl,Rpt_Latitude,Rpt_Longitude,Rpt_Rdwy_Sys_ID,Rpt_Hwy_Num,Rpt_Hwy_Sfx,Rpt_Road_Part_ID,Rpt_Block_Num,Rpt_Street_Pfx,Rpt_Street_Name,Rpt_Street_Sfx,Private_Dr_Fl,Toll_Road_Fl,Crash_Speed_Limit,Road_Constr_Zone_Fl,Road_Constr_Zone_Wrkr_Fl,Rpt_Street_Desc,At_Intrsct_Fl,Rpt_Sec_Rdwy_Sys_ID,Rpt_Sec_Hwy_Num,Rpt_Sec_Hwy_Sfx,Rpt_Sec_Road_Part_ID,Rpt_Sec_Block_Num,Rpt_Sec_Street_Pfx,Rpt_Sec_Street_Name,Rpt_Sec_Street_Sfx,Rpt_Ref_Mark_Offset_Amt,Rpt_Ref_Mark_Dist_Uom,Rpt_Ref_Mark_Dir,Rpt_Ref_Mark_Nbr,Rpt_Sec_Street_Desc,Rpt_CrossingNumber,Wthr_Cond_ID,Light_Cond_ID,Entr_Road_ID,Road_Type_ID,Road_Algn_ID,Surf_Cond_ID,Traffic_Cntl_ID,Investigat_Notify_Time,Investigat_Notify_Meth,Investigat_Arrv_Time,Report_Date,Investigat_Comp_Fl,Investigat_Agency_ID,Investigat_Area_ID,Investigat_District_ID,Investigat_Region_ID,Bridge_Detail_ID,Harm_Evnt_ID,Intrsct_Relat_ID,FHE_Collsn_ID,Obj_Struck_ID,Othr_Factr_ID,Road_Part_Adj_ID,Road_Cls_ID,Road_Relat_ID,Phys_Featr_1_ID,Phys_Featr_2_ID,Cnty_ID,City_ID,Latitude.1,Longitude.1,Hwy_Sys,Hwy_Nbr,Hwy_Sfx,Dfo,Street_Name,Street_Nbr,Control,Section,Milepoint,Ref_Mark_Nbr,Ref_Mark_Displ,Hwy_Sys_2,Hwy_Nbr_2,Hwy_Sfx_2,Street_Name_2,Street_Nbr_2,Control_2,Section_2,Milepoint_2,Txdot_Rptable_Fl,Onsys_Fl,Rural_Fl,Crash_Sev_ID,Pop_Group_ID,Located_Fl,Day_of_Week,Hwy_Dsgn_Lane_ID,Hwy_Dsgn_Hrt_ID,Hp_Shldr_Left,Hp_Shldr_Right,Hp_Median_Width,Base_Type_ID,Nbr_Of_Lane,Row_Width_Usual,Roadbed_Width,Surf_Width,Surf_Type_ID,Curb_Type_Left_ID,Curb_Type_Right_ID,Shldr_Type_Left_ID,Shldr_Width_Left,Shldr_Use_Left_ID,Shldr_Type_Right_ID,Shldr_Width_Right,Shldr_Use_Right_ID,Median_Type_ID,Median_Width,Rural_Urban_Type_ID,Func_Sys_ID,Adt_Curnt_Amt,Adt_Curnt_Year,Adt_Adj_Curnt_Amt,Pct_Single_Trk_Adt,Pct_Combo_Trk_Adt,Trk_Aadt_Pct,Curve_Type_ID,Curve_Lngth,Cd_Degr,Delta_Left_Right_ID,Dd_Degr,Feature_Crossed,Structure_Number,I_R_Min_Vert_Clear,Approach_Width,Bridge_Median_ID,Bridge_Loading_Type_ID,Bridge_Loading_In_1000_Lbs,Bridge_Srvc_Type_On_ID,Bridge_Srvc_Type_Under_ID,Culvert_Type_ID,Roadway_Width,Deck_Width,Bridge_Dir_Of_Traffic_ID,Bridge_Rte_Struct_Func_ID,Bridge_IR_Struct_Func_ID,CrossingNumber,RRCo,Poscrossing_ID,WDCode_ID,Standstop,Yield,Incap_Injry_Cnt.y,Nonincap_Injry_Cnt.y,Poss_Injry_Cnt.y,Non_Injry_Cnt.y,Unkn_Injry_Cnt.y,Tot_Injry_Cnt.y,Death_Cnt.y,MPO_ID,Unit_ID,Unit_Prsn_ID
AUS_1238724421,488,343,48,453,902,2,4.85E+11,1500US484530009022,Block Group 2,G5030,S,1005391,0,30.257009,-97.7105642,12387244,AUS_12387244,30.26232956,-97.7213553,2,1,3,16,2,22,1,2,4,11,1,4,N,4,NA,NA,4,97,97,,,0,1,0,0,0,1,0,N,N,N,N,N,N,N,11/16/2011,6:22 PM,227,22,N,N,NA,NA,19,NA,,1,1900,E,7TH,ST,N,N,35,N,N,,N,19,NA,,NA,,,CHICON,ST,NA,NA,,,,NA,11,6,0,NA,1,1,1,6:25 PM,RADIO,6:36 PM,11/16/2011,Y,74,NA,NA,119,8,5,4,1,64,7,1,5,1,21,21,227,22,30.26232956,-97.7213553,,NA,NA,NA,E 7TH ST,1945,NA,NA,NA,NA,NA,,NA,NA,N/A,NA,NA,NA,NA,Y,N,N,2,9,Y,WED,NA,NA,NA,NA,NA,NA,NA,NA,NA,NA,NA,NA,NA,NA,NA,NA,NA,NA,NA,NA,NA,NA,NA,NA,NA,NA,NA,NA,NA,NA,NA,NA,NA,NA,NA,NA,NA,NA,NA,NA,NA,NA,NA,NA,NA,NA,NA,NA,NA,NA,NA,NA,NA,NA,NA,0,1,0,1,0,1,0,90,123872442,1238724421
AUS_1239758221,776,67,48,453,700,1,4.85E+11,1500US484530007001,Block Group 1,G5030,S,1615130,0,30.2777004,-97.7411232,12397582,AUS_12397582,30.27896,-97.73217,2,1,3,16,2,37,1,1,4,11,1,4,N,4,NA,NA,4,97,97,,,0,1,0,0,0,1,0,N,N,N,N,N,N,N,10/11/2011,5:24 AM,227,22,N,Y,NA,NA,19,NA,,1,1800,E,MARTIN LUTHER KING JR,BLVD,N,N,35,N,N,,Y,19,NA,,NA,1900,,RED RIVER,ST,NA,NA,,,,NA,11,4,4,NA,2,1,5,5:24 AM,DISPATCH,5:27 AM,10/11/2011,Y,74,17,120,14,8,5,1,3,64,54,1,5,1,21,21,227,22,30.27896,-97.73217,,NA,NA,NA,E MARTIN LUTHER KING JR BLVD,NA,NA,NA,NA,NA,NA,,NA,NA,RED RIVER ST,NA,NA,NA,NA,Y,N,N,2,9,Y,TUE,NA,NA,NA,NA,NA,NA,NA,NA,NA,NA,NA,NA,NA,NA,NA,NA,NA,NA,NA,NA,NA,NA,NA,NA,NA,NA,NA,NA,NA,NA,NA,NA,NA,NA,NA,NA,NA,NA,NA,NA,NA,NA,NA,NA,NA,NA,NA,NA,NA,NA,NA,NA,NA,NA,NA,0,1,0,1,0,1,0,90,123975822,1239758221
AUS_1239876021,667,433,48,453,1100,1,4.85E+11,1500US484530011001,Block Group 1,G5030,S,2044061,66635,30.2687002,-97.7433003,12398760,AUS_12398760,30.26993,-97.74951,2,1,3,16,2,53,1,1,4,11,1,4,N,4,NA,NA,4,97,97,,,0,1,0,0,0,1,0,N,N,N,N,N,N,N,10/1/2011,6:08 PM,227,22,N,Y,NA,NA,19,NA,,1,NA,,RIO GRANDE STW 6TH,,N,N,35,N,N,,Y,19,NA,,NA,,W,6TH,ST,NA,NA,,,,NA,11,1,0,NA,1,1,5,6:10 PM,RADIO,6:15 PM,10/1/2011,Y,74,NA,NA,126,8,5,1,2,64,54,1,5,1,21,21,227,22,30.26993,-97.74951,,NA,NA,NA,W 6TH ST,700,NA,NA,NA,NA,NA,,NA,NA,UNKNOWN,NA,NA,NA,NA,Y,N,N,2,9,Y,SAT,NA,NA,NA,NA,NA,NA,NA,NA,NA,NA,NA,NA,NA,NA,NA,NA,NA,NA,NA,NA,NA,NA,NA,NA,NA,NA,NA,NA,NA,NA,NA,NA,NA,NA,NA,NA,NA,NA,NA,NA,NA,NA,NA,NA,NA,NA,NA,NA,NA,NA,NA,NA,NA,NA,NA,0,1,0,3,0,1,0,90,123987602,1239876021
AUS_1239895021,70,514,48,453,2424,2,4.85E+11,1500US484530024242,Block Group 2,G5030,S,1063032,0,30.1947789,-97.7946532,12398950,AUS_12398950,30.19918,-97.79359,2,1,3,16,5,40,1,1,4,11,1,3,N,4,NA,NA,4,97,97,,,0,0,0,1,0,0,0,N,N,N,N,N,N,N,11/25/2011,6:34 PM,227,22,N,N,NA,NA,19,NA,,1,NA,,EMERALD FORESTWILLIAM CANNON,,N,N,45,N,N,,Y,19,NA,,NA,,,WILLIAM CANNON,,NA,NA,,,,NA,11,4,4,NA,1,1,5,6:34 PM,DISPATCH,6:40 PM,11/26/2011,Y,74,NA,169,130,8,5,1,2,64,54,1,5,1,21,21,227,22,30.19918,-97.79359,,NA,NA,NA,EMERALD FOREST DR,NA,NA,NA,NA,NA,NA,,NA,NA,W WILLIAM CANNON DR,NA,NA,NA,NA,N,N,N,5,9,Y,FRI,NA,NA,NA,NA,NA,NA,NA,NA,NA,NA,NA,NA,NA,NA,NA,NA,NA,NA,NA,NA,NA,NA,NA,NA,NA,NA,NA,NA,NA,NA,NA,NA,NA,NA,NA,NA,NA,NA,NA,NA,NA,NA,NA,NA,NA,NA,NA,NA,NA,NA,NA,NA,NA,NA,NA,0,0,0,2,0,0,0,90,123989502,1239895021
AUS_1240915421,498,344,48,453,902,4,4.85E+11,1500US484530009024,Block Group 4,G5030,S,809825,0,30.2619393,-97.7293714,12409154,AUS_12409154,30.26292894,-97.72622988,2,1,3,16,2,27,1,1,4,11,1,4,N,4,NA,NA,4,97,97,,,0,1,0,0,0,1,0,N,N,N,N,N,N,N,11/30/2011,10:52 PM,227,22,N,N,NA,NA,19,NA,,1,1600,E,6TH,ST,N,N,30,N,N,,N,19,NA,,NA,,,COMAL,ST,NA,NA,,,,NA,11,4,2,NA,1,1,11,10:52 PM,APD DISPATCH,10:55 PM,11/30/2011,Y,74,17,115,144,8,5,4,1,64,7,1,5,1,21,21,227,22,30.26292894,-97.72622988,,NA,NA,NA,E 6TH ST,1614,NA,NA,NA,NA,NA,,NA,NA,N/A,NA,NA,NA,NA,Y,N,N,2,9,Y,WED,NA,NA,NA,NA,NA,NA,NA,NA,NA,NA,NA,NA,NA,NA,NA,NA,NA,NA,NA,NA,NA,NA,NA,NA,NA,NA,NA,NA,NA,NA,NA,NA,NA,NA,NA,NA,NA,NA,NA,NA,NA,NA,NA,NA,NA,NA,NA,NA,NA,NA,NA,NA,NA,NA,NA,0,1,0,1,0,1,0,90,124091542,1240915421
AUS_1240917621,805,67,48,453,700,1,4.85E+11,1500US484530007001,Block Group 1,G5030,S,1615130,0,30.2777004,-97.7411232,12409176,AUS_12409176,30.28162431,-97.74159507,2,1,3,16,3,24,1,1,4,11,1,2,N,4,NA,NA,4,97,97,,,0,0,1,0,0,1,0,N,N,N,N,N,N,N,11/30/2011,8:22 PM,227,22,N,N,NA,NA,19,NA,,1,400,W,MARTIN LUTHER KING,BLVD,N,N,35,N,N,,N,19,NA,,NA,,,GADAULPE,ST,NA,NA,,,,NA,11,4,0,NA,1,1,20,8:22 PM,DISPATCH,8:29 PM,11/30/2011,Y,74,129,10,14,8,5,2,2,64,54,1,5,1,21,21,227,22,30.28162431,-97.74159507,,NA,NA,NA,W MARTIN LUTHER KING JR BLVD,398,NA,NA,NA,NA,NA,,NA,NA,GUADALUPE ST,NA,NA,NA,NA,Y,N,N,3,9,Y,WED,NA,NA,NA,NA,NA,NA,NA,NA,NA,NA,NA,NA,NA,NA,NA,NA,NA,NA,NA,NA,NA,NA,NA,NA,NA,NA,NA,NA,NA,NA,NA,NA,NA,NA,NA,NA,NA,NA,NA,NA,NA,NA,NA,NA,NA,NA,NA,NA,NA,NA,NA,NA,NA,NA,NA,0,0,1,1,0,1,0,90,124091762,1240917621
AUS_1240917721,624,433,48,453,1100,1,4.85E+11,1500US484530011001,Block Group 1,G5030,S,2044061,66635,30.2687002,-97.7433003,12409177,AUS_12409177,30.26778,-97.74556,2,1,3,16,3,26,1,2,4,11,1,3,N,4,NA,NA,4,97,97,,,0,0,1,0,0,1,0,N,N,N,N,N,N,N,11/30/2011,6:24 PM,227,22,N,N,NA,NA,19,NA,,1,NA,W,5TH LAVACA,ST,N,N,30,N,N,,Y,19,NA,,NA,,,LAVACA,ST,NA,NA,,,,NA,11,4,0,NA,1,1,5,6:25 PM,RADIO,6:26 PM,11/30/2011,Y,74,NA,NA,126,8,5,2,3,64,54,1,5,1,21,21,227,22,30.26778,-97.74556,,NA,NA,NA,W 5TH ST,298,NA,NA,NA,NA,NA,,NA,NA,LAVACA ST,NA,NA,NA,NA,Y,N,N,3,9,Y,WED,NA,NA,NA,NA,NA,NA,NA,NA,NA,NA,NA,NA,NA,NA,NA,NA,NA,NA,NA,NA,NA,NA,NA,NA,NA,NA,NA,NA,NA,NA,NA,NA,NA,NA,NA,NA,NA,NA,NA,NA,NA,NA,NA,NA,NA,NA,NA,NA,NA,NA,NA,NA,NA,NA,NA,0,0,1,1,0,1,0,90,124091772,1240917721
AUS_1240918021,1060,44,48,453,304,2,4.85E+11,1500US484530003042,Block Group 2,G5030,S,598868,0,30.3105129,-97.7192852,12409180,AUS_12409180,30.31086,-97.72208,2,1,3,16,3,NA,1,1,4,11,1,5,N,4,NA,NA,4,97,97,,,0,0,1,0,0,1,0,N,N,N,N,N,N,N,11/30/2011,8:10 AM,227,22,N,N,NA,NA,19,NA,,1,4800,,DUVAL,ST,N,N,0,N,N,,Y,19,NA,,NA,,E,48TH DOVAL,ST,NA,NA,,,,NA,11,1,4,NA,1,1,8,8:10 AM,DISPATCHED,8:20 AM,11/30/2011,Y,74,NA,151,21,8,5,1,1,64,54,1,5,1,21,21,227,22,30.31086,-97.72208,,NA,NA,NA,DUVAL ST,4799,NA,NA,NA,NA,NA,,NA,NA,E 48TH ST,NA,NA,NA,NA,Y,N,N,3,9,Y,WED,NA,NA,NA,NA,NA,NA,NA,NA,NA,NA,NA,NA,NA,NA,NA,NA,NA,NA,NA,NA,NA,NA,NA,NA,NA,NA,NA,NA,NA,NA,NA,NA,NA,NA,NA,NA,NA,NA,NA,NA,NA,NA,NA,NA,NA,NA,NA,NA,NA,NA,NA,NA,NA,NA,NA,0,0,1,1,0,1,0,90,124091802,1240918021
AUS_1240947321,71,174,48,453,1728,4,4.85E+11,1500US484530017284,Block Group 4,G5030,S,1377405,0,30.189904,-97.8199033,12409473,AUS_12409473,30.19944,-97.80621,2,1,3,16,3,32,1,2,4,11,1,2,N,4,NA,NA,4,97,97,,,0,0,1,0,0,1,0,N,N,N,N,N,N,N,11/29/2011,7:33 AM,227,22,N,N,NA,NA,19,NA,,1,1900,,MATTHEWS,LN,N,N,40,N,N,,Y,19,NA,,NA,7100,,CANNON LECUE,DR,NA,NA,,,,NA,11,1,2,NA,3,1,20,7:33 AM,DISPATCH,7:36 AM,11/29/2011,Y,74,17,131,9,8,5,1,3,64,54,1,5,1,21,21,227,22,30.19944,-97.80621,,NA,NA,NA,MATTHEWS LN,1900,NA,NA,NA,NA,NA,,NA,NA,CANNONLEAGUE DR,NA,NA,NA,NA,Y,N,N,3,9,Y,TUE,NA,NA,NA,NA,NA,NA,NA,NA,NA,NA,NA,NA,NA,NA,NA,NA,NA,NA,NA,NA,NA,NA,NA,NA,NA,NA,NA,NA,NA,NA,NA,NA,NA,NA,NA,NA,NA,NA,NA,NA,NA,NA,NA,NA,NA,NA,NA,NA,NA,NA,NA,NA,NA,NA,NA,0,0,1,1,0,1,0,90,124094732,1240947321
AUS_1241012521,504,446,48,453,1100,2,4.85E+11,1500US484530011002,Block Group 2,G5030,S,393596,172901,30.2590809,-97.73992,12410125,AUS_12410125,30.26335379,-97.74451928,2,1,3,16,2,36,1,1,4,11,1,4,N,4,NA,NA,4,97,97,,,0,1,0,0,0,1,0,N,N,N,N,N,N,N,12/1/2011,3:45 AM,227,22,N,N,NA,NA,19,NA,,1,100,N,CONGRESS AVE,AVE,N,N,35,N,N,,N,19,NA,,1,100,W,CESAR CHAVEZ,ST,NA,NA,,,WEST CURB OF SIDEWALK,NA,11,4,0,NA,1,1,9,4:13 AM,DISPATCH,4:17 AM,12/1/2011,Y,74,NA,18,312,8,5,2,2,64,54,1,5,1,21,21,227,22,30.26335379,-97.74451928,,NA,NA,NA,CONGRESS AVE,NA,NA,NA,NA,NA,NA,,NA,NA,W CESAR CHAVEZ ST,NA,NA,NA,NA,Y,N,N,2,9,Y,THU,NA,NA,NA,NA,NA,NA,NA,NA,NA,NA,NA,NA,NA,NA,NA,NA,NA,NA,NA,NA,NA,NA,NA,NA,NA,NA,NA,NA,NA,NA,NA,NA,NA,NA,NA,NA,NA,NA,NA,NA,NA,NA,NA,NA,NA,NA,NA,NA,NA,NA,NA,NA,NA,NA,NA,0,1,0,1,0,1,0,90,124101252,1241012521
AUS_1241741421,491,342,48,453,902,1,4.85E+11,1500US484530009021,Block Group 1,G5030,S,694941,0,30.2609284,-97.7067363,12417414,AUS_12417414,30.26248,-97.70384,2,1,3,16,3,45,2,1,4,11,1,4,N,4,NA,NA,4,97,97,,,0,0,1,0,0,1,0,N,N,N,N,N,N,N,10/28/2011,5:56 PM,227,22,N,N,NA,NA,19,NA,,1,NA,,TILLERY,ST,N,N,35,N,N,,Y,19,NA,,NA,,,LYONS,RD,NA,NA,,,,NA,11,1,4,NA,1,1,8,5:56 PM,DISPATCH,6:15 PM,10/28/2011,Y,74,NA,NA,119,8,5,1,1,64,54,1,5,1,21,21,227,22,30.26248,-97.70384,,NA,NA,NA,TILLERY ST,901,NA,NA,NA,NA,NA,,NA,NA,LYONS RD,NA,NA,NA,NA,Y,N,N,3,9,Y,FRI,NA,NA,NA,NA,NA,NA,NA,NA,NA,NA,NA,NA,NA,NA,NA,NA,NA,NA,NA,NA,NA,NA,NA,NA,NA,NA,NA,NA,NA,NA,NA,NA,NA,NA,NA,NA,NA,NA,NA,NA,NA,NA,NA,NA,NA,NA,NA,NA,NA,NA,NA,NA,NA,NA,NA,0,0,1,1,0,1,0,90,124174142,1241741421
AUS_1242048721,683,433,48,453,1100,1,4.85E+11,1500US484530011001,Block Group 1,G5030,S,2044061,66635,30.2687002,-97.7433003,12420487,AUS_12420487,30.27175,-97.73761,2,1,3,16,1,32,5,1,4,11,1,4,N,4,NA,NA,4,97,97,,,1,0,0,0,0,1,0,N,N,N,N,N,N,N,11/29/2011,8:11 AM,227,22,N,Y,30.27108,-97.738,19,NA,,1,400,E,11TH,ST,N,N,0,N,N,4-LANE TWO WAY,Y,19,NA,,1,1100,N,TRINITY,ST,NA,NA,,,4-LANE ONE WAY,NA,11,1,0,NA,2,1,5,8:12 AM,DPS COMMUNICATIONS,8:16 AM,11/29/2011,Y,10000,NA,53,115,8,5,1,1,64,54,1,5,1,21,21,227,22,30.27175,-97.73761,,NA,NA,NA,E 11TH ST,398,NA,NA,NA,NA,NA,,NA,NA,TRINITY ST,NA,NA,NA,NA,Y,N,N,1,9,Y,TUE,NA,NA,NA,NA,NA,NA,NA,NA,NA,NA,NA,NA,NA,NA,NA,NA,NA,NA,NA,NA,NA,NA,NA,NA,NA,NA,NA,NA,NA,NA,NA,NA,NA,NA,NA,NA,NA,NA,NA,NA,NA,NA,NA,NA,NA,NA,NA,NA,NA,NA,NA,NA,NA,NA,NA,1,0,0,1,0,1,0,90,124204872,1242048721
AUS_1244824921,366,346,48,453,1000,3,4.85E+11,1500US484530010003,Block Group 3,G5030,S,432836,59672,30.2527922,-97.716717,12448249,AUS_12448249,30.2523,-97.71081,2,1,3,16,2,21,2,1,4,11,1,2,N,4,NA,NA,4,97,97,,,0,1,0,0,0,1,0,N,N,N,N,N,N,N,12/8/2011,4:00 PM,227,22,N,N,NA,NA,19,NA,,1,NA,E,CESAR CHAVEZ,ST,N,N,0,N,N,,Y,19,NA,,NA,,,LINDEN,ST,NA,NA,,,,NA,11,1,98,NA,1,1,20,4:00 PM,DISPATCHED,4:11 PM,12/8/2011,Y,74,77,34,48,8,5,1,1,64,54,1,5,1,21,21,227,22,30.2523,-97.71081,,NA,NA,NA,E CESAR CHAVEZ ST,2998,NA,NA,NA,NA,NA,,NA,NA,LINDEN ST,NA,NA,NA,NA,Y,N,N,2,9,Y,THU,NA,NA,NA,NA,NA,NA,NA,NA,NA,NA,NA,NA,NA,NA,NA,NA,NA,NA,NA,NA,NA,NA,NA,NA,NA,NA,NA,NA,NA,NA,NA,NA,NA,NA,NA,NA,NA,NA,NA,NA,NA,NA,NA,NA,NA,NA,NA,NA,NA,NA,NA,NA,NA,NA,NA,0,1,0,1,0,1,0,90,124482492,1244824921
AUS_1244826421,846,444,48,453,601,2,4.85E+11,1500US484530006012,Block Group 2,G5030,S,916303,0,30.2860516,-97.7376998,12448264,AUS_12448264,30.28687003,-97.74163632,2,1,3,16,2,20,1,1,4,11,1,4,N,4,NA,NA,4,97,97,,,0,1,0,0,0,1,0,N,N,N,N,N,N,N,12/14/2011,3:06 PM,227,22,N,N,NA,NA,19,NA,,1,2300,,GUADALUPE,ST,N,N,35,N,N,,N,19,NA,,NA,,W,24TH,ST,NA,NA,,,,NA,11,1,0,NA,1,1,16,3:06 PM,DISPATCH,3:20 PM,12/14/2011,Y,74,129,10,14,8,5,4,1,64,4,1,5,1,21,21,227,22,30.28687003,-97.74163632,,NA,NA,NA,GUADALUPE ST,2335,NA,NA,NA,NA,NA,,NA,NA,N/A,NA,NA,NA,NA,Y,N,N,2,9,Y,WED,NA,NA,NA,NA,NA,NA,NA,NA,NA,NA,NA,NA,NA,NA,NA,NA,NA,NA,NA,NA,NA,NA,NA,NA,NA,NA,NA,NA,NA,NA,NA,NA,NA,NA,NA,NA,NA,NA,NA,NA,NA,NA,NA,NA,NA,NA,NA,NA,NA,NA,NA,NA,NA,NA,NA,0,1,0,2,0,1,0,90,124482642,1244826421
AUS_1244828021,1128,334,48,453,205,2,4.85E+11,1500US484530002052,Block Group 2,G5030,S,651799,0,30.3250641,-97.7308921,12448280,AUS_12448280,30.32543,-97.73263,2,1,3,16,2,49,1,1,4,11,1,2,N,4,NA,NA,4,97,97,,,0,1,0,0,0,1,0,N,N,N,N,N,N,N,12/12/2011,5:57 PM,227,22,N,N,NA,NA,19,NA,,1,NA,,HOUSTON,ST,N,N,0,N,N,,Y,19,NA,,NA,,,GROVER,AVE,NA,NA,,,,NA,12,4,4,NA,1,1,8,5:56 PM,DISPATCHED,5:59 PM,12/12/2011,Y,74,NA,75,95,8,5,1,1,64,54,1,5,1,21,21,227,22,30.32543,-97.73263,,NA,NA,NA,HOUSTON ST,1200,NA,NA,NA,NA,NA,,NA,NA,GROVER AVE,NA,NA,NA,NA,Y,N,N,2,9,Y,MON,NA,NA,NA,NA,NA,NA,NA,NA,NA,NA,NA,NA,NA,NA,NA,NA,NA,NA,NA,NA,NA,NA,NA,NA,NA,NA,NA,NA,NA,NA,NA,NA,NA,NA,NA,NA,NA,NA,NA,NA,NA,NA,NA,NA,NA,NA,NA,NA,NA,NA,NA,NA,NA,NA,NA,0,1,0,1,0,1,0,90,124482802,1244828021
AUS_1244834221,1261,97,48,453,1707,1,4.85E+11,1500US484530017071,Block Group 1,G5030,S,1005309,0,30.3740858,-97.7469324,12448342,AUS_12448342,30.36819666,-97.74248905,2,1,3,16,5,22,1,1,4,11,1,2,N,4,NA,NA,4,97,97,,,0,0,0,1,0,0,0,N,N,N,N,N,N,N,12/12/2011,6:22 PM,227,22,N,Y,NA,NA,19,NA,,2,NA,,STEAK,AVE,N,N,35,N,N,,Y,19,NA,,NA,,N,MO PAC,EXPY,NA,NA,,,,NA,11,1,4,2,2,1,5,6:23 PM,DISPATCH,6:30 PM,12/12/2011,Y,74,17,46,64,8,5,1,3,64,54,1,2,1,21,21,227,22,30.36819666,-97.74248905,SL,1,NA,8.507,SL0001,NA,3136,1,8.683,432,0.796,US,183,NA,US0183,NA,NA,NA,NA,Y,Y,N,5,9,Y,MON,5,0,6,10,48,2,6,350,104,72,4,1,0,2,12,5,2,20,5,2,36,4,12,135760,2012,135760,1.5,0.3,1.8,1,210,1,1,11,NA,NA,NA,NA,NA,NA,NA,NA,NA,NA,NA,NA,NA,NA,NA,NA,NA,NA,NA,NA,NA,0,0,0,2,0,0,0,90,124483422,1244834221
AUS_1247186021,364,450,48,453,1305,1,4.85E+11,1500US484530013051,Block Group 1,G5030,S,1106325,65346,30.2582419,-97.7524205,12471860,AUS_12471860,30.25153716,-97.75430555,2,1,3,16,3,23,1,2,4,11,1,5,N,4,NA,NA,4,97,97,,,0,0,1,0,0,1,0,N,N,N,N,N,N,N,12/21/2011,11:15 PM,227,22,N,N,NA,NA,19,NA,,1,1200,S,1ST,ST,N,N,35,N,N,,N,19,NA,,NA,,,GIBSON,RD,NA,NA,,,,NA,2,4,98,NA,1,2,1,11:15 PM,DISPATCH,11:18 PM,12/21/2011,Y,74,17,105,112,8,5,2,1,64,54,1,5,1,21,21,227,22,30.25153716,-97.75430555,,NA,NA,NA,S 1ST ST,1301,NA,NA,NA,NA,NA,,NA,NA,GIBSON ST W,NA,NA,NA,NA,Y,N,N,3,9,Y,WED,NA,NA,NA,NA,NA,NA,NA,NA,NA,NA,NA,NA,NA,NA,NA,NA,NA,NA,NA,NA,NA,NA,NA,NA,NA,NA,NA,NA,NA,NA,NA,NA,NA,NA,NA,NA,NA,NA,NA,NA,NA,NA,NA,NA,NA,NA,NA,NA,NA,NA,NA,NA,NA,NA,NA,0,0,1,1,0,1,0,90,124718602,1247186021
AUS_12471998101,723,246,48,453,1200,3,4.85E+11,1500US484530012003,Block Group 3,G5030,S,278895,0,30.2745143,-97.7577556,12471998,AUS_12471998,30.27407094,-97.7606588,10,1,3,16,5,27,1,1,4,11,1,5,N,4,NA,NA,4,97,97,,,0,0,0,1,0,0,0,N,N,N,N,N,N,N,12/21/2011,6:30 PM,227,22,N,Y,NA,NA,19,NA,,1,1404,W,6TH,ST,N,N,30,N,N,,N,19,NA,,NA,,,OAKLAND,AVE,NA,NA,,,,NA,2,4,4,NA,1,2,1,6:31 PM,DISPATCH,6:35 PM,12/21/2011,Y,74,11,10,14,8,5,4,1,64,42,1,5,1,21,21,227,22,30.27407094,-97.7606588,,NA,NA,NA,W 6TH ST,1407,NA,NA,NA,NA,NA,,NA,NA,N/A,NA,NA,NA,NA,Y,N,N,1,9,Y,WED,NA,NA,NA,NA,NA,NA,NA,NA,NA,NA,NA,NA,NA,NA,NA,NA,NA,NA,NA,NA,NA,NA,NA,NA,NA,NA,NA,NA,NA,NA,NA,NA,NA,NA,NA,NA,NA,NA,NA,NA,NA,NA,NA,NA,NA,NA,NA,NA,NA,NA,NA,NA,NA,NA,NA,14,0,1,2,0,15,0,90,1247199810,12471998101
AUS_12471998111,728,246,48,453,1200,3,4.85E+11,1500US484530012003,Block Group 3,G5030,S,278895,0,30.2745143,-97.7577556,12471998,AUS_12471998,30.27407094,-97.7606588,11,1,3,16,1,27,1,2,4,11,1,5,N,4,NA,NA,4,97,97,,,1,0,0,0,0,1,0,N,N,N,N,N,N,N,12/21/2011,6:30 PM,227,22,N,Y,NA,NA,19,NA,,1,1404,W,6TH,ST,N,N,30,N,N,,N,19,NA,,NA,,,OAKLAND,AVE,NA,NA,,,,NA,2,4,4,NA,1,2,1,6:31 PM,DISPATCH,6:35 PM,12/21/2011,Y,74,11,10,14,8,5,4,1,64,42,1,5,1,21,21,227,22,30.27407094,-97.7606588,,NA,NA,NA,W 6TH ST,1407,NA,NA,NA,NA,NA,,NA,NA,N/A,NA,NA,NA,NA,Y,N,N,1,9,Y,WED,NA,NA,NA,NA,NA,NA,NA,NA,NA,NA,NA,NA,NA,NA,NA,NA,NA,NA,NA,NA,NA,NA,NA,NA,NA,NA,NA,NA,NA,NA,NA,NA,NA,NA,NA,NA,NA,NA,NA,NA,NA,NA,NA,NA,NA,NA,NA,NA,NA,NA,NA,NA,NA,NA,NA,14,0,1,2,0,15,0,90,1247199811,12471998111