Crash_UP_ID,FID,FID_Austin,STATEFP,COUNTYFP,TRACTCE,BLKGRPCE,GEOID1,GEOID,NAMELSAD,MTFCC,FUNCSTAT,ALAND,AWATER,INTPTLAT,INTPTLON,CrashID,CrashID1,Latitude,Longitude,Unit_Nbr,Prsn_Nbr,Prsn_Type_ID,Prsn_Occpnt_Pos_ID,Prsn_Injry_Sev_ID,Prsn_Age,Prsn_Ethnicity_ID,Prsn_Gndr_ID,Prsn_Ejct_ID,Prsn_Rest_ID,Prsn_Airbag_ID,Prsn_Helmet_ID,Prsn_Sol_Fl,Prsn_Alc_Spec_Type_ID,Prsn_Alc_Rslt_ID,Prsn_Bac_Test_Rslt,Prsn_Drg_Spec_Type_ID,Prsn_Drg_Rslt_ID,Drvr_Drg_Cat_1_ID,Prsn_Death_Date,Prsn_Death_Time,Incap_Injry_Cnt.x,Nonincap_Injry_Cnt.x,Poss_Injry_Cnt.x,Non_Injry_Cnt.x,Unkn_Injry_Cnt.x,Tot_Injry_Cnt.x,Death_Cnt.x,Crash_Fatal_Fl,Cmv_Involv_Fl,Schl_Bus_Fl,Rr_Relat_Fl,Medical_Advisory_Fl,Amend_Supp_Fl,Active_School_Zone_Fl,Crash_Date,Crash_Time,Rpt_CRIS_Cnty_ID,Rpt_City_ID,Rpt_Outside_City_Limit_Fl,Thousand_Damage_Fl,Rpt_Latitude,Rpt_Longitude,Rpt_Rdwy_Sys_ID,Rpt_Hwy_Num,Rpt_Hwy_Sfx,Rpt_Road_Part_ID,Rpt_Block_Num,Rpt_Street_Pfx,Rpt_Street_Name,Rpt_Street_Sfx,Private_Dr_Fl,Toll_Road_Fl,Crash_Speed_Limit,Road_Constr_Zone_Fl,Road_Constr_Zone_Wrkr_Fl,Rpt_Street_Desc,At_Intrsct_Fl,Rpt_Sec_Rdwy_Sys_ID,Rpt_Sec_Hwy_Num,Rpt_Sec_Hwy_Sfx,Rpt_Sec_Road_Part_ID,Rpt_Sec_Block_Num,Rpt_Sec_Street_Pfx,Rpt_Sec_Street_Name,Rpt_Sec_Street_Sfx,Rpt_Ref_Mark_Offset_Amt,Rpt_Ref_Mark_Dist_Uom,Rpt_Ref_Mark_Dir,Rpt_Ref_Mark_Nbr,Rpt_Sec_Street_Desc,Rpt_CrossingNumber,Wthr_Cond_ID,Light_Cond_ID,Entr_Road_ID,Road_Type_ID,Road_Algn_ID,Surf_Cond_ID,Traffic_Cntl_ID,Investigat_Notify_Time,Investigat_Notify_Meth,Investigat_Arrv_Time,Report_Date,Investigat_Comp_Fl,Investigat_Agency_ID,Investigat_Area_ID,Investigat_District_ID,Investigat_Region_ID,Bridge_Detail_ID,Harm_Evnt_ID,Intrsct_Relat_ID,FHE_Collsn_ID,Obj_Struck_ID,Othr_Factr_ID,Road_Part_Adj_ID,Road_Cls_ID,Road_Relat_ID,Phys_Featr_1_ID,Phys_Featr_2_ID,Cnty_ID,City_ID,Latitude.1,Longitude.1,Hwy_Sys,Hwy_Nbr,Hwy_Sfx,Dfo,Street_Name,Street_Nbr,Control,Section,Milepoint,Ref_Mark_Nbr,Ref_Mark_Displ,Hwy_Sys_2,Hwy_Nbr_2,Hwy_Sfx_2,Street_Name_2,Street_Nbr_2,Control_2,Section_2,Milepoint_2,Txdot_Rptable_Fl,Onsys_Fl,Rural_Fl,Crash_Sev_ID,Pop_Group_ID,Located_Fl,Day_of_Week,Hwy_Dsgn_Lane_ID,Hwy_Dsgn_Hrt_ID,Hp_Shldr_Left,Hp_Shldr_Right,Hp_Median_Width,Base_Type_ID,Nbr_Of_Lane,Row_Width_Usual,Roadbed_Width,Surf_Width,Surf_Type_ID,Curb_Type_Left_ID,Curb_Type_Right_ID,Shldr_Type_Left_ID,Shldr_Width_Left,Shldr_Use_Left_ID,Shldr_Type_Right_ID,Shldr_Width_Right,Shldr_Use_Right_ID,Median_Type_ID,Median_Width,Rural_Urban_Type_ID,Func_Sys_ID,Adt_Curnt_Amt,Adt_Curnt_Year,Adt_Adj_Curnt_Amt,Pct_Single_Trk_Adt,Pct_Combo_Trk_Adt,Trk_Aadt_Pct,Curve_Type_ID,Curve_Lngth,Cd_Degr,Delta_Left_Right_ID,Dd_Degr,Feature_Crossed,Structure_Number,I_R_Min_Vert_Clear,Approach_Width,Bridge_Median_ID,Bridge_Loading_Type_ID,Bridge_Loading_In_1000_Lbs,Bridge_Srvc_Type_On_ID,Bridge_Srvc_Type_Under_ID,Culvert_Type_ID,Roadway_Width,Deck_Width,Bridge_Dir_Of_Traffic_ID,Bridge_Rte_Struct_Func_ID,Bridge_IR_Struct_Func_ID,CrossingNumber,RRCo,Poscrossing_ID,WDCode_ID,Standstop,Yield,Incap_Injry_Cnt.y,Nonincap_Injry_Cnt.y,Poss_Injry_Cnt.y,Non_Injry_Cnt.y,Unkn_Injry_Cnt.y,Tot_Injry_Cnt.y,Death_Cnt.y,MPO_ID,Unit_ID,Unit_Prsn_ID
AUS_1250060311,881,359,48,453,402,1,4.85E+11,1500US484530004021,Block Group 1,G5030,S,496682,0,30.2876981,-97.7122017,12500603,AUS_12500603,30.28954,-97.71499,1,1,3,16,2,28,1,1,4,11,1,5,N,4,NA,NA,4,97,97,,,0,1,0,0,0,1,0,N,N,N,N,N,N,N,1/10/2012,5:28 PM,227,22,N,N,NA,NA,19,NA,,1,NA,,CHERRYWOOD,RD,N,N,0,N,N,,Y,19,NA,,NA,,E,34TH,ST,NA,NA,,,,NA,11,1,4,NA,3,1,1,5:28 PM,DISPATCHED,5:30 PM,1/10/2012,Y,74,22,131,16,8,5,1,3,64,54,1,5,1,21,21,227,22,30.28954,-97.71499,,NA,NA,NA,CHERRYWOOD RD,3399,NA,NA,NA,NA,NA,,NA,NA,E 34TH ST,NA,NA,NA,NA,Y,N,N,2,9,Y,TUE,NA,NA,NA,NA,NA,NA,NA,NA,NA,NA,NA,NA,NA,NA,NA,NA,NA,NA,NA,NA,NA,NA,NA,NA,NA,NA,NA,NA,NA,NA,NA,NA,NA,NA,NA,NA,NA,NA,NA,NA,NA,NA,NA,NA,NA,NA,NA,NA,NA,NA,NA,NA,NA,NA,NA,0,1,0,1,0,1,0,90,125006031,1250060311
AUS_1250076021,117,493,48,453,2411,1,4.85E+11,1500US484530024111,Block Group 1,G5030,S,2704696,0,30.2084581,-97.7468546,12500760,AUS_12500760,30.21556,-97.74009,2,1,3,16,2,24,1,2,4,11,1,4,N,4,NA,NA,4,97,97,,,0,1,0,0,0,1,0,N,N,N,N,N,N,N,1/11/2012,5:17 PM,227,22,N,N,NA,NA,19,NA,,1,2301,E,BEN WHITE SVRD EB,BLVD,N,N,40,N,N,,Y,19,NA,,NA,,S,INDUSTRIAL,DR,NA,NA,,,,NA,11,1,2,NA,1,1,8,5:18 PM,911,5:19 PM,1/11/2012,Y,74,NA,NA,367,8,5,2,1,64,54,1,5,1,21,21,227,22,30.21556,-97.74009,,NA,NA,NA,E BEN WHITE BLVD,NA,NA,NA,NA,NA,NA,,NA,NA,S INDUSTRIAL DR,NA,NA,NA,NA,Y,N,N,2,9,Y,WED,NA,NA,NA,NA,NA,NA,NA,NA,NA,NA,NA,NA,NA,NA,NA,NA,NA,NA,NA,NA,NA,NA,NA,NA,NA,NA,NA,NA,NA,NA,NA,NA,NA,NA,NA,NA,NA,NA,NA,NA,NA,NA,NA,NA,NA,NA,NA,NA,NA,NA,NA,NA,NA,NA,NA,0,1,0,1,0,1,0,90,125007602,1250076021
AUS_1250110821,1029,46,48,453,305,1,4.85E+11,1500US484530003051,Block Group 1,G5030,S,426300,0,30.3120757,-97.7234563,12501108,AUS_12501108,30.307,-97.72458,2,1,3,16,2,33,1,2,4,11,1,4,N,4,NA,NA,4,97,97,,,0,1,0,0,0,1,0,N,N,N,N,N,N,N,1/8/2012,2:59 PM,227,22,N,N,NA,NA,19,NA,,1,NA,,DUVAL,ST,N,N,35,N,N,,Y,19,NA,,NA,,,45TH,ST,NA,NA,,,,NA,12,1,4,NA,2,1,5,3:00 PM,CAD,3:07 PM,1/8/2012,Y,74,22,120,14,8,5,1,2,64,54,1,5,1,21,21,227,22,30.307,-97.72458,,NA,NA,NA,DUVAL ST,4429,NA,NA,NA,NA,NA,,NA,NA,E 45TH ST,NA,NA,NA,NA,Y,N,N,2,9,Y,SUN,NA,NA,NA,NA,NA,NA,NA,NA,NA,NA,NA,NA,NA,NA,NA,NA,NA,NA,NA,NA,NA,NA,NA,NA,NA,NA,NA,NA,NA,NA,NA,NA,NA,NA,NA,NA,NA,NA,NA,NA,NA,NA,NA,NA,NA,NA,NA,NA,NA,NA,NA,NA,NA,NA,NA,0,1,0,1,0,1,0,90,125011082,1250110821
AUS_1250114421,1158,464,48,453,1912,1,4.85E+11,1500US484530019121,Block Group 1,G5030,S,10972214,886778,30.3252866,-97.8278484,12501144,AUS_12501144,30.33167,-97.81138,2,1,3,16,2,13,4,1,4,11,1,4,N,4,NA,NA,4,97,97,,,0,1,0,0,0,1,0,N,N,N,N,N,N,N,1/6/2012,5:49 PM,227,22,N,N,NA,NA,19,NA,,1,4700,,WESTLAKE,DR,N,N,30,N,N,,Y,19,NA,,NA,,,ST STEPHENS,DR,NA,NA,,,,NA,11,4,2,NA,5,2,1,5:49 PM,DISPATCH,6:04 PM,1/6/2012,Y,74,NA,NA,107,8,5,4,1,64,54,1,5,1,21,21,227,22,30.33167,-97.81138,,NA,NA,NA,WESTLAKE DR,4434,NA,NA,NA,NA,NA,,NA,NA,N/A,NA,NA,NA,NA,Y,N,N,2,9,Y,FRI,NA,NA,NA,NA,NA,NA,NA,NA,NA,NA,NA,NA,NA,NA,NA,NA,NA,NA,NA,NA,NA,NA,NA,NA,NA,NA,NA,NA,NA,NA,NA,NA,NA,NA,NA,NA,NA,NA,NA,NA,NA,NA,NA,NA,NA,NA,NA,NA,NA,NA,NA,NA,NA,NA,NA,0,1,0,2,0,1,0,90,125011442,1250114421
AUS_1251233121,48,78,48,453,1770,1,4.85E+11,1500US484530017701,Block Group 1,G5030,S,7266689,0,30.1959673,-97.90379,12512331,AUS_12512331,30.18983838,-97.91886568,2,1,3,16,2,60,1,1,4,11,1,1,N,4,NA,NA,4,97,97,,,0,1,0,0,0,1,0,N,N,N,N,N,N,N,1/22/2012,9:35 AM,227,22,N,N,NA,NA,3,45,,1,7700,,EB,,N,N,65,N,N,,Y,19,NA,,NA,11800,,MERIDIAN PARK,BLVD,NA,NA,,,,NA,11,1,98,2,1,1,9,9:36 AM,SELF-ASSIGNED,9:47 AM,1/22/2012,Y,74,717,105,112,8,5,1,1,64,54,1,2,1,21,21,227,22,30.18983838,-97.91886568,SH,45,NA,2.188,SH0045,8105,1200,6,7.189,526,-0.15,,NA,NA,MERIDIAN PARK BLVD,NA,NA,NA,NA,Y,Y,N,2,9,Y,SUN,4,0,6,10,52,2,4,480,80,48,4,1,0,2,12,5,2,20,5,1,40,4,12,13500,2012,13500,3.7,8.6,12.3,NA,NA,NA,NA,NA,NA,NA,NA,NA,NA,NA,NA,NA,NA,NA,NA,NA,NA,NA,NA,NA,NA,NA,NA,NA,NA,0,1,0,1,0,1,0,90,125123312,1251233121
AUS_1251249631,412,68,48,453,1303,2,4.85E+11,1500US484530013032,Block Group 2,G5030,S,635029,0,30.2562161,-97.7625867,12512496,AUS_12512496,30.25779909,-97.75986402,3,1,3,16,2,21,1,1,4,11,1,1,N,4,NA,NA,4,97,97,,,0,1,0,0,0,1,0,N,N,N,N,N,N,N,1/17/2012,4:50 PM,227,22,N,Y,NA,NA,19,NA,,1,1715,W,CESAR CHAVEZ,ST,N,N,40,N,N,,N,19,NA,,NA,,W,CESAR CHAVEZ,ST,NA,NA,,,,NA,11,1,0,3,2,1,20,4:50 PM,DISPATCH,5:00 PM,1/17/2012,Y,74,252,10,14,8,5,4,1,64,54,1,2,1,21,21,227,22,30.25779909,-97.75986402,SL,343,NA,3.154,SL0343,775,113,10,0.663,566,0.664,,NA,NA,N/A,NA,NA,NA,NA,Y,Y,N,2,9,Y,TUE,2,0,0,0,0,2,4,80,60,60,4,1,1,1,0,0,1,0,0,0,0,4,14,40000,2012,40000,0.8,0.3,1.1,NA,NA,NA,NA,NA,NA,NA,NA,NA,NA,NA,NA,NA,NA,NA,NA,NA,NA,NA,NA,NA,NA,NA,NA,NA,NA,0,1,0,3,0,1,0,90,125124963,1251249631
AUS_1251268521,649,433,48,453,1100,1,4.85E+11,1500US484530011001,Block Group 1,G5030,S,2044061,66635,30.2687002,-97.7433003,12512685,AUS_12512685,30.26926,-97.73973,2,1,3,16,2,43,2,1,4,11,1,4,N,4,NA,NA,4,97,97,,,0,1,0,0,0,1,0,N,N,N,N,N,N,N,1/17/2012,4:47 PM,227,22,N,Y,NA,NA,19,NA,,1,800,,SAN JACINTO,ST,N,N,30,N,N,,Y,19,NA,,NA,200,E,8TH,ST,NA,NA,,,,NA,11,1,4,NA,1,1,5,4:47 PM,DISPATCH,4:55 PM,1/17/2012,Y,74,22,115,144,8,5,1,2,64,54,1,5,1,21,21,227,22,30.26926,-97.73973,,NA,NA,NA,SAN JACINTO BLVD,799,NA,NA,NA,NA,NA,,NA,NA,E 8TH ST,NA,NA,NA,NA,Y,N,N,2,9,Y,TUE,NA,NA,NA,NA,NA,NA,NA,NA,NA,NA,NA,NA,NA,NA,NA,NA,NA,NA,NA,NA,NA,NA,NA,NA,NA,NA,NA,NA,NA,NA,NA,NA,NA,NA,NA,NA,NA,NA,NA,NA,NA,NA,NA,NA,NA,NA,NA,NA,NA,NA,NA,NA,NA,NA,NA,0,1,0,2,0,1,0,90,125126852,1251268521
AUS_1251277021,228,416,48,453,2318,1,4.85E+11,1500US484530023181,Block Group 1,G5030,S,944123,0,30.2329033,-97.7133299,12512770,AUS_12512770,30.23423,-97.72248,2,1,3,16,2,26,1,1,4,11,1,4,N,4,NA,NA,4,97,97,,,0,1,0,0,0,1,0,N,N,N,N,N,N,N,1/22/2012,4:51 PM,227,22,N,Y,NA,NA,19,NA,,1,1900,S,PLEASANT VALLEY,RD,N,N,35,N,N,,N,19,NA,,1,2500,E,RIVERSIDE,DR,NA,NA,,,,NA,11,1,0,NA,1,1,1,4:51 PM,DISPATCH,4:55 PM,1/22/2012,Y,74,20,98,129,8,5,3,2,64,13,1,5,1,32,21,227,22,30.23423,-97.72248,,NA,NA,NA,S PLEASANT VALLEY RD,1999,NA,NA,NA,NA,NA,,NA,NA,N/A,NA,NA,NA,NA,Y,N,N,2,9,Y,SUN,NA,NA,NA,NA,NA,NA,NA,NA,NA,NA,NA,NA,NA,NA,NA,NA,NA,NA,NA,NA,NA,NA,NA,NA,NA,NA,NA,NA,NA,NA,NA,NA,NA,NA,NA,NA,NA,NA,NA,NA,NA,NA,NA,NA,NA,NA,NA,NA,NA,NA,NA,NA,NA,NA,NA,0,1,0,1,0,1,0,90,125127702,1251277021
AUS_1252656421,1384,260,48,453,1756,2,4.85E+11,1500US484530017562,Block Group 2,G5030,S,938157,0,30.427587,-97.7657012,12526564,AUS_12526564,30.4319538,-97.76489175,2,1,3,16,4,25,1,1,4,11,1,4,N,4,NA,NA,4,97,97,1/23/2012,22:34:00,0,0,0,0,0,0,1,Y,N,N,N,N,N,N,1/23/2012,10:26 PM,227,22,N,Y,NA,NA,2,183,,2,12600,N,US HWY 183,,N,N,50,N,N,NORTHBOUND SERVICE ROAD,N,19,NA,,1,,,TECHNOLOGY,BLVD,NA,NA,,,,NA,11,3,0,2,1,1,20,10:26 PM,APD COMMUNICATIONS,10:29 PM,1/23/2012,Y,74,NA,46,64,8,5,4,1,64,9,2,2,1,21,21,227,22,30.4319538,-97.76489175,US,183,NA,310.443,US0183,NA,151,6,0.159,506,0.117,,NA,NA,N/A,NA,NA,NA,NA,Y,Y,N,4,9,Y,MON,5,0,6,10,52,2,6,260,128,72,5,0,0,2,16,5,2,20,5,2,36,4,12,118630,2012,118630,1.9,0.5,2.4,NA,NA,NA,NA,NA,NA,NA,NA,NA,NA,NA,NA,NA,NA,NA,NA,NA,NA,NA,NA,NA,NA,NA,NA,NA,NA,0,0,0,1,0,0,1,90,125265642,1252656421
AUS_1252682321,173,173,48,453,1737,1,4.85E+11,1500US484530017371,Block Group 1,G5030,S,851115,0,30.2306445,-97.8711886,12526823,AUS_12526823,30.22747668,-97.86777385,2,1,3,16,2,13,5,1,4,11,1,4,N,4,NA,NA,4,97,97,,,0,1,0,0,0,1,0,N,N,N,N,N,N,N,1/18/2012,4:44 PM,227,22,N,N,NA,NA,19,NA,,1,7200,,RIDGE OAK,RD,N,N,30,N,N,,N,19,NA,,1,7200,,ESCARPMENT,BLVD,NA,NA,,,,NA,11,1,4,NA,1,1,8,4:43 PM,DISPATCH,4:47 PM,1/18/2012,Y,74,53,93,112,8,5,1,1,64,54,1,5,1,21,21,227,22,30.22747668,-97.86777385,,NA,NA,NA,RIDGE OAK RD,7200,NA,NA,NA,NA,NA,,NA,NA,ESCARPMENT BLVD,NA,NA,NA,NA,Y,N,N,2,9,Y,WED,NA,NA,NA,NA,NA,NA,NA,NA,NA,NA,NA,NA,NA,NA,NA,NA,NA,NA,NA,NA,NA,NA,NA,NA,NA,NA,NA,NA,NA,NA,NA,NA,NA,NA,NA,NA,NA,NA,NA,NA,NA,NA,NA,NA,NA,NA,NA,NA,NA,NA,NA,NA,NA,NA,NA,0,1,0,1,0,1,0,90,125268232,1252682321
AUS_1252691821,1018,379,48,453,204,3,4.85E+11,1500US484530002043,Block Group 3,G5030,S,759174,0,30.3071776,-97.744565,12526918,AUS_12526918,30.30567,-97.74415,2,1,3,16,2,23,1,1,4,11,1,2,N,4,NA,NA,4,97,97,,,0,1,0,0,0,1,0,N,N,N,N,N,N,N,1/25/2012,12:35 PM,227,22,N,N,NA,NA,19,NA,,1,NA,W,38TH,ST,N,N,35,N,N,,Y,19,NA,,NA,,,MEDICAL PKWY,,NA,NA,,,,NA,12,1,4,NA,1,1,5,12:35 PM,DISPATCHED,12:38 PM,1/25/2012,Y,74,NA,NA,125,8,5,1,1,64,54,1,5,1,21,21,227,22,30.30567,-97.74415,,NA,NA,NA,W 38TH ST,1098,NA,NA,NA,NA,NA,,NA,NA,MEDICAL PKY,NA,NA,NA,NA,Y,N,N,2,9,Y,WED,NA,NA,NA,NA,NA,NA,NA,NA,NA,NA,NA,NA,NA,NA,NA,NA,NA,NA,NA,NA,NA,NA,NA,NA,NA,NA,NA,NA,NA,NA,NA,NA,NA,NA,NA,NA,NA,NA,NA,NA,NA,NA,NA,NA,NA,NA,NA,NA,NA,NA,NA,NA,NA,NA,NA,0,1,0,2,0,1,0,90,125269182,1252691821
AUS_1252722011,1049,298,48,453,2112,3,4.85E+11,1500US484530021123,Block Group 3,G5030,S,824374,0,30.3097424,-97.6800964,12527220,AUS_12527220,30.30929583,-97.681145,1,1,3,16,2,22,1,1,4,11,1,5,N,4,NA,NA,4,97,97,,,0,1,0,0,0,1,0,N,N,N,N,N,N,N,1/27/2012,6:18 PM,227,22,N,N,NA,NA,19,NA,,1,2606,,WHELESS,LN,N,N,0,N,N,,N,19,NA,,NA,,,WHELESS LNWHELESS CV,,NA,NA,,,,NA,11,4,0,NA,1,1,11,6:18 PM,DISPATCH,6:25 PM,1/27/2012,Y,74,NA,273,95,8,5,3,2,64,13,1,5,1,32,21,227,22,30.30929583,-97.681145,,NA,NA,NA,WHELESS LN,2606,NA,NA,NA,NA,NA,,NA,NA,N/A,NA,NA,NA,NA,Y,N,N,2,9,Y,FRI,NA,NA,NA,NA,NA,NA,NA,NA,NA,NA,NA,NA,NA,NA,NA,NA,NA,NA,NA,NA,NA,NA,NA,NA,NA,NA,NA,NA,NA,NA,NA,NA,NA,NA,NA,NA,NA,NA,NA,NA,NA,NA,NA,NA,NA,NA,NA,NA,NA,NA,NA,NA,NA,NA,NA,0,1,0,1,0,1,0,90,125272201,1252722011
AUS_1254122021,839,555,48,453,2108,1,4.85E+11,1500US484530021081,Block Group 1,G5030,S,2455064,0,30.2943314,-97.6708425,12541220,AUS_12541220,30.28624673,-97.67890348,2,1,3,16,2,14,3,1,4,11,1,4,N,4,NA,NA,4,97,97,,,0,1,0,0,0,1,0,N,N,N,N,N,N,N,2/3/2012,5:07 PM,227,22,N,N,NA,NA,19,NA,,1,4800,E,MARTIN LUTHER KING JR,BLVD,N,N,30,N,N,,Y,19,NA,,NA,,,SCOTTSDALE,,NA,NA,,,,NA,11,1,4,3,3,1,8,5:07 PM,DISPATCH,5:11 PM,2/3/2012,Y,74,NA,151,78,8,5,2,1,64,54,1,3,1,21,21,227,22,30.28624673,-97.67890348,FM,969,NA,1.519,FM0969,4901,1186,1,13.183,450,-0.408,,NA,NA,SCOTTSDALE RD,NA,NA,NA,NA,Y,Y,N,2,9,Y,FRI,2,0,0,0,0,2,4,100,44,44,4,0,0,1,0,0,1,0,0,0,0,4,14,15300,2012,15300,1.2,0.4,1.6,NA,NA,NA,NA,NA,NA,NA,NA,NA,NA,NA,NA,NA,NA,NA,NA,NA,NA,NA,NA,NA,NA,NA,NA,NA,NA,0,1,0,1,0,1,0,90,125412202,1254122021
AUS_1254124521,99,492,48,453,2410,1,4.85E+11,1500US484530024101,Block Group 1,G5030,S,636725,0,30.2092527,-97.7845891,12541245,AUS_12541245,30.21077,-97.78701,2,1,3,16,3,28,2,1,4,11,1,4,N,4,NA,NA,4,97,97,,,0,0,1,0,0,1,0,N,N,N,N,N,N,N,2/4/2012,2:18 PM,227,22,N,Y,NA,NA,19,NA,,1,NA,,EMERALD FORESTW STASSNEY LN,,N,N,35,Y,N,,Y,19,NA,,NA,,W,STASSNEY,LN,NA,NA,,,,NA,11,1,4,NA,1,1,5,2:18 PM,DISPATCHED,2:28 PM,2/4/2012,Y,74,NA,NA,90,8,5,2,1,64,49,1,5,1,21,21,227,22,30.21077,-97.78701,,NA,NA,NA,EMERALD FOREST DR,5599,NA,NA,NA,NA,NA,,NA,NA,W STASSNEY LN,NA,NA,NA,NA,Y,N,N,3,9,Y,SAT,NA,NA,NA,NA,NA,NA,NA,NA,NA,NA,NA,NA,NA,NA,NA,NA,NA,NA,NA,NA,NA,NA,NA,NA,NA,NA,NA,NA,NA,NA,NA,NA,NA,NA,NA,NA,NA,NA,NA,NA,NA,NA,NA,NA,NA,NA,NA,NA,NA,NA,NA,NA,NA,NA,NA,0,0,1,1,0,1,0,90,125412452,1254124521
AUS_1254139911,1133,133,48,453,205,3,4.85E+11,1500US484530002053,Block Group 3,G5030,S,282684,0,30.3219278,-97.737431,12541399,AUS_12541399,30.32583216,-97.73959307,1,1,3,16,2,30,4,2,4,11,1,4,N,4,NA,NA,4,97,97,,,0,1,0,0,0,1,0,N,N,N,N,N,N,N,2/4/2012,4:17 PM,227,22,N,N,NA,NA,19,NA,,1,1600,W,NORTHLOOP,BLVD,N,N,30,N,N,,Y,19,NA,,NA,5300,,BURNET,RD,NA,NA,,,,NA,11,1,4,NA,1,1,5,4:17 PM,DISPATCH,4:20 PM,2/4/2012,Y,74,4,480,292,8,5,2,2,64,54,1,2,1,21,21,227,22,30.32583216,-97.73959307,,NA,NA,NA,W NORTH LOOP BLVD,1682,NA,NA,NA,NA,NA,,NA,NA,UNKNOWN,NA,NA,NA,NA,Y,N,N,2,9,Y,SAT,NA,NA,NA,NA,NA,NA,NA,NA,NA,NA,NA,NA,NA,NA,NA,NA,NA,NA,NA,NA,NA,NA,NA,NA,NA,NA,NA,NA,NA,NA,NA,NA,NA,NA,NA,NA,NA,NA,NA,NA,NA,NA,NA,NA,NA,NA,NA,NA,NA,NA,NA,NA,NA,NA,NA,0,1,0,1,0,1,0,90,125413991,1254139911
AUS_1256088611,1223,241,48,453,1806,1,4.85E+11,1500US484530018061,Block Group 1,G5030,S,521724,0,30.3586201,-97.6944938,12560886,AUS_12560886,30.35941166,-97.69270374,1,1,3,16,2,13,2,1,4,11,1,4,N,4,NA,NA,4,97,97,,,0,1,0,0,0,1,0,N,N,N,N,N,N,N,2/7/2012,3:15 PM,227,22,N,Y,NA,NA,19,NA,,1,300,,300 BLK HACKBERRY,LN,N,N,30,N,N,,N,19,NA,,NA,,N,NOT REPORTED,DR,100,FALSE,E,100,,NA,11,1,2,NA,1,1,8,3:16 PM,DISPATCHED,3:21 PM,2/7/2012,Y,74,NA,114,143,8,5,4,1,64,54,1,5,1,21,21,227,22,30.35941166,-97.69270374,,NA,NA,NA,HACKBERRY LN,332,NA,NA,NA,NA,NA,,NA,NA,N/A,NA,NA,NA,NA,Y,N,N,2,9,Y,TUE,NA,NA,NA,NA,NA,NA,NA,NA,NA,NA,NA,NA,NA,NA,NA,NA,NA,NA,NA,NA,NA,NA,NA,NA,NA,NA,NA,NA,NA,NA,NA,NA,NA,NA,NA,NA,NA,NA,NA,NA,NA,NA,NA,NA,NA,NA,NA,NA,NA,NA,NA,NA,NA,NA,NA,0,1,0,1,0,1,0,90,125608861,1256088611
AUS_1256092421,152,270,48,453,1738,2,4.85E+11,1500US484530017382,Block Group 2,G5030,S,1328133,0,30.2208509,-97.8472192,12560924,AUS_12560924,30.2233,-97.8417,2,1,3,16,1,52,1,2,4,11,1,5,N,4,NA,NA,4,97,97,,,1,0,0,0,0,1,0,N,N,N,N,N,N,N,2/7/2012,11:28 AM,227,22,N,N,NA,NA,19,NA,,1,6500,,BRUSH COUNTRY,RD,N,N,45,N,N,,Y,19,NA,,NA,4400,W,WILLIAM CANNON,DR,NA,NA,,,,NA,11,1,4,NA,1,1,5,11:28 AM,DISPATCH,11:41 AM,2/7/2012,Y,74,1,105,112,8,5,2,1,64,54,1,5,1,21,21,227,22,30.2233,-97.8417,,NA,NA,NA,BRUSH COUNTRY RD,NA,NA,NA,NA,NA,NA,,NA,NA,W WILLIAM CANNON DR,NA,NA,NA,NA,Y,N,N,1,9,Y,TUE,NA,NA,NA,NA,NA,NA,NA,NA,NA,NA,NA,NA,NA,NA,NA,NA,NA,NA,NA,NA,NA,NA,NA,NA,NA,NA,NA,NA,NA,NA,NA,NA,NA,NA,NA,NA,NA,NA,NA,NA,NA,NA,NA,NA,NA,NA,NA,NA,NA,NA,NA,NA,NA,NA,NA,1,0,0,1,0,1,0,90,125609242,1256092421
AUS_1256112421,582,117,48,453,1911,1,4.85E+11,1500US484530019111,Block Group 1,G5030,S,1910326,73868,30.264103,-97.7744638,12561124,AUS_12561124,30.26607,-97.76888,2,1,3,16,3,20,1,1,4,11,1,1,N,4,NA,NA,4,97,97,,,0,0,1,0,0,1,0,N,N,N,N,N,N,N,2/10/2012,4:49 PM,227,22,N,Y,NA,NA,19,NA,,1,NA,,WILLIAM BARTON,DR,N,N,30,N,N,,Y,19,NA,,NA,,,BARTON SRPINGS,DR,NA,NA,,,,NA,11,1,2,NA,3,1,1,4:50 PM,DISPATCHED,4:53 PM,2/10/2012,Y,74,NA,NA,72,8,5,1,1,64,54,1,5,1,21,21,227,22,30.26607,-97.76888,,NA,NA,NA,WILLIAM BARTON DR,NA,NA,NA,NA,NA,NA,,NA,NA,BARTON SPRINGS RD,NA,NA,NA,NA,Y,N,N,3,9,Y,FRI,NA,NA,NA,NA,NA,NA,NA,NA,NA,NA,NA,NA,NA,NA,NA,NA,NA,NA,NA,NA,NA,NA,NA,NA,NA,NA,NA,NA,NA,NA,NA,NA,NA,NA,NA,NA,NA,NA,NA,NA,NA,NA,NA,NA,NA,NA,NA,NA,NA,NA,NA,NA,NA,NA,NA,0,0,1,4,0,1,0,90,125611242,1256112421