Crash_UP_ID,FID,FID_Austin,STATEFP,COUNTYFP,TRACTCE,BLKGRPCE,GEOID1,GEOID,NAMELSAD,MTFCC,FUNCSTAT,ALAND,AWATER,INTPTLAT,INTPTLON,CrashID,CrashID1,Latitude,Longitude,Unit_Nbr,Prsn_Nbr,Prsn_Type_ID,Prsn_Occpnt_Pos_ID,Prsn_Injry_Sev_ID,Prsn_Age,Prsn_Ethnicity_ID,Prsn_Gndr_ID,Prsn_Ejct_ID,Prsn_Rest_ID,Prsn_Airbag_ID,Prsn_Helmet_ID,Prsn_Sol_Fl,Prsn_Alc_Spec_Type_ID,Prsn_Alc_Rslt_ID,Prsn_Bac_Test_Rslt,Prsn_Drg_Spec_Type_ID,Prsn_Drg_Rslt_ID,Drvr_Drg_Cat_1_ID,Prsn_Death_Date,Prsn_Death_Time,Incap_Injry_Cnt.x,Nonincap_Injry_Cnt.x,Poss_Injry_Cnt.x,Non_Injry_Cnt.x,Unkn_Injry_Cnt.x,Tot_Injry_Cnt.x,Death_Cnt.x,Crash_Fatal_Fl,Cmv_Involv_Fl,Schl_Bus_Fl,Rr_Relat_Fl,Medical_Advisory_Fl,Amend_Supp_Fl,Active_School_Zone_Fl,Crash_Date,Crash_Time,Rpt_CRIS_Cnty_ID,Rpt_City_ID,Rpt_Outside_City_Limit_Fl,Thousand_Damage_Fl,Rpt_Latitude,Rpt_Longitude,Rpt_Rdwy_Sys_ID,Rpt_Hwy_Num,Rpt_Hwy_Sfx,Rpt_Road_Part_ID,Rpt_Block_Num,Rpt_Street_Pfx,Rpt_Street_Name,Rpt_Street_Sfx,Private_Dr_Fl,Toll_Road_Fl,Crash_Speed_Limit,Road_Constr_Zone_Fl,Road_Constr_Zone_Wrkr_Fl,Rpt_Street_Desc,At_Intrsct_Fl,Rpt_Sec_Rdwy_Sys_ID,Rpt_Sec_Hwy_Num,Rpt_Sec_Hwy_Sfx,Rpt_Sec_Road_Part_ID,Rpt_Sec_Block_Num,Rpt_Sec_Street_Pfx,Rpt_Sec_Street_Name,Rpt_Sec_Street_Sfx,Rpt_Ref_Mark_Offset_Amt,Rpt_Ref_Mark_Dist_Uom,Rpt_Ref_Mark_Dir,Rpt_Ref_Mark_Nbr,Rpt_Sec_Street_Desc,Rpt_CrossingNumber,Wthr_Cond_ID,Light_Cond_ID,Entr_Road_ID,Road_Type_ID,Road_Algn_ID,Surf_Cond_ID,Traffic_Cntl_ID,Investigat_Notify_Time,Investigat_Notify_Meth,Investigat_Arrv_Time,Report_Date,Investigat_Comp_Fl,Investigat_Agency_ID,Investigat_Area_ID,Investigat_District_ID,Investigat_Region_ID,Bridge_Detail_ID,Harm_Evnt_ID,Intrsct_Relat_ID,FHE_Collsn_ID,Obj_Struck_ID,Othr_Factr_ID,Road_Part_Adj_ID,Road_Cls_ID,Road_Relat_ID,Phys_Featr_1_ID,Phys_Featr_2_ID,Cnty_ID,City_ID,Latitude.1,Longitude.1,Hwy_Sys,Hwy_Nbr,Hwy_Sfx,Dfo,Street_Name,Street_Nbr,Control,Section,Milepoint,Ref_Mark_Nbr,Ref_Mark_Displ,Hwy_Sys_2,Hwy_Nbr_2,Hwy_Sfx_2,Street_Name_2,Street_Nbr_2,Control_2,Section_2,Milepoint_2,Txdot_Rptable_Fl,Onsys_Fl,Rural_Fl,Crash_Sev_ID,Pop_Group_ID,Located_Fl,Day_of_Week,Hwy_Dsgn_Lane_ID,Hwy_Dsgn_Hrt_ID,Hp_Shldr_Left,Hp_Shldr_Right,Hp_Median_Width,Base_Type_ID,Nbr_Of_Lane,Row_Width_Usual,Roadbed_Width,Surf_Width,Surf_Type_ID,Curb_Type_Left_ID,Curb_Type_Right_ID,Shldr_Type_Left_ID,Shldr_Width_Left,Shldr_Use_Left_ID,Shldr_Type_Right_ID,Shldr_Width_Right,Shldr_Use_Right_ID,Median_Type_ID,Median_Width,Rural_Urban_Type_ID,Func_Sys_ID,Adt_Curnt_Amt,Adt_Curnt_Year,Adt_Adj_Curnt_Amt,Pct_Single_Trk_Adt,Pct_Combo_Trk_Adt,Trk_Aadt_Pct,Curve_Type_ID,Curve_Lngth,Cd_Degr,Delta_Left_Right_ID,Dd_Degr,Feature_Crossed,Structure_Number,I_R_Min_Vert_Clear,Approach_Width,Bridge_Median_ID,Bridge_Loading_Type_ID,Bridge_Loading_In_1000_Lbs,Bridge_Srvc_Type_On_ID,Bridge_Srvc_Type_Under_ID,Culvert_Type_ID,Roadway_Width,Deck_Width,Bridge_Dir_Of_Traffic_ID,Bridge_Rte_Struct_Func_ID,Bridge_IR_Struct_Func_ID,CrossingNumber,RRCo,Poscrossing_ID,WDCode_ID,Standstop,Yield,Incap_Injry_Cnt.y,Nonincap_Injry_Cnt.y,Poss_Injry_Cnt.y,Non_Injry_Cnt.y,Unkn_Injry_Cnt.y,Tot_Injry_Cnt.y,Death_Cnt.y,MPO_ID,Unit_ID,Unit_Prsn_ID
AUS_1267802521,420,450,48,453,1305,1,4.85E+11,1500US484530013051,Block Group 1,G5030,S,1106325,65346,30.2582419,-97.7524205,12678025,AUS_12678025,30.25844003,-97.75022015,2,1,3,16,2,20,1,2,4,11,1,4,N,4,NA,NA,4,97,97,,,0,1,0,0,0,1,0,N,N,N,N,N,N,N,3/28/2012,9:51 PM,227,22,N,N,NA,NA,19,NA,,1,1600,,BURTON,DR,N,N,0,N,N,,N,19,NA,,1,,E,RIVERSIDE,DR,NA,NA,,,RIVERSIDE,NA,2,4,0,NA,5,2,1,9:51 PM,DISPATCHED,9:54 PM,3/28/2012,Y,74,20,98,129,8,5,4,1,64,54,1,5,1,21,21,227,22,30.25844003,-97.75022015,,NA,NA,NA,BARTON SPRINGS RD,610,NA,NA,NA,NA,NA,,NA,NA,N/A,NA,NA,NA,NA,Y,N,N,2,9,Y,WED,NA,NA,NA,NA,NA,NA,NA,NA,NA,NA,NA,NA,NA,NA,NA,NA,NA,NA,NA,NA,NA,NA,NA,NA,NA,NA,NA,NA,NA,NA,NA,NA,NA,NA,NA,NA,NA,NA,NA,NA,NA,NA,NA,NA,NA,NA,NA,NA,NA,NA,NA,NA,NA,NA,NA,0,1,0,0,1,1,0,90,126780252,1267802521
AUS_1267947521,1286,103,48,453,1835,2,4.85E+11,1500US484530018352,Block Group 2,G5030,S,529731,0,30.3829472,-97.6610046,12679475,AUS_12679475,30.37684,-97.65912,2,1,3,16,2,24,1,2,4,11,1,2,N,4,NA,NA,4,97,97,,,0,1,0,0,0,1,0,N,N,N,N,N,N,N,4/7/2012,5:48 PM,227,22,N,N,NA,NA,19,NA,,1,11700,,DESSAU,RD,N,N,0,N,N,,Y,19,NA,,NA,11800,,SHROPSHIRE,BLVD,NA,NA,,,,NA,11,1,4,NA,1,1,5,5:48 PM,DISPATCH,5:54 PM,4/8/2012,Y,74,NA,114,94,8,5,1,1,64,54,1,5,1,21,21,227,22,30.37684,-97.65912,,NA,NA,NA,DESSAU RD,11700,NA,NA,NA,NA,NA,,NA,NA,UNKNOWN,NA,NA,NA,NA,Y,N,N,2,9,Y,SAT,NA,NA,NA,NA,NA,NA,NA,NA,NA,NA,NA,NA,NA,NA,NA,NA,NA,NA,NA,NA,NA,NA,NA,NA,NA,NA,NA,NA,NA,NA,NA,NA,NA,NA,NA,NA,NA,NA,NA,NA,NA,NA,NA,NA,NA,NA,NA,NA,NA,NA,NA,NA,NA,NA,NA,0,1,0,4,0,1,0,90,126794752,1267947521
AUS_1267950721,848,65,48,453,401,2,4.85E+11,1500US484530004012,Block Group 2,G5030,S,1342888,0,30.2880599,-97.7281679,12679507,AUS_12679507,30.2872625,-97.7267675,2,1,3,16,2,32,2,1,4,11,1,4,N,4,NA,NA,4,97,97,,,0,1,0,0,0,1,0,N,N,N,N,N,N,N,4/2/2012,3:33 PM,227,22,N,N,NA,NA,19,NA,,1,924,E,DEAN KEETON,ST,N,N,35,N,N,,N,19,NA,,NA,,,RED RIVER,ST,NA,NA,,,,NA,11,1,4,NA,3,1,5,3:33 PM,DISPATCHED,3:39 PM,4/2/2012,Y,74,11,10,14,8,5,4,2,64,54,1,5,1,21,21,227,22,30.2872625,-97.7267675,,NA,NA,NA,E DEAN KEETON ST,924,NA,NA,NA,NA,NA,,NA,NA,N/A,NA,NA,NA,NA,Y,N,N,2,9,Y,MON,NA,NA,NA,NA,NA,NA,NA,NA,NA,NA,NA,NA,NA,NA,NA,NA,NA,NA,NA,NA,NA,NA,NA,NA,NA,NA,NA,NA,NA,NA,NA,NA,NA,NA,NA,NA,NA,NA,NA,NA,NA,NA,NA,NA,NA,NA,NA,NA,NA,NA,NA,NA,NA,NA,NA,0,1,0,1,0,1,0,90,126795072,1267950721
AUS_1267953821,447,450,48,453,1305,1,4.85E+11,1500US484530013051,Block Group 1,G5030,S,1106325,65346,30.2582419,-97.7524205,12679538,AUS_12679538,30.26029,-97.74964,2,1,3,16,2,22,1,1,4,11,1,4,N,4,NA,NA,4,97,97,,,0,1,0,0,0,1,0,N,N,N,N,N,N,N,4/5/2012,4:17 PM,227,22,N,Y,NA,NA,19,NA,,1,NA,,SOUTH 1ST,ST,N,N,0,N,N,,Y,19,NA,,NA,,W,RIVERSIDE,DR,NA,NA,,,,NA,11,1,4,NA,8,1,5,4:17 PM,DISPATCHED,4:25 PM,4/5/2012,Y,74,NA,105,112,8,5,1,3,64,54,1,5,1,21,21,227,22,30.26029,-97.74964,,NA,NA,NA,S 1ST ST,NA,NA,NA,NA,NA,NA,,NA,NA,W RIVERSIDE DR,NA,NA,NA,NA,Y,N,N,2,9,Y,THU,NA,NA,NA,NA,NA,NA,NA,NA,NA,NA,NA,NA,NA,NA,NA,NA,NA,NA,NA,NA,NA,NA,NA,NA,NA,NA,NA,NA,NA,NA,NA,NA,NA,NA,NA,NA,NA,NA,NA,NA,NA,NA,NA,NA,NA,NA,NA,NA,NA,NA,NA,NA,NA,NA,NA,0,1,0,2,0,1,0,90,126795382,1267953821
AUS_1267959321,997,45,48,453,203,1,4.85E+11,1500US484530002031,Block Group 1,G5030,S,1209417,0,30.3126275,-97.7366586,12679593,AUS_12679593,30.30275,-97.73816,2,1,3,16,2,21,1,1,4,11,1,4,N,4,NA,NA,4,97,97,,,0,1,0,0,0,1,0,N,N,N,N,N,N,N,4/23/2012,10:04 PM,227,22,N,Y,NA,NA,19,NA,,1,3800,,GUADALUPE,ST,N,N,35,N,N,,Y,19,NA,,NA,600,W,38TH,ST,NA,NA,,,,NA,11,4,4,NA,1,1,5,10:04 PM,FLAGGED DOWN,10:04 PM,4/23/2012,Y,74,22,120,14,8,5,1,3,64,54,1,5,1,21,21,227,22,30.30275,-97.73816,,NA,NA,NA,GUADALUPE ST,3801,NA,NA,NA,NA,NA,,NA,NA,W 38TH ST,NA,NA,NA,NA,Y,N,N,2,9,Y,MON,NA,NA,NA,NA,NA,NA,NA,NA,NA,NA,NA,NA,NA,NA,NA,NA,NA,NA,NA,NA,NA,NA,NA,NA,NA,NA,NA,NA,NA,NA,NA,NA,NA,NA,NA,NA,NA,NA,NA,NA,NA,NA,NA,NA,NA,NA,NA,NA,NA,NA,NA,NA,NA,NA,NA,0,1,0,0,1,1,0,90,126795932,1267959321
AUS_1268025421,293,376,48,453,1401,2,4.85E+11,1500US484530014012,Block Group 2,G5030,S,605746,0,30.2451069,-97.74788,12680254,AUS_12680254,30.24285387,-97.7521796,2,1,3,16,2,48,1,2,4,11,1,3,N,4,NA,NA,4,97,97,,,0,1,0,0,0,1,0,N,N,N,N,N,N,N,4/25/2012,11:41 AM,227,22,N,N,NA,NA,19,NA,,1,2100,S,CONGRESS,AVE,N,N,40,N,N,,N,19,NA,,NA,100,,CROCKETT,ST,NA,NA,,,,NA,11,1,0,NA,1,1,16,11:41 AM,DISPATCH,11:44 AM,4/25/2012,Y,74,NA,NA,NA,8,5,1,3,64,54,1,5,1,21,21,227,22,30.24285387,-97.7521796,,NA,NA,NA,S CONGRESS AVE,2111,NA,NA,NA,NA,NA,,NA,NA,CROCKETT ST,NA,NA,NA,NA,Y,N,N,2,9,Y,WED,NA,NA,NA,NA,NA,NA,NA,NA,NA,NA,NA,NA,NA,NA,NA,NA,NA,NA,NA,NA,NA,NA,NA,NA,NA,NA,NA,NA,NA,NA,NA,NA,NA,NA,NA,NA,NA,NA,NA,NA,NA,NA,NA,NA,NA,NA,NA,NA,NA,NA,NA,NA,NA,NA,NA,0,1,0,1,0,1,0,90,126802542,1268025421
AUS_1268030811,315,417,48,453,2317,2,4.85E+11,1500US484530023172,Block Group 2,G5030,S,715129,139858,30.2444723,-97.7125648,12680308,AUS_12680308,30.24638121,-97.7147404,1,1,3,16,2,22,1,1,4,11,1,4,N,4,NA,NA,4,97,97,,,0,1,0,0,0,1,0,N,N,N,N,N,N,N,4/26/2012,6:12 PM,227,22,N,Y,NA,NA,19,NA,,1,500,S,PLEASANT VALLEY,RD,N,N,35,N,N,,N,19,NA,,NA,,,CANTERBURY,ST,NA,NA,,,,NA,11,1,0,NA,1,1,1,6:12 PM,DISPATCH,6:16 PM,4/26/2012,Y,74,20,98,129,8,5,4,1,64,54,1,5,1,21,21,227,22,30.24638121,-97.7147404,,NA,NA,NA,S PLEASANT VALLEY RD,500,NA,NA,NA,NA,NA,,NA,NA,N/A,NA,NA,NA,NA,Y,N,N,2,9,Y,THU,NA,NA,NA,NA,NA,NA,NA,NA,NA,NA,NA,NA,NA,NA,NA,NA,NA,NA,NA,NA,NA,NA,NA,NA,NA,NA,NA,NA,NA,NA,NA,NA,NA,NA,NA,NA,NA,NA,NA,NA,NA,NA,NA,NA,NA,NA,NA,NA,NA,NA,NA,NA,NA,NA,NA,0,1,0,5,0,1,0,90,126803081,1268030811
AUS_1268869821,64,494,48,453,2411,3,4.85E+11,1500US484530024113,Block Group 3,G5030,S,487802,0,30.1967307,-97.7491428,12688698,AUS_12688698,30.19706262,-97.74432137,2,1,3,16,1,9,3,1,4,11,1,5,N,4,NA,NA,4,97,97,,,1,0,0,0,0,1,0,N,N,N,N,N,N,N,5/2/2012,6:21 PM,227,22,N,N,NA,NA,19,NA,,1,4500,,TERI,RD,N,N,30,N,N,,N,19,NA,,NA,5100,S,PLEASANT VALLEY,RD,NA,NA,,,,NA,11,1,0,NA,1,1,20,6:21 PM,DISPATCHED,6:28 PM,5/2/2012,Y,74,251,99,130,8,5,2,1,64,54,1,5,1,21,21,227,22,30.19706262,-97.74432137,,NA,NA,NA,TERI RD,4586,NA,NA,NA,NA,NA,,NA,NA,S PLEASANT VALLEY RD,NA,NA,NA,NA,Y,N,N,1,9,Y,WED,NA,NA,NA,NA,NA,NA,NA,NA,NA,NA,NA,NA,NA,NA,NA,NA,NA,NA,NA,NA,NA,NA,NA,NA,NA,NA,NA,NA,NA,NA,NA,NA,NA,NA,NA,NA,NA,NA,NA,NA,NA,NA,NA,NA,NA,NA,NA,NA,NA,NA,NA,NA,NA,NA,NA,1,0,0,1,0,1,0,90,126886982,1268869821
AUS_1268881321,167,185,48,453,1712,1,4.85E+11,1500US484530017121,Block Group 1,G5030,S,1230676,0,30.2277107,-97.7961015,12688813,AUS_12688813,30.22706,-97.79016,2,1,3,16,2,41,1,1,4,11,1,4,N,4,NA,NA,4,97,97,,,0,1,0,0,0,1,0,N,N,N,N,N,N,N,5/3/2012,6:53 PM,227,22,N,N,NA,NA,19,NA,,1,NA,,MANCHACA,RD,N,N,35,N,N,,Y,19,NA,,NA,,,CIMARRON,TRL,NA,NA,,,,NA,11,1,2,NA,1,1,8,6:53 PM,DISPATCH,6:59 PM,5/3/2012,N,74,42,93,112,8,5,2,1,64,54,1,5,1,21,21,227,22,30.22706,-97.79016,,NA,NA,NA,MANCHACA RD,4515,NA,NA,NA,NA,NA,,NA,NA,CIMARRON TRL,NA,NA,NA,NA,Y,N,N,2,9,Y,THU,NA,NA,NA,NA,NA,NA,NA,NA,NA,NA,NA,NA,NA,NA,NA,NA,NA,NA,NA,NA,NA,NA,NA,NA,NA,NA,NA,NA,NA,NA,NA,NA,NA,NA,NA,NA,NA,NA,NA,NA,NA,NA,NA,NA,NA,NA,NA,NA,NA,NA,NA,NA,NA,NA,NA,0,1,0,0,1,1,0,90,126888132,1268881321
AUS_1269884321,1296,505,48,453,1705,1,4.85E+11,1500US484530017051,Block Group 1,G5030,S,2463159,0,30.371385,-97.7789186,12698843,AUS_12698843,30.38292895,-97.77079716,2,1,3,16,2,41,1,1,4,11,1,1,N,4,NA,NA,4,97,97,,,0,1,0,0,0,1,0,N,N,N,N,N,N,N,5/7/2012,12:10 PM,227,22,N,Y,NA,NA,19,NA,,1,8400,,CAPITAL OF TEXAS NB,HWY,N,N,60,N,N,,N,19,NA,,NA,,,SPICEWOOD SPRINGS,,NA,NA,,,,NA,11,1,0,2,1,1,5,12:10 PM,DISPATCH,12:15 PM,5/7/2012,Y,74,NA,46,64,8,5,4,1,64,3,1,2,3,21,21,227,22,30.38292895,-97.77079716,SL,360,NA,1.709,SL0360,NA,113,13,12.841,434,-0.196,,NA,NA,N/A,NA,NA,NA,NA,Y,Y,N,2,9,Y,MON,3,0,4,10,56,2,4,291,76,48,4,0,0,2,8,5,2,20,5,3,48,4,14,45000,2012,45000,2.9,0.4,3.3,NA,NA,NA,NA,NA,NA,NA,NA,NA,NA,NA,NA,NA,NA,NA,NA,NA,NA,NA,NA,NA,NA,NA,NA,NA,NA,0,1,0,1,0,1,0,90,126988432,1269884321
AUS_1269892821,387,370,48,453,1305,4,4.85E+11,1500US484530013054,Block Group 4,G5030,S,701550,0,30.2533559,-97.758127,12698928,AUS_12698928,30.25578,-97.75729,2,1,3,16,2,24,1,1,4,11,1,2,N,4,NA,NA,4,97,97,,,0,1,0,0,0,1,0,N,N,N,N,N,N,N,5/5/2012,6:29 AM,227,22,N,N,NA,NA,19,NA,,1,1000,S,5TH,ST,N,N,0,N,N,,Y,19,NA,,NA,900,,CHRISTOPHER,ST,NA,NA,,,,NA,12,0,2,NA,3,1,1,6:41 AM,DISPATCHED,7:02 AM,5/5/2012,Y,74,NA,NA,NA,8,5,1,2,64,54,1,5,1,21,21,227,22,30.25578,-97.75729,,NA,NA,NA,S 5TH ST,999,NA,NA,NA,NA,NA,,NA,NA,CHRISTOPHER ST,NA,NA,NA,NA,Y,N,N,2,9,Y,SAT,NA,NA,NA,NA,NA,NA,NA,NA,NA,NA,NA,NA,NA,NA,NA,NA,NA,NA,NA,NA,NA,NA,NA,NA,NA,NA,NA,NA,NA,NA,NA,NA,NA,NA,NA,NA,NA,NA,NA,NA,NA,NA,NA,NA,NA,NA,NA,NA,NA,NA,NA,NA,NA,NA,NA,0,1,0,2,0,1,0,90,126989282,1269892821
AUS_1269894421,270,482,48,453,2316,1,4.85E+11,1500US484530023161,Block Group 1,G5030,S,321567,0,30.2390879,-97.7290549,12698944,AUS_12698944,30.24017,-97.72708,2,1,3,16,0,26,1,1,4,11,1,4,N,4,NA,NA,4,97,97,,,0,0,0,0,1,0,0,N,N,N,N,N,N,N,5/13/2012,1:42 AM,227,22,N,N,NA,NA,19,NA,,1,1500,,BURTON,DR,N,N,30,N,N,,Y,19,NA,,NA,2000,E,RIVERSIDE,DR,NA,NA,,,,NA,11,3,0,NA,2,1,5,1:42 AM,DISPATCHED,1:48 AM,5/13/2012,Y,74,20,98,129,8,5,1,1,64,54,1,5,1,21,21,227,22,30.24017,-97.72708,,NA,NA,NA,BURTON DR,1501,NA,NA,NA,NA,NA,,NA,NA,E RIVERSIDE DR,NA,NA,NA,NA,N,N,N,5,9,Y,SUN,NA,NA,NA,NA,NA,NA,NA,NA,NA,NA,NA,NA,NA,NA,NA,NA,NA,NA,NA,NA,NA,NA,NA,NA,NA,NA,NA,NA,NA,NA,NA,NA,NA,NA,NA,NA,NA,NA,NA,NA,NA,NA,NA,NA,NA,NA,NA,NA,NA,NA,NA,NA,NA,NA,NA,0,0,0,1,1,0,0,90,126989442,1269894421
AUS_1269898611,575,344,48,453,902,4,4.85E+11,1500US484530009024,Block Group 4,G5030,S,809825,0,30.2619393,-97.7293714,12698986,AUS_12698986,30.26593145,-97.73458773,1,1,3,16,2,30,1,2,4,11,1,4,N,4,NA,NA,4,97,97,,,0,1,0,0,0,1,0,N,N,N,N,N,N,N,5/11/2012,3:35 AM,227,22,N,N,NA,NA,1,35,,1,600,,NB,,N,N,60,N,N,,N,19,NA,,NA,,E,6TH,ST,NA,NA,,,,NA,12,4,0,2,2,2,20,3:32 AM,DISPATCHED,3:37 AM,5/11/2012,Y,74,NA,NA,359,8,5,4,1,64,54,1,1,1,21,21,227,22,30.26593145,-97.73458773,IH,35,NA,233.869,IH0035,NA,15,13,17.734,235,-0.307,,NA,NA,N/A,NA,NA,NA,NA,Y,Y,N,2,9,Y,FRI,5,0,2,5,7,2,6,300,86,72,4,0,0,2,4,5,2,10,5,2,3,4,11,174200,2012,174200,2.6,6.9,9.5,NA,NA,NA,NA,NA,NA,NA,NA,NA,NA,NA,NA,NA,NA,NA,NA,NA,NA,NA,NA,NA,NA,NA,NA,NA,NA,0,1,0,1,0,1,0,90,126989861,1269898611
AUS_1269900711,595,433,48,453,1100,1,4.85E+11,1500US484530011001,Block Group 1,G5030,S,2044061,66635,30.2687002,-97.7433003,12699007,AUS_12699007,30.26655,-97.74483,1,1,3,16,1,29,1,2,4,11,1,4,N,4,NA,NA,4,97,97,,,1,0,0,0,0,1,0,N,N,N,N,N,N,N,5/9/2012,12:16 PM,227,22,N,N,NA,NA,19,NA,,1,NA,W,4TH,ST,N,N,30,Y,Y,,Y,19,NA,,NA,,,COLORADO,ST,NA,NA,,,,NA,11,1,0,NA,1,1,8,12:17 PM,DISPATCHED,12:21 PM,5/9/2012,Y,74,NA,NA,126,8,5,1,1,64,49,1,5,1,20,21,227,22,30.26655,-97.74483,,NA,NA,NA,W 4TH ST,198,NA,NA,NA,NA,NA,,NA,NA,COLORADO ST,NA,NA,NA,NA,Y,N,N,1,9,Y,WED,NA,NA,NA,NA,NA,NA,NA,NA,NA,NA,NA,NA,NA,NA,NA,NA,NA,NA,NA,NA,NA,NA,NA,NA,NA,NA,NA,NA,NA,NA,NA,NA,NA,NA,NA,NA,NA,NA,NA,NA,NA,NA,NA,NA,NA,NA,NA,NA,NA,NA,NA,NA,NA,NA,NA,1,0,0,1,0,1,0,90,126990071,1269900711
AUS_1270777021,429,450,48,453,1305,1,4.85E+11,1500US484530013051,Block Group 1,G5030,S,1106325,65346,30.2582419,-97.7524205,12707770,AUS_12707770,30.25890131,-97.75162609,2,1,3,16,2,26,1,2,4,11,1,5,N,4,NA,NA,4,97,97,,,0,1,0,0,0,1,0,N,N,N,N,N,N,N,3/27/2012,3:11 PM,227,22,N,N,NA,NA,19,NA,,1,721,,BARTON SPRINGS,RD,N,N,35,N,N,,N,19,NA,,NA,400,S,1ST,ST,NA,NA,,,,NA,11,1,0,NA,1,1,5,3:11 PM,DISPATCHED,3:13 PM,3/27/2012,Y,74,NA,105,112,8,5,1,1,64,54,1,5,1,21,21,227,22,30.25890131,-97.75162609,,NA,NA,NA,BARTON SPRINGS RD,717,NA,NA,NA,NA,NA,,NA,NA,S 1ST ST,NA,NA,NA,NA,Y,N,N,2,9,Y,TUE,NA,NA,NA,NA,NA,NA,NA,NA,NA,NA,NA,NA,NA,NA,NA,NA,NA,NA,NA,NA,NA,NA,NA,NA,NA,NA,NA,NA,NA,NA,NA,NA,NA,NA,NA,NA,NA,NA,NA,NA,NA,NA,NA,NA,NA,NA,NA,NA,NA,NA,NA,NA,NA,NA,NA,0,1,0,6,0,1,0,90,127077702,1270777021
AUS_1270779721,195,374,48,453,1308,2,4.85E+11,1500US484530013082,Block Group 2,G5030,S,175368,0,30.2313836,-97.7620296,12707797,AUS_12707797,30.23106,-97.75935,2,1,3,16,2,57,2,1,4,11,1,4,N,4,NA,NA,4,97,97,,,0,1,0,0,0,1,0,N,N,N,N,N,N,N,4/2/2012,12:09 PM,227,22,N,N,NA,NA,19,NA,,1,3200,S,CONGRESS,AVE,N,N,35,N,N,,N,19,NA,,NA,,S,S CL COLEMAN,,NA,NA,,,,NA,11,1,98,NA,1,1,16,12:09 PM,DISPATCH,12:11 PM,4/2/2012,Y,74,NA,NA,NA,8,5,4,1,64,54,1,5,1,21,21,227,22,30.23106,-97.75935,,NA,NA,NA,S CONGRESS AVE,3200,NA,NA,NA,NA,NA,,NA,NA,N/A,NA,NA,NA,NA,Y,N,N,2,9,Y,MON,NA,NA,NA,NA,NA,NA,NA,NA,NA,NA,NA,NA,NA,NA,NA,NA,NA,NA,NA,NA,NA,NA,NA,NA,NA,NA,NA,NA,NA,NA,NA,NA,NA,NA,NA,NA,NA,NA,NA,NA,NA,NA,NA,NA,NA,NA,NA,NA,NA,NA,NA,NA,NA,NA,NA,0,1,0,1,0,1,0,90,127077972,1270779721
AUS_1270788621,231,288,48,453,2308,2,4.85E+11,1500US484530023082,Block Group 2,G5030,S,754030,0,30.2333666,-97.7481073,12707886,AUS_12707886,30.23472317,-97.74384415,2,1,3,16,1,39,1,1,4,11,1,4,N,4,NA,NA,4,97,97,,,1,0,0,0,0,1,0,N,N,N,N,N,N,N,4/25/2012,12:29 AM,227,22,N,Y,NA,NA,19,NA,,1,1211,E,OLTORF,ST,N,N,0,N,N,,N,19,NA,,NA,,,SCHRIBER,ST,NA,NA,,,,NA,11,3,0,NA,3,1,1,12:29 AM,DISPATCH,,4/25/2012,Y,74,68,93,112,8,5,4,1,64,9,1,5,1,21,21,227,22,30.23472317,-97.74384415,,NA,NA,NA,E OLTORF ST,1277,NA,NA,NA,NA,NA,,NA,NA,N/A,NA,NA,NA,NA,Y,N,N,1,9,Y,WED,NA,NA,NA,NA,NA,NA,NA,NA,NA,NA,NA,NA,NA,NA,NA,NA,NA,NA,NA,NA,NA,NA,NA,NA,NA,NA,NA,NA,NA,NA,NA,NA,NA,NA,NA,NA,NA,NA,NA,NA,NA,NA,NA,NA,NA,NA,NA,NA,NA,NA,NA,NA,NA,NA,NA,1,0,0,1,0,1,0,90,127078862,1270788621
AUS_1270811421,937,362,48,453,601,1,4.85E+11,1500US484530006011,Block Group 1,G5030,S,197089,0,30.2937354,-97.739645,12708114,AUS_12708114,30.2954,-97.7428,2,1,3,16,2,26,1,1,4,11,1,2,N,4,NA,NA,4,97,97,,,0,1,0,0,0,1,0,N,N,N,N,N,N,N,5/15/2012,10:25 PM,227,22,N,N,NA,NA,19,NA,,1,600,W,29TH,ST,N,N,25,N,N,,Y,19,NA,,NA,,,GUADALUPE,ST,NA,NA,,,,NA,11,4,4,NA,1,1,5,10:25 PM,DISPATCHED,10:30 PM,5/15/2012,Y,74,11,10,14,8,5,1,3,64,54,1,5,1,21,21,227,22,30.2954,-97.7428,,NA,NA,NA,W 29TH ST,600,NA,NA,NA,NA,NA,,NA,NA,GUADALUPE ST,NA,NA,NA,NA,Y,N,N,2,9,Y,TUE,NA,NA,NA,NA,NA,NA,NA,NA,NA,NA,NA,NA,NA,NA,NA,NA,NA,NA,NA,NA,NA,NA,NA,NA,NA,NA,NA,NA,NA,NA,NA,NA,NA,NA,NA,NA,NA,NA,NA,NA,NA,NA,NA,NA,NA,NA,NA,NA,NA,NA,NA,NA,NA,NA,NA,0,1,0,4,0,1,0,90,127081142,1270811421