Crash_UP_ID,FID,FID_Austin,STATEFP,COUNTYFP,TRACTCE,BLKGRPCE,GEOID1,GEOID,NAMELSAD,MTFCC,FUNCSTAT,ALAND,AWATER,INTPTLAT,INTPTLON,CrashID,CrashID1,Latitude,Longitude,Unit_Nbr,Prsn_Nbr,Prsn_Type_ID,Prsn_Occpnt_Pos_ID,Prsn_Injry_Sev_ID,Prsn_Age,Prsn_Ethnicity_ID,Prsn_Gndr_ID,Prsn_Ejct_ID,Prsn_Rest_ID,Prsn_Airbag_ID,Prsn_Helmet_ID,Prsn_Sol_Fl,Prsn_Alc_Spec_Type_ID,Prsn_Alc_Rslt_ID,Prsn_Bac_Test_Rslt,Prsn_Drg_Spec_Type_ID,Prsn_Drg_Rslt_ID,Drvr_Drg_Cat_1_ID,Prsn_Death_Date,Prsn_Death_Time,Incap_Injry_Cnt.x,Nonincap_Injry_Cnt.x,Poss_Injry_Cnt.x,Non_Injry_Cnt.x,Unkn_Injry_Cnt.x,Tot_Injry_Cnt.x,Death_Cnt.x,Crash_Fatal_Fl,Cmv_Involv_Fl,Schl_Bus_Fl,Rr_Relat_Fl,Medical_Advisory_Fl,Amend_Supp_Fl,Active_School_Zone_Fl,Crash_Date,Crash_Time,Rpt_CRIS_Cnty_ID,Rpt_City_ID,Rpt_Outside_City_Limit_Fl,Thousand_Damage_Fl,Rpt_Latitude,Rpt_Longitude,Rpt_Rdwy_Sys_ID,Rpt_Hwy_Num,Rpt_Hwy_Sfx,Rpt_Road_Part_ID,Rpt_Block_Num,Rpt_Street_Pfx,Rpt_Street_Name,Rpt_Street_Sfx,Private_Dr_Fl,Toll_Road_Fl,Crash_Speed_Limit,Road_Constr_Zone_Fl,Road_Constr_Zone_Wrkr_Fl,Rpt_Street_Desc,At_Intrsct_Fl,Rpt_Sec_Rdwy_Sys_ID,Rpt_Sec_Hwy_Num,Rpt_Sec_Hwy_Sfx,Rpt_Sec_Road_Part_ID,Rpt_Sec_Block_Num,Rpt_Sec_Street_Pfx,Rpt_Sec_Street_Name,Rpt_Sec_Street_Sfx,Rpt_Ref_Mark_Offset_Amt,Rpt_Ref_Mark_Dist_Uom,Rpt_Ref_Mark_Dir,Rpt_Ref_Mark_Nbr,Rpt_Sec_Street_Desc,Rpt_CrossingNumber,Wthr_Cond_ID,Light_Cond_ID,Entr_Road_ID,Road_Type_ID,Road_Algn_ID,Surf_Cond_ID,Traffic_Cntl_ID,Investigat_Notify_Time,Investigat_Notify_Meth,Investigat_Arrv_Time,Report_Date,Investigat_Comp_Fl,Investigat_Agency_ID,Investigat_Area_ID,Investigat_District_ID,Investigat_Region_ID,Bridge_Detail_ID,Harm_Evnt_ID,Intrsct_Relat_ID,FHE_Collsn_ID,Obj_Struck_ID,Othr_Factr_ID,Road_Part_Adj_ID,Road_Cls_ID,Road_Relat_ID,Phys_Featr_1_ID,Phys_Featr_2_ID,Cnty_ID,City_ID,Latitude.1,Longitude.1,Hwy_Sys,Hwy_Nbr,Hwy_Sfx,Dfo,Street_Name,Street_Nbr,Control,Section,Milepoint,Ref_Mark_Nbr,Ref_Mark_Displ,Hwy_Sys_2,Hwy_Nbr_2,Hwy_Sfx_2,Street_Name_2,Street_Nbr_2,Control_2,Section_2,Milepoint_2,Txdot_Rptable_Fl,Onsys_Fl,Rural_Fl,Crash_Sev_ID,Pop_Group_ID,Located_Fl,Day_of_Week,Hwy_Dsgn_Lane_ID,Hwy_Dsgn_Hrt_ID,Hp_Shldr_Left,Hp_Shldr_Right,Hp_Median_Width,Base_Type_ID,Nbr_Of_Lane,Row_Width_Usual,Roadbed_Width,Surf_Width,Surf_Type_ID,Curb_Type_Left_ID,Curb_Type_Right_ID,Shldr_Type_Left_ID,Shldr_Width_Left,Shldr_Use_Left_ID,Shldr_Type_Right_ID,Shldr_Width_Right,Shldr_Use_Right_ID,Median_Type_ID,Median_Width,Rural_Urban_Type_ID,Func_Sys_ID,Adt_Curnt_Amt,Adt_Curnt_Year,Adt_Adj_Curnt_Amt,Pct_Single_Trk_Adt,Pct_Combo_Trk_Adt,Trk_Aadt_Pct,Curve_Type_ID,Curve_Lngth,Cd_Degr,Delta_Left_Right_ID,Dd_Degr,Feature_Crossed,Structure_Number,I_R_Min_Vert_Clear,Approach_Width,Bridge_Median_ID,Bridge_Loading_Type_ID,Bridge_Loading_In_1000_Lbs,Bridge_Srvc_Type_On_ID,Bridge_Srvc_Type_Under_ID,Culvert_Type_ID,Roadway_Width,Deck_Width,Bridge_Dir_Of_Traffic_ID,Bridge_Rte_Struct_Func_ID,Bridge_IR_Struct_Func_ID,CrossingNumber,RRCo,Poscrossing_ID,WDCode_ID,Standstop,Yield,Incap_Injry_Cnt.y,Nonincap_Injry_Cnt.y,Poss_Injry_Cnt.y,Non_Injry_Cnt.y,Unkn_Injry_Cnt.y,Tot_Injry_Cnt.y,Death_Cnt.y,MPO_ID,Unit_ID,Unit_Prsn_ID
AUS_1270829221,1067,44,48,453,304,2,4.85E+11,1500US484530003042,Block Group 2,G5030,S,598868,0,30.3105129,-97.7192852,12708292,AUS_12708292,30.31201,-97.72135,2,1,3,16,1,72,1,1,4,11,1,2,N,4,NA,NA,4,97,97,,,1,0,0,0,0,1,0,N,N,N,N,N,N,N,5/17/2012,5:29 PM,227,22,N,N,NA,NA,19,NA,,1,4900,,DUVAL,ST,N,N,30,N,N,,Y,19,NA,,NA,400,E,49TH,ST,NA,NA,,,,NA,11,1,4,NA,1,1,8,5:29 PM,DISPATCH,5:36 PM,5/17/2012,Y,74,11,10,14,8,5,1,1,64,54,1,5,1,21,21,227,22,30.31201,-97.72135,,NA,NA,NA,DUVAL ST,4813,NA,NA,NA,NA,NA,,NA,NA,E 49TH ST,NA,NA,NA,NA,Y,N,N,1,9,Y,THU,NA,NA,NA,NA,NA,NA,NA,NA,NA,NA,NA,NA,NA,NA,NA,NA,NA,NA,NA,NA,NA,NA,NA,NA,NA,NA,NA,NA,NA,NA,NA,NA,NA,NA,NA,NA,NA,NA,NA,NA,NA,NA,NA,NA,NA,NA,NA,NA,NA,NA,NA,NA,NA,NA,NA,1,0,0,1,0,1,0,90,127082922,1270829221
AUS_1270848021,149,20,48,453,2003,1,4.85E+11,1500US484530020031,Block Group 1,G5030,S,1127518,0,30.2190477,-97.7782358,12708480,AUS_12708480,30.22236022,-97.77209511,2,1,3,16,2,21,1,2,4,11,1,2,N,4,NA,NA,4,97,97,,,0,1,0,0,0,1,0,N,N,N,N,N,N,N,4/7/2012,2:02 AM,227,22,N,Y,NA,NA,19,NA,,1,4300,S,1ST,ST,N,N,35,N,N,4 LANE RD WITH LIGHTING,N,19,NA,,1,500,W,ST ELMO,RD,NA,NA,,,2-LANE ROAD,NA,11,4,0,NA,2,1,7,2:02 AM,DISPATCHED,,4/7/2012,Y,74,12,105,112,8,5,4,1,64,54,1,5,1,21,21,227,22,30.22236022,-97.77209511,,NA,NA,NA,S 1ST ST,4300,NA,NA,NA,NA,NA,,NA,NA,N/A,NA,NA,NA,NA,Y,N,N,2,9,Y,SAT,NA,NA,NA,NA,NA,NA,NA,NA,NA,NA,NA,NA,NA,NA,NA,NA,NA,NA,NA,NA,NA,NA,NA,NA,NA,NA,NA,NA,NA,NA,NA,NA,NA,NA,NA,NA,NA,NA,NA,NA,NA,NA,NA,NA,NA,NA,NA,NA,NA,NA,NA,NA,NA,NA,NA,0,1,0,1,0,1,0,90,127084802,1270848021
AUS_1271413221,24,221,48,453,1746,2,4.85E+11,1500US484530017462,Block Group 2,G5030,S,584408,0,30.1831822,-97.8330528,12714132,AUS_12714132,30.17823,-97.83873,2,1,3,16,2,43,1,1,4,11,1,4,N,4,NA,NA,4,97,97,,,0,1,0,0,0,1,0,N,N,N,N,N,N,N,4/1/2012,12:16 PM,227,22,N,Y,NA,NA,19,NA,,1,2900,W,SLAUGHTER,LN,N,N,45,N,N,,N,19,NA,,NA,,,WESTGATE,LN,NA,NA,,,,NA,0,0,0,NA,8,0,16,12:16 PM,DISPATCH,12:25 PM,4/1/2012,Y,74,163,99,130,8,5,3,2,64,13,1,5,1,32,21,227,22,30.17823,-97.83873,,NA,NA,NA,W SLAUGHTER LN,2900,NA,NA,NA,NA,NA,,NA,NA,N/A,NA,NA,NA,NA,Y,N,N,2,9,Y,SUN,NA,NA,NA,NA,NA,NA,NA,NA,NA,NA,NA,NA,NA,NA,NA,NA,NA,NA,NA,NA,NA,NA,NA,NA,NA,NA,NA,NA,NA,NA,NA,NA,NA,NA,NA,NA,NA,NA,NA,NA,NA,NA,NA,NA,NA,NA,NA,NA,NA,NA,NA,NA,NA,NA,NA,0,1,0,1,0,1,0,90,127141322,1271413221
AUS_1271413721,35,496,48,453,2412,2,4.85E+11,1500US484530024122,Block Group 2,G5030,S,477531,0,30.1855828,-97.7498972,12714137,AUS_12714137,30.18382981,-97.74984455,2,1,3,16,3,7,2,1,4,11,1,5,N,4,NA,NA,4,97,97,,,0,0,1,0,0,1,0,N,N,N,N,N,N,N,4/14/2012,4:37 PM,227,22,N,N,NA,NA,19,NA,,1,4712,,CREEK BEND,DR,N,N,25,N,N,,N,19,NA,,NA,,,SOFTWOOD,DR,NA,NA,,,,NA,11,1,0,NA,1,1,1,4:37 PM,DISPATCH,4:46 PM,4/14/2012,Y,74,37,99,130,8,5,4,1,64,54,1,5,1,21,21,227,22,30.18382981,-97.74984455,,NA,NA,NA,CREEK BEND DR,4786,NA,NA,NA,NA,NA,,NA,NA,N/A,NA,NA,NA,NA,Y,N,N,3,9,Y,SAT,NA,NA,NA,NA,NA,NA,NA,NA,NA,NA,NA,NA,NA,NA,NA,NA,NA,NA,NA,NA,NA,NA,NA,NA,NA,NA,NA,NA,NA,NA,NA,NA,NA,NA,NA,NA,NA,NA,NA,NA,NA,NA,NA,NA,NA,NA,NA,NA,NA,NA,NA,NA,NA,NA,NA,0,0,1,3,0,1,0,90,127141372,1271413721
AUS_1271416321,317,277,48,453,1304,3,4.85E+11,1500US484530013043,Block Group 3,G5030,S,363059,0,30.2504764,-97.7773945,12714163,AUS_12714163,30.24644847,-97.77829804,2,1,3,16,2,55,1,1,4,11,1,4,N,4,NA,NA,4,97,97,,,0,1,0,0,0,1,0,N,N,N,N,N,N,N,4/19/2012,10:39 AM,227,22,N,N,NA,NA,19,NA,,1,2500,S,LAMAR,BLVD,N,N,35,N,N,,N,19,NA,,NA,,,MONTCLAIRE,ST,NA,NA,,,,NA,11,1,0,3,8,1,1,9:55 AM,DISPATCHED,10:04 AM,4/19/2012,Y,74,NA,NA,NA,8,5,3,2,64,13,1,2,1,32,21,227,22,30.24644847,-97.77829804,SL,343,NA,1.729,SL0343,2511,113,9,6.666,566,-0.761,,NA,NA,N/A,NA,NA,NA,NA,Y,Y,N,2,9,Y,THU,2,0,0,0,0,2,4,80,60,48,4,1,1,1,0,0,1,0,0,0,0,4,14,39340,2012,39340,0.8,0.3,1.1,1,199,3,2,31,NA,NA,NA,NA,NA,NA,NA,NA,NA,NA,NA,NA,NA,NA,NA,NA,NA,NA,NA,NA,NA,0,1,0,1,0,1,0,90,127141632,1271416321
AUS_1271484021,1361,525,48,453,2500,4,4.85E+11,1500US484530025004,Block Group 4,G5030,S,662885,0,30.4157263,-97.7523567,12714840,AUS_12714840,30.41725,-97.75005,2,1,3,16,2,23,3,2,4,11,1,4,N,4,NA,NA,4,97,97,,,0,1,0,0,0,1,0,N,N,N,N,N,N,N,11/7/2011,3:21 PM,227,22,N,N,NA,NA,19,NA,,1,NA,,DUVAL,RD,N,N,35,N,N,,Y,19,NA,,NA,,,JOLLYVILLE,RD,NA,NA,,,,NA,12,1,4,NA,1,1,5,3:20 PM,RADIO,3:25 PM,11/7/2011,Y,74,NA,NA,NA,8,5,2,2,64,38,1,5,1,21,21,227,22,30.41725,-97.75005,,NA,NA,NA,DUVAL RD,5799,NA,NA,NA,NA,NA,,NA,NA,JOLLYVILLE RD,NA,NA,NA,NA,Y,N,N,2,9,Y,MON,NA,NA,NA,NA,NA,NA,NA,NA,NA,NA,NA,NA,NA,NA,NA,NA,NA,NA,NA,NA,NA,NA,NA,NA,NA,NA,NA,NA,NA,NA,NA,NA,NA,NA,NA,NA,NA,NA,NA,NA,NA,NA,NA,NA,NA,NA,NA,NA,NA,NA,NA,NA,NA,NA,NA,0,1,0,1,0,1,0,90,127148402,1271484021
AUS_1271491721,1290,97,48,453,1707,1,4.85E+11,1500US484530017071,Block Group 1,G5030,S,1005309,0,30.3740858,-97.7469324,12714917,AUS_12714917,30.37744,-97.75343,2,1,3,16,2,30,2,1,4,11,2,2,N,4,NA,NA,4,97,97,,,0,1,0,0,0,1,0,N,N,N,N,N,N,N,2/16/2012,4:00 PM,227,22,N,Y,NA,NA,19,NA,,1,8506,,MESA,,N,N,0,N,N,,N,19,NA,,NA,,,CIMA SEREVA,ST,150,FALSE,NW,SIGN,,NA,11,1,0,NA,1,1,16,4:00 PM,SELF ASSIGNED,4:10 PM,2/16/2012,Y,74,17,46,64,8,5,3,3,64,13,1,5,1,32,21,227,22,30.37744,-97.75343,,NA,NA,NA,MESA DR,8501,NA,NA,NA,NA,NA,,NA,NA,N/A,NA,NA,NA,NA,Y,N,N,2,9,Y,THU,NA,NA,NA,NA,NA,NA,NA,NA,NA,NA,NA,NA,NA,NA,NA,NA,NA,NA,NA,NA,NA,NA,NA,NA,NA,NA,NA,NA,NA,NA,NA,NA,NA,NA,NA,NA,NA,NA,NA,NA,NA,NA,NA,NA,NA,NA,NA,NA,NA,NA,NA,NA,NA,NA,NA,0,1,0,1,0,1,0,90,127149172,1271491721
AUS_1272000621,1307,553,48,453,1716,1,4.85E+11,1500US484530017161,Block Group 1,G5030,S,17873454,0,30.3967936,-97.8043251,12720006,AUS_12720006,30.39059012,-97.80215971,2,1,3,16,2,43,2,1,4,11,1,3,N,4,NA,NA,4,97,97,,,0,1,0,0,0,1,0,N,N,N,N,N,N,N,5/23/2012,8:33 AM,227,22,N,Y,NA,NA,19,NA,,1,7917,,JESTER,BLVD,N,N,40,N,N,,N,19,NA,,NA,,,ALOE,CV,NA,NA,,,,NA,11,1,0,NA,1,1,1,8:33 AM,DISPATCHED,8:50 AM,5/23/2012,Y,74,22,46,64,8,5,3,4,64,14,1,5,1,32,21,227,22,30.39059012,-97.80215971,,NA,NA,NA,JESTER BLVD,7918,NA,NA,NA,NA,NA,,NA,NA,N/A,NA,NA,NA,NA,Y,N,N,2,9,Y,WED,NA,NA,NA,NA,NA,NA,NA,NA,NA,NA,NA,NA,NA,NA,NA,NA,NA,NA,NA,NA,NA,NA,NA,NA,NA,NA,NA,NA,NA,NA,NA,NA,NA,NA,NA,NA,NA,NA,NA,NA,NA,NA,NA,NA,NA,NA,NA,NA,NA,NA,NA,NA,NA,NA,NA,0,1,0,1,0,1,0,90,127200062,1272000621
AUS_1272003521,1326,175,48,453,1722,2,4.85E+11,1500US484530017222,Block Group 2,G5030,S,1192674,0,30.3924165,-97.7490858,12720035,AUS_12720035,30.4007,-97.74885,2,1,3,16,3,28,1,1,4,11,1,2,N,4,NA,NA,4,97,97,,,0,0,1,0,0,1,0,N,N,N,N,N,N,N,5/22/2012,7:38 PM,227,22,N,Y,NA,NA,19,NA,,1,NA,,JOLLYVILLE,RD,N,N,40,N,N,,Y,19,NA,,NA,,W,BRAKER,LN,NA,NA,,,,NA,11,1,4,NA,1,1,5,7:38 PM,DISPATCH,7:48 PM,5/22/2012,Y,74,NA,46,64,8,5,1,3,64,54,1,5,1,21,21,227,22,30.4007,-97.74885,,NA,NA,NA,JOLLYVILLE RD,10729,NA,NA,NA,NA,NA,,NA,NA,W BRAKER LN,NA,NA,NA,NA,Y,N,N,3,9,Y,TUE,NA,NA,NA,NA,NA,NA,NA,NA,NA,NA,NA,NA,NA,NA,NA,NA,NA,NA,NA,NA,NA,NA,NA,NA,NA,NA,NA,NA,NA,NA,NA,NA,NA,NA,NA,NA,NA,NA,NA,NA,NA,NA,NA,NA,NA,NA,NA,NA,NA,NA,NA,NA,NA,NA,NA,0,0,1,1,0,1,0,90,127200352,1272003521
AUS_1272008421,205,418,48,453,2307,4,4.85E+11,1500US484530023074,Block Group 4,G5030,S,428094,0,30.2300496,-97.7399091,12720084,AUS_12720084,30.23224728,-97.73695444,2,1,3,16,3,40,2,1,4,11,1,4,N,6,NA,NA,6,97,97,,,0,0,1,0,0,1,0,N,N,N,N,N,N,N,5/21/2012,6:12 PM,227,22,N,N,NA,NA,19,NA,,1,2200,,PARKER,LN,N,N,0,N,N,,N,19,NA,,NA,1700,E,OLTORF,,NA,NA,,,,NA,11,1,98,NA,7,1,17,6:12 PM,DISPATCH,6:14 PM,5/21/2012,Y,74,20,98,129,8,5,3,2,64,14,1,5,1,32,21,227,22,30.23224728,-97.73695444,,NA,NA,NA,PARKER LN,2307,NA,NA,NA,NA,NA,,NA,NA,N/A,NA,NA,NA,NA,Y,N,N,3,9,Y,MON,NA,NA,NA,NA,NA,NA,NA,NA,NA,NA,NA,NA,NA,NA,NA,NA,NA,NA,NA,NA,NA,NA,NA,NA,NA,NA,NA,NA,NA,NA,NA,NA,NA,NA,NA,NA,NA,NA,NA,NA,NA,NA,NA,NA,NA,NA,NA,NA,NA,NA,NA,NA,NA,NA,NA,0,0,1,1,0,1,0,90,127200842,1272008421
AUS_1272016121,254,449,48,453,2304,2,4.85E+11,1500US484530023042,Block Group 2,G5030,S,401183,145886,30.2462908,-97.7297119,12720161,AUS_12720161,30.23779646,-97.72562871,2,1,3,16,3,38,1,1,4,11,1,5,N,4,NA,NA,4,97,97,,,0,0,1,0,0,1,0,N,N,N,N,N,N,N,5/19/2012,10:13 AM,227,22,N,N,NA,NA,19,NA,,7,2300,E,RIVERSIDE,DR,N,N,35,N,N,,Y,19,NA,,NA,1700,,WILLOW CREEK,,NA,NA,,,,NA,11,1,2,NA,2,1,9,10:13 AM,DISPATCHED,10:15 AM,5/19/2012,Y,74,20,98,129,8,5,2,2,64,54,1,5,1,21,21,227,22,30.23779646,-97.72562871,,NA,NA,NA,E RIVERSIDE DR,2300,NA,NA,NA,NA,NA,,NA,NA,UNKNOWN,NA,NA,NA,NA,Y,N,N,3,9,Y,SAT,NA,NA,NA,NA,NA,NA,NA,NA,NA,NA,NA,NA,NA,NA,NA,NA,NA,NA,NA,NA,NA,NA,NA,NA,NA,NA,NA,NA,NA,NA,NA,NA,NA,NA,NA,NA,NA,NA,NA,NA,NA,NA,NA,NA,NA,NA,NA,NA,NA,NA,NA,NA,NA,NA,NA,0,0,1,1,0,1,0,90,127201612,1272016121
AUS_1272432821,897,65,48,453,401,2,4.85E+11,1500US484530004012,Block Group 2,G5030,S,1342888,0,30.2880599,-97.7281679,12724328,AUS_12724328,30.29116535,-97.72706195,2,1,3,16,1,49,1,1,4,11,1,4,N,4,NA,NA,4,97,97,,,1,0,0,0,0,1,0,N,N,N,N,N,N,N,5/5/2012,1:08 AM,227,22,N,N,30.29111,-97.72696,19,NA,,1,7200,,RGP RIVER,,N,N,30,N,N,,Y,19,NA,,NA,800,E,32ND,ST,NA,NA,,,,NA,11,4,4,NA,5,1,6,1:08 AM,DISPATCHED,1:16 AM,5/5/2012,Y,74,11,10,14,8,5,1,1,64,54,1,5,1,21,21,227,22,30.29116535,-97.72706195,,NA,NA,NA,RED RIVER ST,3215,NA,NA,NA,NA,NA,,NA,NA,UNKNOWN,NA,NA,NA,NA,Y,N,N,1,9,Y,SAT,NA,NA,NA,NA,NA,NA,NA,NA,NA,NA,NA,NA,NA,NA,NA,NA,NA,NA,NA,NA,NA,NA,NA,NA,NA,NA,NA,NA,NA,NA,NA,NA,NA,NA,NA,NA,NA,NA,NA,NA,NA,NA,NA,NA,NA,NA,NA,NA,NA,NA,NA,NA,NA,NA,NA,1,0,0,0,1,1,0,90,127243282,1272432821
AUS_1273549721,932,362,48,453,601,1,4.85E+11,1500US484530006011,Block Group 1,G5030,S,197089,0,30.2937354,-97.739645,12735497,AUS_12735497,30.29523235,-97.74164145,2,1,3,16,2,23,1,1,4,11,1,4,N,4,NA,NA,4,97,97,,,0,1,0,0,0,1,0,N,N,N,N,N,N,N,5/26/2012,11:02 PM,227,22,N,Y,NA,NA,19,NA,,1,2900,,FRUTH,ST,N,N,0,N,N,,N,19,NA,,NA,,,WEST,DR,NA,NA,,,,NA,11,3,2,NA,1,1,8,11:02 PM,DISPATCH,11:04 PM,5/26/2012,Y,74,11,10,14,8,5,2,3,64,54,1,5,1,21,21,227,22,30.29523235,-97.74164145,,NA,NA,NA,FRUTH ST,2902,NA,NA,NA,NA,NA,,NA,NA,WEST DR,NA,NA,NA,NA,Y,N,N,2,9,Y,SAT,NA,NA,NA,NA,NA,NA,NA,NA,NA,NA,NA,NA,NA,NA,NA,NA,NA,NA,NA,NA,NA,NA,NA,NA,NA,NA,NA,NA,NA,NA,NA,NA,NA,NA,NA,NA,NA,NA,NA,NA,NA,NA,NA,NA,NA,NA,NA,NA,NA,NA,NA,NA,NA,NA,NA,0,1,0,1,0,1,0,90,127354972,1273549721
AUS_1273565021,800,381,48,453,803,1,4.85E+11,1500US484530008031,Block Group 1,G5030,S,458061,0,30.2783512,-97.7130481,12735650,AUS_12735650,30.28089331,-97.71429858,2,1,3,16,3,23,1,2,4,11,1,4,N,4,NA,NA,4,97,97,,,0,0,1,0,0,1,0,N,N,N,N,N,N,N,6/1/2012,8:27 AM,227,22,N,N,NA,NA,19,NA,,1,NA,,CEDAR,AVE,N,N,0,N,N,,Y,19,NA,,NA,,E,MLK,BLVD,NA,NA,,,,NA,11,1,4,NA,1,1,5,8:28 AM,DISPATCH,8:23 AM,6/1/2012,Y,74,NA,NA,96,8,5,1,3,64,54,1,5,1,21,21,227,22,30.28089331,-97.71429858,,NA,NA,NA,CEDAR AVE,1898,NA,NA,NA,NA,NA,,NA,NA,UNKNOWN,NA,NA,NA,NA,Y,N,N,3,9,Y,FRI,NA,NA,NA,NA,NA,NA,NA,NA,NA,NA,NA,NA,NA,NA,NA,NA,NA,NA,NA,NA,NA,NA,NA,NA,NA,NA,NA,NA,NA,NA,NA,NA,NA,NA,NA,NA,NA,NA,NA,NA,NA,NA,NA,NA,NA,NA,NA,NA,NA,NA,NA,NA,NA,NA,NA,0,0,1,1,0,1,0,90,127356502,1273565021
AUS_1273595111,1002,48,48,453,307,1,4.85E+11,1500US484530003071,Block Group 1,G5030,S,1214064,0,30.2970324,-97.7125662,12735951,AUS_12735951,30.30385928,-97.7139862,1,1,3,16,2,21,1,2,4,11,1,4,N,4,NA,NA,4,97,97,,,0,1,0,0,0,1,0,N,N,N,N,N,N,N,6/3/2012,7:25 PM,227,22,N,N,NA,NA,1,35,,2,NA,N,SVRD SB,,N,N,0,N,N,,Y,19,NA,,NA,,E,46TH,ST,NA,NA,,,,NA,11,1,2,2,1,1,1,7:26 PM,DISPATCH,7:29 PM,6/3/2012,Y,74,22,120,14,8,5,1,2,64,46,2,1,1,21,21,227,22,30.30385928,-97.7139862,IH,35,NA,236.764,IH0035,NA,15,13,20.652,238,-0.377,,NA,NA,E 46TH ST,NA,NA,NA,NA,Y,Y,N,2,9,Y,SUN,5,0,4,10,32,2,8,300,124,96,4,0,0,2,8,5,2,20,5,2,24,4,11,187520,2012,187520,2.5,6.7,9.2,NA,NA,NA,NA,NA,NA,NA,NA,NA,NA,NA,NA,NA,NA,NA,NA,NA,NA,NA,NA,NA,NA,NA,NA,NA,NA,0,1,0,0,1,1,0,90,127359511,1273595111
AUS_1273994221,850,557,48,453,2109,1,4.85E+11,1500US484530021091,Block Group 1,G5030,S,857113,0,30.2827117,-97.6997804,12739942,AUS_12739942,30.28752,-97.70132,2,1,3,16,2,26,1,1,4,11,1,1,N,4,NA,NA,4,97,97,,,0,1,0,0,0,1,0,N,N,N,N,N,N,N,5/7/2012,9:57 AM,227,22,N,N,NA,NA,19,NA,,1,3400,,MANOR,RD,N,N,35,N,N,,Y,19,NA,,NA,2200,,ANCHOR,LN,NA,NA,,,,NA,11,1,3,NA,1,1,20,9:57 AM,DISPATCH,10:10 AM,5/7/2012,Y,74,NA,120,14,8,5,1,2,64,54,1,5,1,21,21,227,22,30.28752,-97.70132,,NA,NA,NA,MANOR RD,3397,NA,NA,NA,NA,NA,,NA,NA,ANCHOR LN,NA,NA,NA,NA,Y,N,N,2,9,Y,MON,NA,NA,NA,NA,NA,NA,NA,NA,NA,NA,NA,NA,NA,NA,NA,NA,NA,NA,NA,NA,NA,NA,NA,NA,NA,NA,NA,NA,NA,NA,NA,NA,NA,NA,NA,NA,NA,NA,NA,NA,NA,NA,NA,NA,NA,NA,NA,NA,NA,NA,NA,NA,NA,NA,NA,0,1,0,0,1,1,0,90,127399422,1273994221
AUS_1274977021,241,423,48,453,2316,3,4.85E+11,1500US484530023163,Block Group 3,G5030,S,192029,0,30.2337861,-97.7267026,12749770,AUS_12749770,30.23630951,-97.72516707,2,1,3,16,3,27,3,1,4,11,1,5,N,4,NA,NA,4,97,97,,,0,0,1,0,0,1,0,N,N,N,N,N,N,N,6/11/2012,3:59 PM,227,22,N,N,30.23608,-97.72472,19,NA,,1,2410,E,RIVERSIDE,DR,N,N,35,N,N,,N,19,NA,,NA,,,WILLOW CREEK DR E RIVERSIDE DR INT,,NA,NA,,,,NA,11,1,0,NA,1,1,20,3:59 PM,DISPATCHED,4:56 PM,6/11/2012,Y,74,200,98,129,8,5,3,2,64,14,1,5,1,32,21,227,22,30.23630951,-97.72516707,,NA,NA,NA,E RIVERSIDE DR,NA,NA,NA,NA,NA,NA,,NA,NA,N/A,NA,NA,NA,NA,Y,N,N,3,9,Y,MON,NA,NA,NA,NA,NA,NA,NA,NA,NA,NA,NA,NA,NA,NA,NA,NA,NA,NA,NA,NA,NA,NA,NA,NA,NA,NA,NA,NA,NA,NA,NA,NA,NA,NA,NA,NA,NA,NA,NA,NA,NA,NA,NA,NA,NA,NA,NA,NA,NA,NA,NA,NA,NA,NA,NA,0,0,1,2,0,1,0,90,127497702,1274977021
AUS_1275002321,658,433,48,453,1100,1,4.85E+11,1500US484530011001,Block Group 1,G5030,S,2044061,66635,30.2687002,-97.7433003,12750023,AUS_12750023,30.26966,-97.74486,2,1,3,16,5,26,1,1,4,11,1,4,N,4,NA,NA,4,97,97,,,0,0,0,1,0,0,0,N,N,N,N,N,N,N,6/6/2012,2:05 PM,227,22,N,N,NA,NA,19,NA,,1,NA,W,7TH,ST,N,N,30,N,N,,Y,19,NA,,NA,,,LAVACA,ST,NA,NA,,,,NA,11,1,98,NA,2,1,5,2:06 PM,DISPATCHED,2:07 PM,6/6/2012,Y,74,1,115,144,8,5,1,1,64,54,1,5,1,21,21,227,22,30.26966,-97.74486,,NA,NA,NA,W 7TH ST,300,NA,NA,NA,NA,NA,,NA,NA,LAVACA ST,NA,NA,NA,NA,N,N,N,5,9,Y,WED,NA,NA,NA,NA,NA,NA,NA,NA,NA,NA,NA,NA,NA,NA,NA,NA,NA,NA,NA,NA,NA,NA,NA,NA,NA,NA,NA,NA,NA,NA,NA,NA,NA,NA,NA,NA,NA,NA,NA,NA,NA,NA,NA,NA,NA,NA,NA,NA,NA,NA,NA,NA,NA,NA,NA,0,0,0,2,0,0,0,90,127500232,1275002321
AUS_1275002821,890,179,48,453,1605,1,4.85E+11,1500US484530016051,Block Group 1,G5030,S,707199,0,30.2910262,-97.7660191,12750028,AUS_12750028,30.29004506,-97.76540794,2,1,3,16,2,43,1,1,4,11,1,2,N,5,NA,NA,4,97,97,,,0,1,0,0,0,1,0,N,N,N,N,N,N,N,6/6/2012,5:29 PM,227,22,N,N,NA,NA,19,NA,,1,2105,,WOODMONT,AVE,N,N,25,N,N,,N,19,NA,,NA,,,SHARON,LN,NA,NA,,,,NA,11,1,0,NA,1,1,1,5:29 PM,DISPATCH,5:35 PM,6/6/2012,Y,74,NA,120,14,8,5,3,4,64,14,1,5,1,1,21,227,22,30.29004506,-97.76540794,,NA,NA,NA,WOODMONT AVE,2243,NA,NA,NA,NA,NA,,NA,NA,N/A,NA,NA,NA,NA,Y,N,N,2,9,Y,WED,NA,NA,NA,NA,NA,NA,NA,NA,NA,NA,NA,NA,NA,NA,NA,NA,NA,NA,NA,NA,NA,NA,NA,NA,NA,NA,NA,NA,NA,NA,NA,NA,NA,NA,NA,NA,NA,NA,NA,NA,NA,NA,NA,NA,NA,NA,NA,NA,NA,NA,NA,NA,NA,NA,NA,0,1,0,1,0,1,0,90,127500282,1275002821