Crash_UP_ID,FID,FID_Austin,STATEFP,COUNTYFP,TRACTCE,BLKGRPCE,GEOID1,GEOID,NAMELSAD,MTFCC,FUNCSTAT,ALAND,AWATER,INTPTLAT,INTPTLON,CrashID,CrashID1,Latitude,Longitude,Unit_Nbr,Prsn_Nbr,Prsn_Type_ID,Prsn_Occpnt_Pos_ID,Prsn_Injry_Sev_ID,Prsn_Age,Prsn_Ethnicity_ID,Prsn_Gndr_ID,Prsn_Ejct_ID,Prsn_Rest_ID,Prsn_Airbag_ID,Prsn_Helmet_ID,Prsn_Sol_Fl,Prsn_Alc_Spec_Type_ID,Prsn_Alc_Rslt_ID,Prsn_Bac_Test_Rslt,Prsn_Drg_Spec_Type_ID,Prsn_Drg_Rslt_ID,Drvr_Drg_Cat_1_ID,Prsn_Death_Date,Prsn_Death_Time,Incap_Injry_Cnt.x,Nonincap_Injry_Cnt.x,Poss_Injry_Cnt.x,Non_Injry_Cnt.x,Unkn_Injry_Cnt.x,Tot_Injry_Cnt.x,Death_Cnt.x,Crash_Fatal_Fl,Cmv_Involv_Fl,Schl_Bus_Fl,Rr_Relat_Fl,Medical_Advisory_Fl,Amend_Supp_Fl,Active_School_Zone_Fl,Crash_Date,Crash_Time,Rpt_CRIS_Cnty_ID,Rpt_City_ID,Rpt_Outside_City_Limit_Fl,Thousand_Damage_Fl,Rpt_Latitude,Rpt_Longitude,Rpt_Rdwy_Sys_ID,Rpt_Hwy_Num,Rpt_Hwy_Sfx,Rpt_Road_Part_ID,Rpt_Block_Num,Rpt_Street_Pfx,Rpt_Street_Name,Rpt_Street_Sfx,Private_Dr_Fl,Toll_Road_Fl,Crash_Speed_Limit,Road_Constr_Zone_Fl,Road_Constr_Zone_Wrkr_Fl,Rpt_Street_Desc,At_Intrsct_Fl,Rpt_Sec_Rdwy_Sys_ID,Rpt_Sec_Hwy_Num,Rpt_Sec_Hwy_Sfx,Rpt_Sec_Road_Part_ID,Rpt_Sec_Block_Num,Rpt_Sec_Street_Pfx,Rpt_Sec_Street_Name,Rpt_Sec_Street_Sfx,Rpt_Ref_Mark_Offset_Amt,Rpt_Ref_Mark_Dist_Uom,Rpt_Ref_Mark_Dir,Rpt_Ref_Mark_Nbr,Rpt_Sec_Street_Desc,Rpt_CrossingNumber,Wthr_Cond_ID,Light_Cond_ID,Entr_Road_ID,Road_Type_ID,Road_Algn_ID,Surf_Cond_ID,Traffic_Cntl_ID,Investigat_Notify_Time,Investigat_Notify_Meth,Investigat_Arrv_Time,Report_Date,Investigat_Comp_Fl,Investigat_Agency_ID,Investigat_Area_ID,Investigat_District_ID,Investigat_Region_ID,Bridge_Detail_ID,Harm_Evnt_ID,Intrsct_Relat_ID,FHE_Collsn_ID,Obj_Struck_ID,Othr_Factr_ID,Road_Part_Adj_ID,Road_Cls_ID,Road_Relat_ID,Phys_Featr_1_ID,Phys_Featr_2_ID,Cnty_ID,City_ID,Latitude.1,Longitude.1,Hwy_Sys,Hwy_Nbr,Hwy_Sfx,Dfo,Street_Name,Street_Nbr,Control,Section,Milepoint,Ref_Mark_Nbr,Ref_Mark_Displ,Hwy_Sys_2,Hwy_Nbr_2,Hwy_Sfx_2,Street_Name_2,Street_Nbr_2,Control_2,Section_2,Milepoint_2,Txdot_Rptable_Fl,Onsys_Fl,Rural_Fl,Crash_Sev_ID,Pop_Group_ID,Located_Fl,Day_of_Week,Hwy_Dsgn_Lane_ID,Hwy_Dsgn_Hrt_ID,Hp_Shldr_Left,Hp_Shldr_Right,Hp_Median_Width,Base_Type_ID,Nbr_Of_Lane,Row_Width_Usual,Roadbed_Width,Surf_Width,Surf_Type_ID,Curb_Type_Left_ID,Curb_Type_Right_ID,Shldr_Type_Left_ID,Shldr_Width_Left,Shldr_Use_Left_ID,Shldr_Type_Right_ID,Shldr_Width_Right,Shldr_Use_Right_ID,Median_Type_ID,Median_Width,Rural_Urban_Type_ID,Func_Sys_ID,Adt_Curnt_Amt,Adt_Curnt_Year,Adt_Adj_Curnt_Amt,Pct_Single_Trk_Adt,Pct_Combo_Trk_Adt,Trk_Aadt_Pct,Curve_Type_ID,Curve_Lngth,Cd_Degr,Delta_Left_Right_ID,Dd_Degr,Feature_Crossed,Structure_Number,I_R_Min_Vert_Clear,Approach_Width,Bridge_Median_ID,Bridge_Loading_Type_ID,Bridge_Loading_In_1000_Lbs,Bridge_Srvc_Type_On_ID,Bridge_Srvc_Type_Under_ID,Culvert_Type_ID,Roadway_Width,Deck_Width,Bridge_Dir_Of_Traffic_ID,Bridge_Rte_Struct_Func_ID,Bridge_IR_Struct_Func_ID,CrossingNumber,RRCo,Poscrossing_ID,WDCode_ID,Standstop,Yield,Incap_Injry_Cnt.y,Nonincap_Injry_Cnt.y,Poss_Injry_Cnt.y,Non_Injry_Cnt.y,Unkn_Injry_Cnt.y,Tot_Injry_Cnt.y,Death_Cnt.y,MPO_ID,Unit_ID,Unit_Prsn_ID
AUS_1285015321,989,379,48,453,204,3,4.85E+11,1500US484530002043,Block Group 3,G5030,S,759174,0,30.3071776,-97.744565,12850153,AUS_12850153,30.30269,-97.74472,2,1,3,16,3,30,2,1,4,11,1,4,N,4,NA,NA,4,97,97,,,0,0,1,0,0,1,0,N,N,N,N,N,N,N,8/16/2012,8:31 AM,227,22,N,N,NA,NA,19,NA,,1,1000,W,34TH,ST,N,N,30,Y,Y,,N,19,NA,,NA,3300,N,LAMAR S OL,,NA,NA,,,,NA,11,1,0,NA,1,1,5,8:31 AM,DISPATCH,8:43 AM,8/16/2012,Y,74,216,10,14,8,5,2,1,64,49,1,1,1,21,21,227,22,30.30269,-97.74472,,NA,NA,NA,W 34TH ST,1000,NA,NA,NA,NA,NA,,NA,NA,UNKNOWN,NA,NA,NA,NA,Y,N,N,3,9,Y,THU,NA,NA,NA,NA,NA,NA,NA,NA,NA,NA,NA,NA,NA,NA,NA,NA,NA,NA,NA,NA,NA,NA,NA,NA,NA,NA,NA,NA,NA,NA,NA,NA,NA,NA,NA,NA,NA,NA,NA,NA,NA,NA,NA,NA,NA,NA,NA,NA,NA,NA,NA,NA,NA,NA,NA,0,0,1,1,0,1,0,90,128501532,1285015321
AUS_1285015811,1151,62,48,453,2202,3,4.85E+11,1500US484530022023,Block Group 3,G5030,S,10246544,10175,30.3182646,-97.6270059,12850158,AUS_12850158,30.32999701,-97.63870634,1,1,3,16,1,38,1,1,4,11,1,4,N,4,NA,NA,4,97,97,,,1,0,0,0,0,1,0,N,N,N,N,N,N,N,8/15/2012,6:05 PM,227,22,N,N,NA,NA,2,290,,1,9300,E,EB,HWY,N,N,55,Y,N,,N,19,NA,,NA,,,SPRINGDALE,RD,NA,NA,,,,NA,11,1,0,2,1,1,20,6:05 PM,DISPATCHED,6:20 PM,8/15/2012,Y,74,1,34,48,8,5,4,1,64,49,1,2,1,21,21,227,22,30.32999701,-97.63870634,US,290,NA,129.255,US0290,NA,114,2,4.526,590,0.247,,NA,NA,N/A,NA,NA,NA,NA,Y,Y,N,1,9,Y,WED,3,0,6,10,68,2,4,200,80,48,4,0,0,2,12,5,2,20,5,3,56,4,14,38000,2012,38000,2.8,3.8,6.6,NA,NA,NA,NA,NA,NA,NA,NA,NA,NA,NA,NA,NA,NA,NA,NA,NA,NA,NA,NA,NA,NA,NA,NA,NA,NA,1,0,0,2,0,1,0,90,128501581,1285015811
AUS_1285027821,1242,248,48,453,1819,1,4.85E+11,1500US484530018191,Block Group 1,G5030,S,687139,0,30.362599,-97.7031229,12850278,AUS_12850278,30.36304707,-97.69702477,2,1,3,16,2,57,2,2,4,11,1,4,N,4,NA,NA,4,97,97,,,0,1,0,0,0,1,0,N,N,N,N,N,N,N,8/12/2012,9:45 PM,227,22,N,N,NA,NA,19,NA,,1,9300,N,LAMAR,BLVD,N,N,0,N,N,,Y,19,NA,,NA,830,W,RUNDBERG,LN,NA,NA,,,,NA,11,4,0,3,1,1,5,10:16 PM,DISPATCH,11:25 PM,8/12/2012,Y,74,NA,114,143,8,5,2,1,64,54,1,2,1,21,21,227,22,30.36304707,-97.69702477,SL,275,NA,4.554,SL0275,9399,15,11,5.634,434,0.623,,NA,NA,W RUNDBERG LN,NA,NA,NA,NA,Y,Y,N,2,9,Y,SUN,2,0,0,0,0,2,4,125,48,48,4,1,1,1,0,0,1,0,0,0,0,4,14,33000,2012,33000,0.9,0.3,1.2,NA,NA,NA,NA,NA,NA,NA,NA,NA,NA,NA,NA,NA,NA,NA,NA,NA,NA,NA,NA,NA,NA,NA,NA,NA,NA,0,1,0,0,1,1,0,90,128502782,1285027821
AUS_1285038211,1129,334,48,453,205,2,4.85E+11,1500US484530002052,Block Group 2,G5030,S,651799,0,30.3250641,-97.7308921,12850382,AUS_12850382,30.32562842,-97.72654222,1,1,3,16,2,23,1,1,4,11,1,3,N,4,NA,NA,4,97,97,,,0,1,0,0,0,1,0,N,N,N,N,N,N,N,8/15/2012,10:30 PM,227,22,N,N,NA,NA,19,NA,,1,5636,N,LAMAR,BLVD,N,N,40,N,N,,N,19,NA,,NA,,W,KOENIG,LN,NA,NA,,,,NA,11,4,0,NA,1,1,20,12:29 AM,DISPATCHED,12:32 AM,8/16/2012,N,74,NA,84,95,8,5,4,1,64,25,1,1,1,21,21,227,22,30.32562842,-97.72654222,,NA,NA,NA,N LAMAR BLVD,NA,NA,NA,NA,NA,NA,,NA,NA,N/A,NA,NA,NA,NA,Y,N,N,2,9,Y,WED,NA,NA,NA,NA,NA,NA,NA,NA,NA,NA,NA,NA,NA,NA,NA,NA,NA,NA,NA,NA,NA,NA,NA,NA,NA,NA,NA,NA,NA,NA,NA,NA,NA,NA,NA,NA,NA,NA,NA,NA,NA,NA,NA,NA,NA,NA,NA,NA,NA,NA,NA,NA,NA,NA,NA,0,1,0,0,1,1,0,90,128503821,1285038211
AUS_1285043321,1191,573,48,453,1504,4,4.85E+11,1500US484530015044,Block Group 4,G5030,S,705448,0,30.3455485,-97.7307572,12850433,AUS_12850433,30.34836214,-97.73567425,2,1,3,16,2,24,1,1,4,11,1,4,N,4,NA,NA,4,97,97,,,0,1,0,0,0,1,0,N,N,N,N,N,N,N,8/17/2012,12:01 AM,227,22,N,N,NA,NA,19,NA,,1,7200,,BURNET,RD,N,N,0,N,N,,N,19,NA,,NA,2400,,GREEN LAWN,PKWY,NA,NA,,,,NA,11,6,0,NA,1,1,20,12:01 AM,DISPATCH,12:05 AM,8/17/2012,Y,74,NA,84,95,8,5,4,1,64,54,1,5,1,21,21,227,22,30.34836214,-97.73567425,,NA,NA,NA,BURNET RD,7224,NA,NA,NA,NA,NA,,NA,NA,N/A,NA,NA,NA,NA,Y,N,N,2,9,Y,FRI,NA,NA,NA,NA,NA,NA,NA,NA,NA,NA,NA,NA,NA,NA,NA,NA,NA,NA,NA,NA,NA,NA,NA,NA,NA,NA,NA,NA,NA,NA,NA,NA,NA,NA,NA,NA,NA,NA,NA,NA,NA,NA,NA,NA,NA,NA,NA,NA,NA,NA,NA,NA,NA,NA,NA,0,1,0,1,0,1,0,90,128504332,1285043321
AUS_1285241921,1014,380,48,453,304,1,4.85E+11,1500US484530003041,Block Group 1,G5030,S,592215,0,30.3082262,-97.7144996,12852419,AUS_12852419,30.30484,-97.71591,2,1,3,16,2,39,1,1,4,11,1,4,N,4,NA,NA,4,97,97,,,0,1,0,0,0,1,0,N,N,N,N,N,N,N,7/31/2012,7:51 PM,227,22,N,N,NA,NA,19,NA,,1,NA,E,46TH,ST,N,N,45,N,N,,Y,19,NA,,NA,,,AIRPORT,BLVD,NA,NA,,,,NA,11,1,4,NA,8,1,8,7:51 PM,DISPATCH,7:53 PM,7/31/2012,Y,74,NA,NA,125,8,5,1,3,64,54,1,5,1,21,21,227,22,30.30484,-97.71591,,NA,NA,NA,E 46TH ST,NA,NA,NA,NA,NA,NA,,NA,NA,AIRPORT BLVD,NA,NA,NA,NA,Y,N,N,2,9,Y,TUE,NA,NA,NA,NA,NA,NA,NA,NA,NA,NA,NA,NA,NA,NA,NA,NA,NA,NA,NA,NA,NA,NA,NA,NA,NA,NA,NA,NA,NA,NA,NA,NA,NA,NA,NA,NA,NA,NA,NA,NA,NA,NA,NA,NA,NA,NA,NA,NA,NA,NA,NA,NA,NA,NA,NA,0,1,0,2,0,1,0,90,128524192,1285241921
AUS_1285538711,54,509,48,453,2422,2,4.85E+11,1500US484530024222,Block Group 2,G5030,S,1427901,0,30.1823593,-97.7794176,12855387,AUS_12855387,30.19268,-97.77757,1,1,3,16,3,15,2,1,4,11,1,4,N,4,NA,NA,4,97,97,,,0,0,1,0,0,1,0,N,N,N,N,N,N,N,6/5/2012,6:54 PM,227,22,N,N,NA,NA,19,NA,,1,6600,,CIRCLE S,RD,N,N,35,N,N,LOCAL RD,Y,19,NA,,1,200,E,WILLIAM CANNON,DR,NA,NA,,,LOCAL RD,NA,11,1,0,NA,1,1,1,6:54 PM,DISPATCH,6:56 PM,6/5/2012,Y,74,NA,NA,290,8,5,1,1,64,54,1,5,1,21,21,227,22,30.19268,-97.77757,,NA,NA,NA,CIRCLE S RD,6601,NA,NA,NA,NA,NA,,NA,NA,E WILLIAM CANNON DR,NA,NA,NA,NA,Y,N,N,3,9,Y,TUE,NA,NA,NA,NA,NA,NA,NA,NA,NA,NA,NA,NA,NA,NA,NA,NA,NA,NA,NA,NA,NA,NA,NA,NA,NA,NA,NA,NA,NA,NA,NA,NA,NA,NA,NA,NA,NA,NA,NA,NA,NA,NA,NA,NA,NA,NA,NA,NA,NA,NA,NA,NA,NA,NA,NA,0,0,1,1,0,1,0,90,128553871,1285538711
AUS_1286527921,1056,380,48,453,304,1,4.85E+11,1500US484530003041,Block Group 1,G5030,S,592215,0,30.3082262,-97.7144996,12865279,AUS_12865279,30.3105,-97.71194,2,1,3,16,2,32,1,1,4,11,1,5,N,4,NA,NA,4,97,97,,,0,1,0,0,0,1,0,N,N,N,N,N,N,N,7/6/2011,8:30 PM,227,22,N,N,NA,NA,19,NA,,1,1000,E,51ST,ST,N,N,35,N,N,,Y,19,NA,,NA,1000,E,51ST,ST,NA,NA,,,,NA,11,4,4,NA,1,1,5,10:15 PM,DISPATCHED,10:16 PM,7/6/2011,Y,74,NA,75,95,8,5,2,2,64,54,1,5,1,21,21,227,22,30.3105,-97.71194,,NA,NA,NA,E 51ST ST,1000,NA,NA,NA,NA,NA,,NA,NA,UNKNOWN,NA,NA,NA,NA,Y,N,N,2,9,Y,WED,NA,NA,NA,NA,NA,NA,NA,NA,NA,NA,NA,NA,NA,NA,NA,NA,NA,NA,NA,NA,NA,NA,NA,NA,NA,NA,NA,NA,NA,NA,NA,NA,NA,NA,NA,NA,NA,NA,NA,NA,NA,NA,NA,NA,NA,NA,NA,NA,NA,NA,NA,NA,NA,NA,NA,0,1,0,0,1,1,0,90,128652792,1286527921
AUS_1286557921,1252,24,48,453,1823,3,4.85E+11,1500US484530018233,Block Group 3,G5030,S,906018,0,30.3644704,-97.6894126,12865579,AUS_12865579,30.36626849,-97.69518574,2,1,3,16,3,48,1,1,4,11,1,4,N,4,NA,NA,4,97,97,,,0,0,1,0,0,1,0,N,N,N,N,N,N,N,8/18/2012,11:51 AM,227,22,N,N,NA,NA,19,NA,,1,9600,N,LAMAR,BLVD,N,N,45,N,N,,N,19,NA,,1,,W,LONGSPUR,BLVD,NA,NA,,,,NA,12,1,0,3,1,1,1,11:51 AM,DISPATCH,11:55 AM,8/18/2012,Y,74,NA,114,143,8,5,3,2,64,13,1,2,1,1,21,227,22,30.36626849,-97.69518574,SL,275,NA,4.306,SL0275,9675,15,11,5.386,434,0.375,,NA,NA,N/A,NA,NA,NA,NA,Y,Y,N,3,9,Y,SAT,2,0,0,0,0,2,4,125,48,48,4,1,1,1,0,0,1,0,0,0,0,4,14,33000,2012,33000,0.9,0.3,1.2,NA,NA,NA,NA,NA,NA,NA,NA,NA,NA,NA,NA,NA,NA,NA,NA,NA,NA,NA,NA,NA,NA,NA,NA,NA,NA,0,0,1,2,0,1,0,90,128655792,1286557921
AUS_1286640121,974,48,48,453,307,1,4.85E+11,1500US484530003071,Block Group 1,G5030,S,1214064,0,30.2970324,-97.7125662,12866401,AUS_12866401,30.300425,-97.713095,2,1,3,16,2,22,2,1,4,11,1,5,N,4,NA,NA,4,97,97,,,0,1,0,0,0,1,0,N,N,N,N,N,N,N,8/27/2012,12:50 AM,227,22,N,Y,NA,NA,19,NA,,1,4400,,AIRPORT,BLVD,N,N,40,N,N,,N,19,NA,,NA,,E,45TH,ST,NA,NA,,,,NA,11,0,0,NA,1,1,20,1:07 AM,DISPATCHED,1:10 AM,8/27/2012,Y,74,11,10,14,8,5,4,1,64,54,1,5,1,21,21,227,22,30.300425,-97.713095,,NA,NA,NA,AIRPORT BLVD,4400,NA,NA,NA,NA,NA,,NA,NA,N/A,NA,NA,NA,NA,Y,N,N,2,9,Y,MON,NA,NA,NA,NA,NA,NA,NA,NA,NA,NA,NA,NA,NA,NA,NA,NA,NA,NA,NA,NA,NA,NA,NA,NA,NA,NA,NA,NA,NA,NA,NA,NA,NA,NA,NA,NA,NA,NA,NA,NA,NA,NA,NA,NA,NA,NA,NA,NA,NA,NA,NA,NA,NA,NA,NA,0,1,0,0,3,1,0,90,128664012,1286640121
AUS_1286648621,297,369,48,453,1305,3,4.85E+11,1500US484530013053,Block Group 3,G5030,S,655707,0,30.2452677,-97.7539204,12866486,AUS_12866486,30.24344755,-97.7519628,2,1,3,16,1,27,1,1,4,11,1,2,N,4,NA,NA,4,97,97,,,1,0,0,0,0,1,0,N,N,N,N,N,N,N,8/22/2012,9:05 PM,227,22,N,Y,NA,NA,19,NA,,1,2000,S,CONGRESS,AVE,N,N,35,N,N,,N,19,NA,,NA,100,W,JOHANNA,ST,NA,NA,,,,NA,11,4,0,NA,1,1,1,9:05 PM,CAD,9:06 PM,8/22/2012,Y,74,NA,NA,72,8,5,3,3,64,13,1,5,1,32,21,227,22,30.24344755,-97.7519628,,NA,NA,NA,S CONGRESS AVE,2102,NA,NA,NA,NA,NA,,NA,NA,N/A,NA,NA,NA,NA,Y,N,N,1,9,Y,WED,NA,NA,NA,NA,NA,NA,NA,NA,NA,NA,NA,NA,NA,NA,NA,NA,NA,NA,NA,NA,NA,NA,NA,NA,NA,NA,NA,NA,NA,NA,NA,NA,NA,NA,NA,NA,NA,NA,NA,NA,NA,NA,NA,NA,NA,NA,NA,NA,NA,NA,NA,NA,NA,NA,NA,1,0,0,2,0,1,0,90,128664862,1286648621
AUS_1286653411,1305,156,48,453,1706,3,4.85E+11,1500US484530017063,Block Group 3,G5030,S,931505,0,30.3845458,-97.748024,12866534,AUS_12866534,30.38955116,-97.74504089,1,1,3,16,1,30,1,1,4,11,1,2,N,4,NA,NA,4,97,97,,,1,0,0,0,0,1,0,N,N,N,N,N,N,N,8/18/2012,12:58 PM,227,22,N,Y,NA,NA,19,NA,,1,NA,N,CAPITAL OF TEXAS,HWY,N,N,0,N,N,,Y,19,NA,,NA,,,RESEARCH,BLVD,NA,NA,,,,NA,2,1,4,2,1,2,6,12:58 PM,DISPATCHED,1:06 PM,8/18/2012,Y,74,NA,NA,66,8,5,1,1,64,54,1,2,1,21,21,227,22,30.38955116,-97.74504089,US,183,NA,313.963,US0183,NA,151,6,3.656,510,-0.351,SL,360,NA,SL0360,NA,113,13,11.051,Y,Y,N,1,9,Y,SAT,4,0,10,10,56,2,6,260,128,72,5,0,0,2,20,5,2,20,5,2,36,4,12,137780,2012,137780,1.8,0.5,2.3,NA,NA,NA,NA,NA,NA,NA,NA,NA,NA,NA,NA,NA,NA,NA,NA,NA,NA,NA,NA,NA,NA,NA,NA,NA,NA,1,0,0,1,0,1,0,90,128665341,1286653411
AUS_1287222621,670,433,48,453,1100,1,4.85E+11,1500US484530011001,Block Group 1,G5030,S,2044061,66635,30.2687002,-97.7433003,12872226,AUS_12872226,30.27022793,-97.73584038,2,1,3,16,1,29,1,1,4,11,1,5,N,4,NA,NA,4,97,97,,,1,0,0,0,0,1,0,N,N,N,N,N,N,N,8/28/2012,5:22 PM,227,22,N,N,NA,NA,19,NA,,1,500,E,10TH,ST,N,N,35,N,N,,N,19,NA,,NA,900,,RED RIVER,ST,NA,NA,,,,NA,11,1,4,NA,2,1,5,5:24 PM,DISPATCH,5:26 PM,8/28/2012,Y,74,36,67,282,8,5,1,3,64,54,1,5,1,21,21,227,22,30.27022793,-97.73584038,,NA,NA,NA,E 10TH ST,592,NA,NA,NA,NA,NA,,NA,NA,RED RIVER ST,NA,NA,NA,NA,Y,N,N,1,9,Y,TUE,NA,NA,NA,NA,NA,NA,NA,NA,NA,NA,NA,NA,NA,NA,NA,NA,NA,NA,NA,NA,NA,NA,NA,NA,NA,NA,NA,NA,NA,NA,NA,NA,NA,NA,NA,NA,NA,NA,NA,NA,NA,NA,NA,NA,NA,NA,NA,NA,NA,NA,NA,NA,NA,NA,NA,1,0,0,1,0,1,0,90,128722262,1287222621
AUS_1287225521,489,344,48,453,902,4,4.85E+11,1500US484530009024,Block Group 4,G5030,S,809825,0,30.2619393,-97.7293714,12872255,AUS_12872255,30.26237811,-97.72463243,2,1,3,16,2,26,1,1,4,11,1,2,N,4,NA,NA,4,97,97,,,0,1,0,0,0,1,0,N,N,N,N,N,N,N,8/22/2012,11:53 PM,227,22,N,N,NA,NA,19,NA,,1,1600,E,6TH,ST,N,N,30,N,N,,N,19,NA,,NA,,,CHALMERS,AVE,NA,NA,,,,NA,11,3,0,NA,1,1,1,11:53 PM,OFFICER ADVISED,11:53 PM,8/22/2012,Y,74,90,539,282,8,5,4,1,64,54,1,5,1,21,21,227,22,30.26237811,-97.72463243,,NA,NA,NA,E 6TH ST,1691,NA,NA,NA,NA,NA,,NA,NA,N/A,NA,NA,NA,NA,Y,N,N,2,9,Y,WED,NA,NA,NA,NA,NA,NA,NA,NA,NA,NA,NA,NA,NA,NA,NA,NA,NA,NA,NA,NA,NA,NA,NA,NA,NA,NA,NA,NA,NA,NA,NA,NA,NA,NA,NA,NA,NA,NA,NA,NA,NA,NA,NA,NA,NA,NA,NA,NA,NA,NA,NA,NA,NA,NA,NA,0,1,0,1,0,1,0,90,128722552,1287225521
AUS_1287240721,1173,442,48,453,1504,1,4.85E+11,1500US484530015041,Block Group 1,G5030,S,766394,0,30.3455684,-97.7184735,12872407,AUS_12872407,30.33788585,-97.71889461,2,1,3,16,1,31,2,2,4,11,1,4,N,4,NA,NA,4,97,97,,,1,0,0,0,0,1,0,N,N,N,N,N,N,N,8/28/2012,8:28 AM,227,22,N,N,NA,NA,19,NA,,7,7121,N,LAMAR,BLVD,N,N,5,N,N,,N,19,NA,,NA,,,AIRPORT,BLVD,NA,NA,,,,NA,11,1,0,NA,1,1,1,8:28 AM,DISPATCH,8:30 AM,8/28/2012,Y,74,NA,140,95,8,5,4,3,64,54,1,1,1,11,21,227,22,30.33788585,-97.71889461,,NA,NA,NA,N LAMAR BLVD,NA,NA,NA,NA,NA,NA,,NA,NA,N/A,NA,NA,NA,NA,Y,N,N,1,9,Y,TUE,NA,NA,NA,NA,NA,NA,NA,NA,NA,NA,NA,NA,NA,NA,NA,NA,NA,NA,NA,NA,NA,NA,NA,NA,NA,NA,NA,NA,NA,NA,NA,NA,NA,NA,NA,NA,NA,NA,NA,NA,NA,NA,NA,NA,NA,NA,NA,NA,NA,NA,NA,NA,NA,NA,NA,1,0,0,1,0,1,0,90,128724072,1287240721
AUS_1287241521,203,293,48,453,2315,1,4.85E+11,1500US484530023151,Block Group 1,G5030,S,303860,0,30.2345939,-97.7330259,12872415,AUS_12872415,30.23221062,-97.73670851,2,1,3,16,2,59,2,1,4,11,1,4,N,4,NA,NA,4,97,97,,,0,1,0,0,0,1,0,N,N,N,N,N,N,N,8/24/2012,5:56 PM,227,22,N,N,NA,NA,19,NA,,1,1817,E,OLTORF,ST,N,N,35,N,N,,N,19,NA,,NA,,,PARKER,LN,NA,NA,,,,NA,11,1,0,NA,1,1,1,5:56 PM,DISPATCH,6:00 PM,8/24/2012,Y,74,NA,98,129,8,5,3,3,64,13,1,5,1,32,21,227,22,30.23221062,-97.73670851,,NA,NA,NA,E OLTORF ST,NA,NA,NA,NA,NA,NA,,NA,NA,N/A,NA,NA,NA,NA,Y,N,N,2,9,Y,FRI,NA,NA,NA,NA,NA,NA,NA,NA,NA,NA,NA,NA,NA,NA,NA,NA,NA,NA,NA,NA,NA,NA,NA,NA,NA,NA,NA,NA,NA,NA,NA,NA,NA,NA,NA,NA,NA,NA,NA,NA,NA,NA,NA,NA,NA,NA,NA,NA,NA,NA,NA,NA,NA,NA,NA,0,1,0,1,0,1,0,90,128724152,1287241521
AUS_1288067621,1257,517,48,453,1819,2,4.85E+11,1500US484530018192,Block Group 2,G5030,S,208276,0,30.3661765,-97.7010933,12880676,AUS_12880676,30.36698,-97.70062,2,1,3,16,2,30,3,1,4,11,1,4,N,4,NA,NA,4,97,97,,,0,1,0,0,0,1,0,N,N,N,N,N,N,N,8/6/2012,8:30 AM,227,22,N,N,NA,NA,19,NA,,1,NA,,RUTLAND,DR,N,N,35,N,N,,Y,19,NA,,NA,,,MEARNS MEADOW,BLVD,NA,NA,,,,NA,11,1,4,NA,1,1,5,8:30 AM,DISPATCHED,8:33 AM,8/6/2012,Y,74,NA,NA,NA,8,5,1,1,64,54,1,5,1,21,21,227,22,30.36698,-97.70062,,NA,NA,NA,RUTLAND DR,1006,NA,NA,NA,NA,NA,,NA,NA,MEARNS MEADOW BLVD,NA,NA,NA,NA,Y,N,N,2,9,Y,MON,NA,NA,NA,NA,NA,NA,NA,NA,NA,NA,NA,NA,NA,NA,NA,NA,NA,NA,NA,NA,NA,NA,NA,NA,NA,NA,NA,NA,NA,NA,NA,NA,NA,NA,NA,NA,NA,NA,NA,NA,NA,NA,NA,NA,NA,NA,NA,NA,NA,NA,NA,NA,NA,NA,NA,0,1,0,1,0,1,0,90,128806762,1288067621
AUS_1288075611,1050,66,48,453,306,1,4.85E+11,1500US484530003061,Block Group 1,G5030,S,3371879,0,30.2971559,-97.7002732,12880756,AUS_12880756,30.30949526,-97.71035288,1,1,3,16,2,51,1,2,4,11,1,4,N,4,NA,NA,4,97,97,,,0,1,0,0,0,1,0,N,N,N,N,N,N,N,8/9/2012,5:39 PM,227,22,N,N,NA,NA,1,35,,2,5100,N,SB SVC,RD,N,N,50,N,N,,Y,19,NA,,NA,,E,51ST,ST,NA,NA,,,,NA,11,1,0,2,1,1,5,5:39 PM,DISPATCHED,5:46 PM,8/9/2012,Y,74,216,10,14,8,5,1,3,64,54,2,1,1,21,21,227,22,30.30949526,-97.71035288,IH,35,NA,237.208,IH0035,NA,15,13,21.103,238,0.067,US,290,NA,US0290,NA,NA,NA,NA,Y,Y,N,2,9,Y,THU,5,0,4,10,32,2,8,300,124,96,4,0,0,2,8,5,2,20,5,2,24,4,11,184540,2012,184540,2.5,6.8,9.3,NA,NA,NA,NA,NA,NA,NA,NA,NA,NA,NA,NA,NA,NA,NA,NA,NA,NA,NA,NA,NA,NA,NA,NA,NA,NA,0,1,0,0,1,1,0,90,128807561,1288075611