Crash_UP_ID,FID,FID_Austin,STATEFP,COUNTYFP,TRACTCE,BLKGRPCE,GEOID1,GEOID,NAMELSAD,MTFCC,FUNCSTAT,ALAND,AWATER,INTPTLAT,INTPTLON,CrashID,CrashID1,Latitude,Longitude,Unit_Nbr,Prsn_Nbr,Prsn_Type_ID,Prsn_Occpnt_Pos_ID,Prsn_Injry_Sev_ID,Prsn_Age,Prsn_Ethnicity_ID,Prsn_Gndr_ID,Prsn_Ejct_ID,Prsn_Rest_ID,Prsn_Airbag_ID,Prsn_Helmet_ID,Prsn_Sol_Fl,Prsn_Alc_Spec_Type_ID,Prsn_Alc_Rslt_ID,Prsn_Bac_Test_Rslt,Prsn_Drg_Spec_Type_ID,Prsn_Drg_Rslt_ID,Drvr_Drg_Cat_1_ID,Prsn_Death_Date,Prsn_Death_Time,Incap_Injry_Cnt.x,Nonincap_Injry_Cnt.x,Poss_Injry_Cnt.x,Non_Injry_Cnt.x,Unkn_Injry_Cnt.x,Tot_Injry_Cnt.x,Death_Cnt.x,Crash_Fatal_Fl,Cmv_Involv_Fl,Schl_Bus_Fl,Rr_Relat_Fl,Medical_Advisory_Fl,Amend_Supp_Fl,Active_School_Zone_Fl,Crash_Date,Crash_Time,Rpt_CRIS_Cnty_ID,Rpt_City_ID,Rpt_Outside_City_Limit_Fl,Thousand_Damage_Fl,Rpt_Latitude,Rpt_Longitude,Rpt_Rdwy_Sys_ID,Rpt_Hwy_Num,Rpt_Hwy_Sfx,Rpt_Road_Part_ID,Rpt_Block_Num,Rpt_Street_Pfx,Rpt_Street_Name,Rpt_Street_Sfx,Private_Dr_Fl,Toll_Road_Fl,Crash_Speed_Limit,Road_Constr_Zone_Fl,Road_Constr_Zone_Wrkr_Fl,Rpt_Street_Desc,At_Intrsct_Fl,Rpt_Sec_Rdwy_Sys_ID,Rpt_Sec_Hwy_Num,Rpt_Sec_Hwy_Sfx,Rpt_Sec_Road_Part_ID,Rpt_Sec_Block_Num,Rpt_Sec_Street_Pfx,Rpt_Sec_Street_Name,Rpt_Sec_Street_Sfx,Rpt_Ref_Mark_Offset_Amt,Rpt_Ref_Mark_Dist_Uom,Rpt_Ref_Mark_Dir,Rpt_Ref_Mark_Nbr,Rpt_Sec_Street_Desc,Rpt_CrossingNumber,Wthr_Cond_ID,Light_Cond_ID,Entr_Road_ID,Road_Type_ID,Road_Algn_ID,Surf_Cond_ID,Traffic_Cntl_ID,Investigat_Notify_Time,Investigat_Notify_Meth,Investigat_Arrv_Time,Report_Date,Investigat_Comp_Fl,Investigat_Agency_ID,Investigat_Area_ID,Investigat_District_ID,Investigat_Region_ID,Bridge_Detail_ID,Harm_Evnt_ID,Intrsct_Relat_ID,FHE_Collsn_ID,Obj_Struck_ID,Othr_Factr_ID,Road_Part_Adj_ID,Road_Cls_ID,Road_Relat_ID,Phys_Featr_1_ID,Phys_Featr_2_ID,Cnty_ID,City_ID,Latitude.1,Longitude.1,Hwy_Sys,Hwy_Nbr,Hwy_Sfx,Dfo,Street_Name,Street_Nbr,Control,Section,Milepoint,Ref_Mark_Nbr,Ref_Mark_Displ,Hwy_Sys_2,Hwy_Nbr_2,Hwy_Sfx_2,Street_Name_2,Street_Nbr_2,Control_2,Section_2,Milepoint_2,Txdot_Rptable_Fl,Onsys_Fl,Rural_Fl,Crash_Sev_ID,Pop_Group_ID,Located_Fl,Day_of_Week,Hwy_Dsgn_Lane_ID,Hwy_Dsgn_Hrt_ID,Hp_Shldr_Left,Hp_Shldr_Right,Hp_Median_Width,Base_Type_ID,Nbr_Of_Lane,Row_Width_Usual,Roadbed_Width,Surf_Width,Surf_Type_ID,Curb_Type_Left_ID,Curb_Type_Right_ID,Shldr_Type_Left_ID,Shldr_Width_Left,Shldr_Use_Left_ID,Shldr_Type_Right_ID,Shldr_Width_Right,Shldr_Use_Right_ID,Median_Type_ID,Median_Width,Rural_Urban_Type_ID,Func_Sys_ID,Adt_Curnt_Amt,Adt_Curnt_Year,Adt_Adj_Curnt_Amt,Pct_Single_Trk_Adt,Pct_Combo_Trk_Adt,Trk_Aadt_Pct,Curve_Type_ID,Curve_Lngth,Cd_Degr,Delta_Left_Right_ID,Dd_Degr,Feature_Crossed,Structure_Number,I_R_Min_Vert_Clear,Approach_Width,Bridge_Median_ID,Bridge_Loading_Type_ID,Bridge_Loading_In_1000_Lbs,Bridge_Srvc_Type_On_ID,Bridge_Srvc_Type_Under_ID,Culvert_Type_ID,Roadway_Width,Deck_Width,Bridge_Dir_Of_Traffic_ID,Bridge_Rte_Struct_Func_ID,Bridge_IR_Struct_Func_ID,CrossingNumber,RRCo,Poscrossing_ID,WDCode_ID,Standstop,Yield,Incap_Injry_Cnt.y,Nonincap_Injry_Cnt.y,Poss_Injry_Cnt.y,Non_Injry_Cnt.y,Unkn_Injry_Cnt.y,Tot_Injry_Cnt.y,Death_Cnt.y,MPO_ID,Unit_ID,Unit_Prsn_ID
AUS_1323171621,840,555,48,453,2108,1,4.85E+11,1500US484530021081,Block Group 1,G5030,S,2455064,0,30.2943314,-97.6708425,13231716,AUS_13231716,30.28625351,-97.67883196,2,1,3,16,1,24,1,2,4,11,1,4,Y,4,NA,NA,4,97,97,,,1,0,0,0,0,1,0,N,N,N,N,N,N,N,1/7/2013,7:15 PM,227,22,N,N,NA,NA,19,NA,,1,5000,E,MLK,BLVD,N,N,0,N,N,,Y,19,NA,,NA,,,SCOTTSDALE,RD,NA,NA,,,,NA,11,4,2,3,3,1,20,7:15 PM,CALL,7:16 PM,1/17/2013,Y,74,NA,34,48,8,5,1,3,64,3,1,3,1,21,21,227,22,30.28625351,-97.67883196,FM,969,NA,1.523,FM0969,4908,1186,1,13.187,450,-0.404,US,183,NA,US0183,NA,NA,NA,NA,Y,Y,N,1,9,Y,MON,2,0,0,0,0,2,4,100,44,44,4,0,0,1,0,0,1,0,0,0,0,4,14,15300,2012,15300,1.2,0.4,1.6,NA,NA,NA,NA,NA,NA,NA,NA,NA,NA,NA,NA,NA,NA,NA,NA,NA,NA,NA,NA,NA,NA,NA,NA,NA,NA,1,0,0,0,1,1,0,90,132317162,1323171621
AUS_1323172821,1009,47,48,453,302,5,4.85E+11,1500US484530003025,Block Group 5,G5030,S,709657,0,30.3018016,-97.7277848,13231728,AUS_13231728,30.30467,-97.72606,2,1,3,16,2,46,1,2,4,11,1,5,N,4,NA,NA,4,97,97,,,0,1,0,0,0,1,0,N,N,N,N,N,N,N,4/9/2013,7:00 PM,227,22,N,N,NA,NA,19,NA,,1,NA,,DUVAL,ST,N,N,30,N,N,,Y,19,NA,,NA,,E,43RD,ST,NA,NA,,,,NA,11,1,4,NA,1,1,16,7:00 PM,DISPATCH,7:03 PM,4/9/2013,Y,74,22,120,14,8,5,3,4,64,14,1,5,1,32,21,227,22,30.30467,-97.72606,,NA,NA,NA,DUVAL ST,NA,NA,NA,NA,NA,NA,,NA,NA,N/A,NA,NA,NA,NA,Y,N,N,2,9,Y,TUE,NA,NA,NA,NA,NA,NA,NA,NA,NA,NA,NA,NA,NA,NA,NA,NA,NA,NA,NA,NA,NA,NA,NA,NA,NA,NA,NA,NA,NA,NA,NA,NA,NA,NA,NA,NA,NA,NA,NA,NA,NA,NA,NA,NA,NA,NA,NA,NA,NA,NA,NA,NA,NA,NA,NA,0,1,0,1,0,1,0,90,132317282,1323172821
AUS_1323190021,1320,214,48,453,1757,2,4.85E+11,1500US484530017572,Block Group 2,G5030,S,1314858,0,30.3931172,-97.7632319,13231900,AUS_13231900,30.39841,-97.76748,2,1,3,16,2,37,1,1,4,11,1,2,N,4,NA,NA,4,97,97,,,0,1,0,0,0,1,0,N,N,N,N,N,N,N,4/8/2013,7:37 PM,227,22,N,Y,NA,NA,19,NA,,1,9300,,SIMMONS,RD,N,N,25,N,N,,Y,19,NA,,NA,,,BLUEGRASS,DR,NA,NA,,,,NA,12,5,2,NA,1,1,8,7:38 PM,DISPATCHED,7:45 PM,4/8/2013,Y,74,NA,46,64,8,5,1,1,64,3,1,5,1,21,21,227,22,30.39841,-97.76748,,NA,NA,NA,SIMMONS RD,9499,NA,NA,NA,NA,NA,,NA,NA,BLUEGRASS DR,NA,NA,NA,NA,Y,N,N,2,9,Y,MON,NA,NA,NA,NA,NA,NA,NA,NA,NA,NA,NA,NA,NA,NA,NA,NA,NA,NA,NA,NA,NA,NA,NA,NA,NA,NA,NA,NA,NA,NA,NA,NA,NA,NA,NA,NA,NA,NA,NA,NA,NA,NA,NA,NA,NA,NA,NA,NA,NA,NA,NA,NA,NA,NA,NA,0,1,0,1,0,1,0,90,132319002,1323190021
AUS_1323191721,347,369,48,453,1305,3,4.85E+11,1500US484530013053,Block Group 3,G5030,S,655707,0,30.2452677,-97.7539204,13231917,AUS_13231917,30.2491619,-97.74984627,2,1,3,16,2,34,1,1,4,11,1,4,N,4,NA,NA,4,97,97,,,0,1,0,0,0,1,0,N,N,N,N,N,N,N,4/7/2013,4:48 PM,227,22,N,N,NA,NA,19,NA,,1,1400,S,CONGRESS,AVE,N,N,35,N,N,,N,19,NA,,NA,100,E,ELIZABETH,ST,NA,NA,,,,NA,11,1,0,NA,2,1,20,4:48 PM,DISPATCHED,4:49 PM,4/7/2013,Y,74,17,105,112,8,5,4,1,64,54,1,5,1,21,21,227,22,30.2491619,-97.74984627,,NA,NA,NA,S CONGRESS AVE,1472,NA,NA,NA,NA,NA,,NA,NA,N/A,NA,NA,NA,NA,Y,N,N,2,9,Y,SUN,NA,NA,NA,NA,NA,NA,NA,NA,NA,NA,NA,NA,NA,NA,NA,NA,NA,NA,NA,NA,NA,NA,NA,NA,NA,NA,NA,NA,NA,NA,NA,NA,NA,NA,NA,NA,NA,NA,NA,NA,NA,NA,NA,NA,NA,NA,NA,NA,NA,NA,NA,NA,NA,NA,NA,0,1,0,1,0,1,0,90,132319172,1323191721
AUS_1323799121,797,67,48,453,700,1,4.85E+11,1500US484530007001,Block Group 1,G5030,S,1615130,0,30.2777004,-97.7411232,13237991,AUS_13237991,30.28065197,-97.73812967,2,1,3,16,2,25,1,1,4,11,1,1,N,4,NA,NA,4,97,97,,,0,1,0,0,0,1,0,N,N,N,N,N,N,N,4/19/2013,4:15 PM,227,22,N,N,30.28058,-97.7383,19,NA,,1,100,W,M L K JR,BLVD,N,N,30,N,N,,Y,19,NA,,1,1800,N,CONGRESS,AVE,NA,NA,,,,NA,11,1,2,NA,2,1,5,4:21 PM,RODE UPON CRASH,4:21 PM,4/23/2013,Y,10000,7,108,383,8,5,1,2,64,54,1,5,1,21,21,227,22,30.28065197,-97.73812967,,NA,NA,NA,W MARTIN LUTHER KING JR BLVD,100,NA,NA,NA,NA,NA,,NA,NA,UNKNOWN,NA,NA,NA,NA,Y,N,N,2,9,Y,FRI,NA,NA,NA,NA,NA,NA,NA,NA,NA,NA,NA,NA,NA,NA,NA,NA,NA,NA,NA,NA,NA,NA,NA,NA,NA,NA,NA,NA,NA,NA,NA,NA,NA,NA,NA,NA,NA,NA,NA,NA,NA,NA,NA,NA,NA,NA,NA,NA,NA,NA,NA,NA,NA,NA,NA,0,1,0,1,0,1,0,90,132379912,1323799121
AUS_1324698721,1187,324,48,453,1501,2,4.85E+11,1500US484530015012,Block Group 2,G5030,S,1038192,0,30.3438772,-97.7488165,13246987,AUS_13246987,30.34435979,-97.75098209,2,1,3,16,2,25,1,2,4,11,1,2,N,4,NA,NA,4,97,97,,,0,1,0,0,0,1,0,N,N,N,N,N,N,N,4/22/2013,7:30 PM,227,22,N,N,NA,NA,19,NA,,1,6200,,GREAT NORTHERN,BLVD,N,N,0,N,N,,N,19,NA,,NA,6100,,BULLARD,DR,NA,NA,,,,NA,11,1,0,NA,1,1,11,1:11 PM,DISPATCHED,1:15 PM,4/23/2013,Y,74,NA,18,9,8,5,3,2,64,14,1,5,1,32,21,227,22,30.34435979,-97.75098209,,NA,NA,NA,GREAT NORTHERN BLVD,6323,NA,NA,NA,NA,NA,,NA,NA,N/A,NA,NA,NA,NA,Y,N,N,2,9,Y,MON,NA,NA,NA,NA,NA,NA,NA,NA,NA,NA,NA,NA,NA,NA,NA,NA,NA,NA,NA,NA,NA,NA,NA,NA,NA,NA,NA,NA,NA,NA,NA,NA,NA,NA,NA,NA,NA,NA,NA,NA,NA,NA,NA,NA,NA,NA,NA,NA,NA,NA,NA,NA,NA,NA,NA,0,1,0,0,3,1,0,90,132469872,1324698721
AUS_1324699321,90,197,48,453,1777,1,4.85E+11,1500US484530017771,Block Group 1,G5030,S,1792438,0,30.2038793,-97.850923,13246993,AUS_13246993,30.20664013,-97.85954578,2,1,3,16,2,48,1,0,4,11,1,5,N,4,NA,NA,4,97,97,,,0,1,0,0,0,1,0,N,N,N,N,N,N,N,4/23/2013,7:52 PM,227,22,N,N,NA,NA,19,NA,,1,5000,,DAVIS,LN,N,N,40,N,N,,N,19,NA,,NA,,S,MOPAC SVRD NB,EXPY,NA,NA,,,,NA,12,4,0,NA,1,1,11,7:54 PM,DISPATCHED,8:06 PM,4/23/2013,N,74,37,99,130,8,5,4,1,64,54,1,5,1,21,21,227,22,30.20664013,-97.85954578,,NA,NA,NA,DAVIS LN,5000,NA,NA,NA,NA,NA,,NA,NA,N/A,NA,NA,NA,NA,Y,N,N,2,9,Y,TUE,NA,NA,NA,NA,NA,NA,NA,NA,NA,NA,NA,NA,NA,NA,NA,NA,NA,NA,NA,NA,NA,NA,NA,NA,NA,NA,NA,NA,NA,NA,NA,NA,NA,NA,NA,NA,NA,NA,NA,NA,NA,NA,NA,NA,NA,NA,NA,NA,NA,NA,NA,NA,NA,NA,NA,0,1,0,0,2,1,0,90,132469932,1324699321
AUS_1324699521,896,65,48,453,401,2,4.85E+11,1500US484530004012,Block Group 2,G5030,S,1342888,0,30.2880599,-97.7281679,13246995,AUS_13246995,30.29116411,-97.72706263,2,1,3,16,2,27,1,1,4,11,1,2,N,4,NA,NA,4,97,97,,,0,1,0,0,0,1,0,N,N,N,N,N,N,N,4/23/2013,9:06 AM,227,22,N,Y,NA,NA,19,NA,,1,3200,,RED RIVER,ST,N,N,35,N,N,,N,19,NA,,NA,,E,32ND,ST,NA,NA,,,,NA,11,1,98,NA,2,1,16,9:06 AM,DISPATCH,9:11 AM,4/23/2013,Y,74,NA,NA,187,8,5,3,3,64,14,1,5,1,32,21,227,22,30.29116411,-97.72706263,,NA,NA,NA,RED RIVER ST,3215,NA,NA,NA,NA,NA,,NA,NA,N/A,NA,NA,NA,NA,Y,N,N,2,9,Y,TUE,NA,NA,NA,NA,NA,NA,NA,NA,NA,NA,NA,NA,NA,NA,NA,NA,NA,NA,NA,NA,NA,NA,NA,NA,NA,NA,NA,NA,NA,NA,NA,NA,NA,NA,NA,NA,NA,NA,NA,NA,NA,NA,NA,NA,NA,NA,NA,NA,NA,NA,NA,NA,NA,NA,NA,0,1,0,1,0,1,0,90,132469952,1324699521
AUS_1324701711,111,58,48,453,1713,3,4.85E+11,1500US484530017133,Block Group 3,G5030,S,889445,0,30.2146469,-97.8058092,13247017,AUS_13247017,30.21376613,-97.80068623,1,1,3,16,1,44,1,2,4,11,1,1,N,4,NA,NA,4,97,97,,,1,0,0,0,0,1,0,N,N,N,N,N,N,N,4/22/2013,6:38 PM,227,22,N,Y,NA,NA,19,NA,,1,5800,,MANCHACA,RD,N,N,35,N,N,,N,19,NA,,NA,,,BROOKHILL,DR,NA,NA,,,,NA,11,1,0,NA,1,1,1,6:38 PM,DISPATCH,6:40 PM,4/22/2013,Y,74,17,169,130,8,5,4,1,64,54,1,5,1,21,21,227,22,30.21376613,-97.80068623,,NA,NA,NA,MANCHACA RD,5816,NA,NA,NA,NA,NA,,NA,NA,N/A,NA,NA,NA,NA,Y,N,N,1,9,Y,MON,NA,NA,NA,NA,NA,NA,NA,NA,NA,NA,NA,NA,NA,NA,NA,NA,NA,NA,NA,NA,NA,NA,NA,NA,NA,NA,NA,NA,NA,NA,NA,NA,NA,NA,NA,NA,NA,NA,NA,NA,NA,NA,NA,NA,NA,NA,NA,NA,NA,NA,NA,NA,NA,NA,NA,1,0,0,1,0,1,0,90,132470171,1324701711
AUS_1324710521,779,67,48,453,700,1,4.85E+11,1500US484530007001,Block Group 1,G5030,S,1615130,0,30.2777004,-97.7411232,13247105,AUS_13247105,30.27918774,-97.74488239,2,1,3,16,3,37,1,1,4,11,2,3,N,4,NA,NA,4,97,97,,,0,0,1,0,0,1,0,N,N,N,N,N,N,N,4/18/2013,5:15 PM,227,22,N,N,NA,NA,19,NA,,1,1500,,NUECES,ST,N,N,30,N,N,,N,19,NA,,NA,500,,16TH,ST,NA,NA,,,,NA,11,1,0,NA,1,1,1,5:15 PM,ACD,5:18 PM,4/18/2013,Y,74,11,10,14,8,5,4,1,64,3,1,5,1,21,21,227,22,30.27918774,-97.74488239,,NA,NA,NA,NUECES ST,1570,NA,NA,NA,NA,NA,,NA,NA,N/A,NA,NA,NA,NA,Y,N,N,3,9,Y,THU,NA,NA,NA,NA,NA,NA,NA,NA,NA,NA,NA,NA,NA,NA,NA,NA,NA,NA,NA,NA,NA,NA,NA,NA,NA,NA,NA,NA,NA,NA,NA,NA,NA,NA,NA,NA,NA,NA,NA,NA,NA,NA,NA,NA,NA,NA,NA,NA,NA,NA,NA,NA,NA,NA,NA,0,0,1,1,0,1,0,90,132471052,1324710521
AUS_1324713611,479,433,48,453,1100,1,4.85E+11,1500US484530011001,Block Group 1,G5030,S,2044061,66635,30.2687002,-97.7433003,13247136,AUS_13247136,30.26185492,-97.73890724,1,1,3,16,2,25,1,1,4,11,1,4,N,4,NA,NA,4,97,97,,,0,1,0,0,0,1,0,N,N,N,N,N,N,N,4/21/2013,2:13 AM,227,22,N,N,NA,NA,19,NA,,1,500,E,CEASAR CHAVEZ,ST,N,N,0,N,N,,N,19,NA,,NA,100,,RED RIVER,ST,NA,NA,,,,NA,11,6,4,3,1,1,20,2:13 AM,DISPATCH,2:16 AM,4/21/2013,Y,74,12,115,144,8,5,3,2,64,13,1,2,1,32,21,227,22,30.26185492,-97.73890724,SL,343,NA,4.89,SL0343,595,113,12,6.145,568,0.572,,NA,NA,N/A,NA,NA,NA,NA,Y,Y,N,2,9,Y,SUN,2,0,10,10,0,9,4,80,68,48,6,0,0,2,10,5,2,10,5,0,0,4,14,28000,2012,28000,0.9,0.3,1.2,NA,NA,NA,NA,NA,NA,NA,NA,NA,NA,NA,NA,NA,NA,NA,NA,NA,NA,NA,NA,NA,NA,NA,NA,NA,NA,0,1,0,1,0,1,0,90,132471361,1324713611
AUS_1324714821,943,361,48,453,500,4,4.85E+11,1500US484530005004,Block Group 4,G5030,S,395842,0,30.2985167,-97.7378172,13247148,AUS_13247148,30.29566,-97.73791,2,1,3,16,3,24,1,1,4,11,1,1,N,4,NA,NA,4,97,97,,,0,0,1,0,0,1,0,N,N,N,N,N,N,N,4/19/2013,5:37 PM,227,22,N,N,NA,NA,19,NA,,1,200,W,31ST,ST,N,N,30,N,N,,N,19,NA,,NA,3100,,WALLING,DR,NA,NA,,,,NA,11,1,2,NA,2,1,20,5:38 PM,CAD,5:45 PM,4/19/2013,Y,74,129,10,14,8,5,3,4,64,14,1,5,1,32,21,227,22,30.29566,-97.73791,,NA,NA,NA,W 31ST ST,200,NA,NA,NA,NA,NA,,NA,NA,N/A,NA,NA,NA,NA,Y,N,N,3,9,Y,FRI,NA,NA,NA,NA,NA,NA,NA,NA,NA,NA,NA,NA,NA,NA,NA,NA,NA,NA,NA,NA,NA,NA,NA,NA,NA,NA,NA,NA,NA,NA,NA,NA,NA,NA,NA,NA,NA,NA,NA,NA,NA,NA,NA,NA,NA,NA,NA,NA,NA,NA,NA,NA,NA,NA,NA,0,0,1,1,0,1,0,90,132471482,1324714821
AUS_1325232321,825,339,48,453,401,1,4.85E+11,1500US484530004011,Block Group 1,G5030,S,839804,0,30.2885489,-97.7200794,13252323,AUS_13252323,30.2843,-97.71914,2,1,3,16,3,26,1,2,4,11,1,4,N,4,NA,NA,4,97,97,,,0,0,1,0,0,1,0,N,N,N,N,N,N,N,3/30/2013,7:54 PM,227,22,N,N,NA,NA,19,NA,,1,NA,,MANOR,RD,N,N,0,N,N,,Y,19,NA,,NA,,,COLETO,ST,NA,NA,,,,NA,11,5,2,NA,1,1,20,7:54 PM,DISPATCHED,7:56 PM,3/30/2013,Y,74,NA,34,48,8,5,1,3,64,54,1,5,1,21,21,227,22,30.2843,-97.71914,,NA,NA,NA,MANOR RD,2201,NA,NA,NA,NA,NA,,NA,NA,COLETO ST,NA,NA,NA,NA,Y,N,N,3,9,Y,SAT,NA,NA,NA,NA,NA,NA,NA,NA,NA,NA,NA,NA,NA,NA,NA,NA,NA,NA,NA,NA,NA,NA,NA,NA,NA,NA,NA,NA,NA,NA,NA,NA,NA,NA,NA,NA,NA,NA,NA,NA,NA,NA,NA,NA,NA,NA,NA,NA,NA,NA,NA,NA,NA,NA,NA,0,0,1,1,0,1,0,90,132523232,1325232321
AUS_1325232721,1353,525,48,453,2500,4,4.85E+11,1500US484530025004,Block Group 4,G5030,S,662885,0,30.4157263,-97.7523567,13252327,AUS_13252327,30.41363945,-97.7476495,2,1,3,16,2,50,1,2,4,11,1,3,N,4,NA,NA,4,97,97,,,0,1,0,0,0,1,0,N,N,N,N,N,N,N,2/23/2013,1:00 PM,227,22,N,N,NA,NA,19,NA,,1,11570,,JOLLYVILLE,RD,N,N,45,N,N,,N,19,NA,,NA,,,THUNDER CREEK,RD,NA,NA,,,,NA,11,1,98,NA,1,1,16,6:30 PM,DISPATCHED,6:55 PM,2/25/2013,Y,74,129,10,14,8,5,3,1,64,14,1,5,1,32,21,227,22,30.41363945,-97.7476495,,NA,NA,NA,JOLLYVILLE RD,11446,NA,NA,NA,NA,NA,,NA,NA,N/A,NA,NA,NA,NA,Y,N,N,2,9,Y,SAT,NA,NA,NA,NA,NA,NA,NA,NA,NA,NA,NA,NA,NA,NA,NA,NA,NA,NA,NA,NA,NA,NA,NA,NA,NA,NA,NA,NA,NA,NA,NA,NA,NA,NA,NA,NA,NA,NA,NA,NA,NA,NA,NA,NA,NA,NA,NA,NA,NA,NA,NA,NA,NA,NA,NA,0,1,0,1,0,1,0,90,132523272,1325232721
AUS_1325233821,1082,471,48,453,2104,1,4.85E+11,1500US484530021041,Block Group 1,G5030,S,699372,0,30.3172435,-97.6946152,13252338,AUS_13252338,30.31567,-97.69159,2,1,3,16,1,34,1,1,4,11,1,4,N,4,NA,NA,4,97,97,,,1,0,0,0,0,1,0,N,N,N,N,N,N,N,12/2/2012,6:00 PM,227,22,N,N,NA,NA,19,NA,,1,NA,,WHELESS,LN,N,N,35,N,N,,Y,19,NA,,NA,,,BERKMAN,DR,NA,NA,,,,NA,11,4,2,NA,1,1,8,6:01 PM,DISPATCHED,6:04 PM,12/2/2012,Y,74,NA,158,95,8,5,1,3,64,54,1,5,1,21,21,227,22,30.31567,-97.69159,,NA,NA,NA,WHELESS LN,1700,NA,NA,NA,NA,NA,,NA,NA,BERKMAN DR,NA,NA,NA,NA,Y,N,N,1,9,Y,SUN,NA,NA,NA,NA,NA,NA,NA,NA,NA,NA,NA,NA,NA,NA,NA,NA,NA,NA,NA,NA,NA,NA,NA,NA,NA,NA,NA,NA,NA,NA,NA,NA,NA,NA,NA,NA,NA,NA,NA,NA,NA,NA,NA,NA,NA,NA,NA,NA,NA,NA,NA,NA,NA,NA,NA,1,0,0,1,0,1,0,90,132523382,1325233821
AUS_1325234011,481,343,48,453,902,2,4.85E+11,1500US484530009022,Block Group 2,G5030,S,1005391,0,30.257009,-97.7105642,13252340,AUS_13252340,30.26198192,-97.71985053,1,1,3,16,2,53,2,1,4,11,1,4,N,4,NA,NA,4,97,97,,,0,1,0,0,0,1,0,N,N,N,N,N,N,N,1/26/2013,12:09 PM,227,22,N,Y,NA,NA,19,NA,,1,2120,E,7TH,ST,N,N,30,N,N,,N,19,NA,,NA,700,,ROBERT T MARTINEZ,,NA,NA,,,,NA,12,1,0,NA,1,1,20,12:09 PM,OBSERVED COLLISION (,12:09 PM,1/26/2013,Y,74,NA,34,48,8,5,3,2,64,14,1,5,1,32,21,227,22,30.26198192,-97.71985053,,NA,NA,NA,E 7TH ST,2034,NA,NA,NA,NA,NA,,NA,NA,N/A,NA,NA,NA,NA,Y,N,N,2,9,Y,SAT,NA,NA,NA,NA,NA,NA,NA,NA,NA,NA,NA,NA,NA,NA,NA,NA,NA,NA,NA,NA,NA,NA,NA,NA,NA,NA,NA,NA,NA,NA,NA,NA,NA,NA,NA,NA,NA,NA,NA,NA,NA,NA,NA,NA,NA,NA,NA,NA,NA,NA,NA,NA,NA,NA,NA,0,1,0,1,0,1,0,90,132523401,1325234011
AUS_1325234121,1306,175,48,453,1722,2,4.85E+11,1500US484530017222,Block Group 2,G5030,S,1192674,0,30.3924165,-97.7490858,13252341,AUS_13252341,30.38992924,-97.74616027,2,1,3,16,2,22,1,1,4,11,1,4,N,4,NA,NA,4,97,97,,,0,1,0,0,0,1,0,N,N,N,N,N,N,N,1/31/2013,8:30 AM,227,22,N,Y,NA,NA,19,NA,,2,9700,,RESEARCH SR SVRD,BLVD,N,N,55,N,N,,N,3,NA,,NA,9500,N,CAPITAL OF TEXAS,HWY,NA,NA,,,,NA,11,1,98,NA,2,1,20,8:31 AM,DISPATCHED,8:33 AM,1/31/2013,Y,74,8,81,106,8,5,3,2,64,13,2,5,1,32,21,227,22,30.38992924,-97.74616027,,NA,NA,NA,RESEARCH BLVD,NA,NA,NA,NA,NA,NA,,NA,NA,N/A,NA,NA,NA,NA,Y,N,N,2,9,Y,THU,NA,NA,NA,NA,NA,NA,NA,NA,NA,NA,NA,NA,NA,NA,NA,NA,NA,NA,NA,NA,NA,NA,NA,NA,NA,NA,NA,NA,NA,NA,NA,NA,NA,NA,NA,NA,NA,NA,NA,NA,NA,NA,NA,NA,NA,NA,NA,NA,NA,NA,NA,NA,NA,NA,NA,0,1,0,1,0,1,0,90,132523412,1325234121
AUS_1325234221,772,360,48,453,402,3,4.85E+11,1500US484530004023,Block Group 3,G5030,S,619665,0,30.2816518,-97.7219621,13252342,AUS_13252342,30.27853699,-97.72991679,2,1,3,16,2,29,1,1,4,11,1,4,N,4,NA,NA,4,97,97,,,0,1,0,0,0,1,0,N,N,N,N,N,N,N,2/7/2013,3:17 PM,227,22,N,N,NA,NA,1,35,,2,NA,N,EAST FRONTAGE,,N,N,0,N,N,,Y,19,NA,,NA,,E,MLK JR,BLVD,NA,NA,,,,NA,11,1,0,2,3,1,5,3:19 PM,DISPATCHED,3:22 PM,2/7/2013,Y,74,12,81,106,8,5,1,1,64,54,2,1,1,21,21,227,22,30.27853699,-97.72991679,IH,35,NA,234.78,IH0035,NA,15,13,18.639,236,-0.385,SL,343,NA,SL0343,NA,NA,NA,NA,Y,Y,N,2,9,Y,THU,5,0,4,10,11,2,8,300,124,96,4,0,0,2,8,5,2,20,5,2,3,4,11,191460,2012,191460,2.5,6.6,9.1,NA,NA,NA,NA,NA,NA,NA,NA,NA,NA,NA,NA,NA,NA,NA,NA,NA,NA,NA,NA,NA,NA,NA,NA,NA,NA,0,1,0,1,0,1,0,90,132523422,1325234221
AUS_1325237721,551,433,48,453,1100,1,4.85E+11,1500US484530011001,Block Group 1,G5030,S,2044061,66635,30.2687002,-97.7433003,13252377,AUS_13252377,30.26469605,-97.7440671,2,1,3,16,2,NA,1,1,4,11,1,4,N,4,NA,NA,4,97,97,,,0,1,0,0,0,1,0,N,N,N,N,N,N,N,4/14/2013,2:25 AM,227,22,N,Y,NA,NA,19,NA,,7,100,S,CONGRESS BRIDGE,AVE,N,N,35,N,N,,N,19,NA,,NA,,,CESAR CHAVEZ,ST,NA,NA,,,,NA,11,4,0,NA,1,1,11,2:26 AM,DISPATCHED,2:30 AM,4/14/2013,N,74,17,105,112,8,5,4,1,64,3,1,5,1,21,21,227,22,30.26469605,-97.7440671,,NA,NA,NA,CONGRESS AVE,241,NA,NA,NA,NA,NA,,NA,NA,N/A,NA,NA,NA,NA,Y,N,N,2,9,Y,SUN,NA,NA,NA,NA,NA,NA,NA,NA,NA,NA,NA,NA,NA,NA,NA,NA,NA,NA,NA,NA,NA,NA,NA,NA,NA,NA,NA,NA,NA,NA,NA,NA,NA,NA,NA,NA,NA,NA,NA,NA,NA,NA,NA,NA,NA,NA,NA,NA,NA,NA,NA,NA,NA,NA,NA,0,1,0,2,1,1,0,90,132523772,1325237721