Crash_UP_ID,FID,FID_Austin,STATEFP,COUNTYFP,TRACTCE,BLKGRPCE,GEOID1,GEOID,NAMELSAD,MTFCC,FUNCSTAT,ALAND,AWATER,INTPTLAT,INTPTLON,CrashID,CrashID1,Latitude,Longitude,Unit_Nbr,Prsn_Nbr,Prsn_Type_ID,Prsn_Occpnt_Pos_ID,Prsn_Injry_Sev_ID,Prsn_Age,Prsn_Ethnicity_ID,Prsn_Gndr_ID,Prsn_Ejct_ID,Prsn_Rest_ID,Prsn_Airbag_ID,Prsn_Helmet_ID,Prsn_Sol_Fl,Prsn_Alc_Spec_Type_ID,Prsn_Alc_Rslt_ID,Prsn_Bac_Test_Rslt,Prsn_Drg_Spec_Type_ID,Prsn_Drg_Rslt_ID,Drvr_Drg_Cat_1_ID,Prsn_Death_Date,Prsn_Death_Time,Incap_Injry_Cnt.x,Nonincap_Injry_Cnt.x,Poss_Injry_Cnt.x,Non_Injry_Cnt.x,Unkn_Injry_Cnt.x,Tot_Injry_Cnt.x,Death_Cnt.x,Crash_Fatal_Fl,Cmv_Involv_Fl,Schl_Bus_Fl,Rr_Relat_Fl,Medical_Advisory_Fl,Amend_Supp_Fl,Active_School_Zone_Fl,Crash_Date,Crash_Time,Rpt_CRIS_Cnty_ID,Rpt_City_ID,Rpt_Outside_City_Limit_Fl,Thousand_Damage_Fl,Rpt_Latitude,Rpt_Longitude,Rpt_Rdwy_Sys_ID,Rpt_Hwy_Num,Rpt_Hwy_Sfx,Rpt_Road_Part_ID,Rpt_Block_Num,Rpt_Street_Pfx,Rpt_Street_Name,Rpt_Street_Sfx,Private_Dr_Fl,Toll_Road_Fl,Crash_Speed_Limit,Road_Constr_Zone_Fl,Road_Constr_Zone_Wrkr_Fl,Rpt_Street_Desc,At_Intrsct_Fl,Rpt_Sec_Rdwy_Sys_ID,Rpt_Sec_Hwy_Num,Rpt_Sec_Hwy_Sfx,Rpt_Sec_Road_Part_ID,Rpt_Sec_Block_Num,Rpt_Sec_Street_Pfx,Rpt_Sec_Street_Name,Rpt_Sec_Street_Sfx,Rpt_Ref_Mark_Offset_Amt,Rpt_Ref_Mark_Dist_Uom,Rpt_Ref_Mark_Dir,Rpt_Ref_Mark_Nbr,Rpt_Sec_Street_Desc,Rpt_CrossingNumber,Wthr_Cond_ID,Light_Cond_ID,Entr_Road_ID,Road_Type_ID,Road_Algn_ID,Surf_Cond_ID,Traffic_Cntl_ID,Investigat_Notify_Time,Investigat_Notify_Meth,Investigat_Arrv_Time,Report_Date,Investigat_Comp_Fl,Investigat_Agency_ID,Investigat_Area_ID,Investigat_District_ID,Investigat_Region_ID,Bridge_Detail_ID,Harm_Evnt_ID,Intrsct_Relat_ID,FHE_Collsn_ID,Obj_Struck_ID,Othr_Factr_ID,Road_Part_Adj_ID,Road_Cls_ID,Road_Relat_ID,Phys_Featr_1_ID,Phys_Featr_2_ID,Cnty_ID,City_ID,Latitude.1,Longitude.1,Hwy_Sys,Hwy_Nbr,Hwy_Sfx,Dfo,Street_Name,Street_Nbr,Control,Section,Milepoint,Ref_Mark_Nbr,Ref_Mark_Displ,Hwy_Sys_2,Hwy_Nbr_2,Hwy_Sfx_2,Street_Name_2,Street_Nbr_2,Control_2,Section_2,Milepoint_2,Txdot_Rptable_Fl,Onsys_Fl,Rural_Fl,Crash_Sev_ID,Pop_Group_ID,Located_Fl,Day_of_Week,Hwy_Dsgn_Lane_ID,Hwy_Dsgn_Hrt_ID,Hp_Shldr_Left,Hp_Shldr_Right,Hp_Median_Width,Base_Type_ID,Nbr_Of_Lane,Row_Width_Usual,Roadbed_Width,Surf_Width,Surf_Type_ID,Curb_Type_Left_ID,Curb_Type_Right_ID,Shldr_Type_Left_ID,Shldr_Width_Left,Shldr_Use_Left_ID,Shldr_Type_Right_ID,Shldr_Width_Right,Shldr_Use_Right_ID,Median_Type_ID,Median_Width,Rural_Urban_Type_ID,Func_Sys_ID,Adt_Curnt_Amt,Adt_Curnt_Year,Adt_Adj_Curnt_Amt,Pct_Single_Trk_Adt,Pct_Combo_Trk_Adt,Trk_Aadt_Pct,Curve_Type_ID,Curve_Lngth,Cd_Degr,Delta_Left_Right_ID,Dd_Degr,Feature_Crossed,Structure_Number,I_R_Min_Vert_Clear,Approach_Width,Bridge_Median_ID,Bridge_Loading_Type_ID,Bridge_Loading_In_1000_Lbs,Bridge_Srvc_Type_On_ID,Bridge_Srvc_Type_Under_ID,Culvert_Type_ID,Roadway_Width,Deck_Width,Bridge_Dir_Of_Traffic_ID,Bridge_Rte_Struct_Func_ID,Bridge_IR_Struct_Func_ID,CrossingNumber,RRCo,Poscrossing_ID,WDCode_ID,Standstop,Yield,Incap_Injry_Cnt.y,Nonincap_Injry_Cnt.y,Poss_Injry_Cnt.y,Non_Injry_Cnt.y,Unkn_Injry_Cnt.y,Tot_Injry_Cnt.y,Death_Cnt.y,MPO_ID,Unit_ID,Unit_Prsn_ID
AUS_1327007421,59,497,48,453,2412,3,4.85E+11,1500US484530024123,Block Group 3,G5030,S,605886,0,30.1916835,-97.7549166,13270074,AUS_13270074,30.1950055,-97.75816293,2,1,3,16,3,10,2,1,4,11,1,4,N,4,NA,NA,4,97,97,,,0,0,1,0,0,1,0,N,N,N,N,N,N,N,5/1/2013,7:31 PM,227,22,N,N,NA,NA,19,NA,,1,5700,,PONCIANA,DR,N,N,35,N,N,,N,19,NA,,1,2000,E,STASSNEY,LN,NA,NA,,,,NA,11,1,2,NA,1,1,8,7:31 PM,DROVE ON SCENE,7:31 PM,5/1/2013,Y,74,NA,18,234,8,5,2,1,64,54,1,5,1,21,21,227,22,30.1950055,-97.75816293,,NA,NA,NA,PONCIANA DR,NA,NA,NA,NA,NA,NA,,NA,NA,E STASSNEY LN,NA,NA,NA,NA,Y,N,N,3,9,Y,WED,NA,NA,NA,NA,NA,NA,NA,NA,NA,NA,NA,NA,NA,NA,NA,NA,NA,NA,NA,NA,NA,NA,NA,NA,NA,NA,NA,NA,NA,NA,NA,NA,NA,NA,NA,NA,NA,NA,NA,NA,NA,NA,NA,NA,NA,NA,NA,NA,NA,NA,NA,NA,NA,NA,NA,0,0,1,1,0,1,0,90,132700742,1327007421
AUS_1327040021,178,49,48,453,1307,1,4.85E+11,1500US484530013071,Block Group 1,G5030,S,645703,0,30.230921,-97.7713327,13270400,AUS_13270400,30.22806498,-97.7750887,2,1,3,16,2,35,1,1,4,11,1,4,N,4,NA,NA,4,97,97,,,0,1,0,0,0,1,0,N,N,N,N,N,N,N,5/3/2013,2:53 PM,227,22,N,N,NA,NA,19,NA,,2,1000,W,BEN WHITE EB SVC,,N,N,45,N,N,,N,19,NA,,NA,,,JAMES,PKWY,NA,NA,,,,NA,11,1,0,NA,5,1,8,2:54 PM,DISPATCH,2:57 PM,5/3/2013,Y,74,NA,NA,NA,8,5,4,1,64,54,2,5,1,21,21,227,22,30.22806498,-97.7750887,,NA,NA,NA,W BEN WHITE BLVD,1000,NA,NA,NA,NA,NA,,NA,NA,N/A,NA,NA,NA,NA,Y,N,N,2,9,Y,FRI,NA,NA,NA,NA,NA,NA,NA,NA,NA,NA,NA,NA,NA,NA,NA,NA,NA,NA,NA,NA,NA,NA,NA,NA,NA,NA,NA,NA,NA,NA,NA,NA,NA,NA,NA,NA,NA,NA,NA,NA,NA,NA,NA,NA,NA,NA,NA,NA,NA,NA,NA,NA,NA,NA,NA,0,1,0,1,0,1,0,90,132704002,1327040021
AUS_1327045421,867,65,48,453,401,2,4.85E+11,1500US484530004012,Block Group 2,G5030,S,1342888,0,30.2880599,-97.7281679,13270454,AUS_13270454,30.28838,-97.7291,2,1,3,16,3,45,1,1,4,11,1,5,N,4,NA,NA,4,97,97,,,0,0,1,0,0,1,0,N,N,N,N,N,N,N,4/23/2013,3:27 PM,227,22,N,Y,NA,NA,19,NA,,1,NA,E,DEAN KEETON,ST,N,N,0,N,N,,Y,19,NA,,NA,,,MEDICAL ARTS,ST,NA,NA,,,,NA,11,1,4,NA,2,1,5,3:27 PM,DISPATCH,3:40 PM,4/23/2013,Y,74,22,219,292,8,5,1,2,64,3,1,5,1,21,21,227,22,30.28838,-97.7291,,NA,NA,NA,E DEAN KEETON ST,826,NA,NA,NA,NA,NA,,NA,NA,MEDICAL ARTS ST,NA,NA,NA,NA,Y,N,N,3,9,Y,TUE,NA,NA,NA,NA,NA,NA,NA,NA,NA,NA,NA,NA,NA,NA,NA,NA,NA,NA,NA,NA,NA,NA,NA,NA,NA,NA,NA,NA,NA,NA,NA,NA,NA,NA,NA,NA,NA,NA,NA,NA,NA,NA,NA,NA,NA,NA,NA,NA,NA,NA,NA,NA,NA,NA,NA,0,0,1,1,0,1,0,90,132704542,1327045421
AUS_1327848921,968,477,48,453,2107,2,4.85E+11,1500US484530021072,Block Group 2,G5030,S,567887,0,30.2959769,-97.6810895,13278489,AUS_13278489,30.30011,-97.68588,2,1,3,16,2,28,1,1,4,11,1,4,N,4,NA,NA,4,97,97,,,0,1,0,0,0,1,0,N,N,N,N,N,N,N,5/13/2013,10:13 AM,227,22,N,Y,NA,NA,19,NA,,1,NA,,MANOR,RD,N,N,35,N,N,,Y,19,NA,,NA,,,WESTMINISTER,DR,NA,NA,,,,NA,11,1,3,NA,3,1,20,8:35 AM,DISPATCH,8:41 AM,5/13/2013,Y,74,NA,273,95,8,5,1,3,64,54,1,5,1,21,21,227,22,30.30011,-97.68588,,NA,NA,NA,MANOR RD,NA,NA,NA,NA,NA,NA,,NA,NA,WESTMINSTER DR,NA,NA,NA,NA,Y,N,N,2,9,Y,MON,NA,NA,NA,NA,NA,NA,NA,NA,NA,NA,NA,NA,NA,NA,NA,NA,NA,NA,NA,NA,NA,NA,NA,NA,NA,NA,NA,NA,NA,NA,NA,NA,NA,NA,NA,NA,NA,NA,NA,NA,NA,NA,NA,NA,NA,NA,NA,NA,NA,NA,NA,NA,NA,NA,NA,0,1,0,1,0,1,0,90,132784892,1327848921
AUS_1327858821,283,149,48,453,1914,3,4.85E+11,1500US484530019143,Block Group 3,G5030,S,2549205,0,30.2457838,-97.8217016,13278588,AUS_13278588,30.24175628,-97.81583554,2,1,3,16,2,60,1,1,4,11,1,3,N,4,NA,NA,4,97,97,,,0,1,0,0,0,1,0,N,N,N,N,N,N,N,5/5/2013,8:06 AM,227,22,N,Y,NA,NA,19,NA,,2,4400,,GAINES RANCH,LOOP,N,N,45,N,N,,Y,19,NA,,NA,4400,S,MOPAC SVRD SB,EXPY,NA,NA,,,,NA,11,1,0,NA,3,1,8,8:06 AM,DISPATCHED,8:09 AM,5/5/2013,Y,74,NA,NA,NA,8,5,1,2,64,54,2,2,1,21,21,227,22,30.24175628,-97.81583554,,NA,NA,NA,GAINES RANCH LOOP,4400,NA,NA,NA,NA,NA,,NA,NA,UNKNOWN,NA,NA,NA,NA,Y,N,N,2,9,Y,SUN,NA,NA,NA,NA,NA,NA,NA,NA,NA,NA,NA,NA,NA,NA,NA,NA,NA,NA,NA,NA,NA,NA,NA,NA,NA,NA,NA,NA,NA,NA,NA,NA,NA,NA,NA,NA,NA,NA,NA,NA,NA,NA,NA,NA,NA,NA,NA,NA,NA,NA,NA,NA,NA,NA,NA,0,1,0,1,0,1,0,90,132785882,1327858821
AUS_1327862221,1214,537,48,453,1818,3,4.85E+11,1500US484530018183,Block Group 3,G5030,S,658157,0,30.3577194,-97.7260027,13278622,AUS_13278622,30.35773452,-97.73040819,2,1,3,16,2,39,1,1,4,11,1,2,N,4,NA,NA,4,97,97,,,0,1,0,0,0,1,0,N,N,N,N,N,N,N,5/7/2013,4:25 PM,227,22,N,N,NA,NA,19,NA,,7,7950,,BURNET,RD,N,N,0,N,N,,N,19,NA,,NA,,W,ANDERSON,LN,NA,NA,,,,NA,11,1,98,NA,1,1,1,4:31 PM,DISPATCH,4:37 PM,5/7/2013,Y,74,NA,46,64,8,5,3,1,64,14,1,3,1,32,21,227,22,30.35773452,-97.73040819,,NA,NA,NA,BURNET RD,7952,NA,NA,NA,NA,NA,,NA,NA,N/A,NA,NA,NA,NA,Y,N,N,2,9,Y,TUE,NA,NA,NA,NA,NA,NA,NA,NA,NA,NA,NA,NA,NA,NA,NA,NA,NA,NA,NA,NA,NA,NA,NA,NA,NA,NA,NA,NA,NA,NA,NA,NA,NA,NA,NA,NA,NA,NA,NA,NA,NA,NA,NA,NA,NA,NA,NA,NA,NA,NA,NA,NA,NA,NA,NA,0,1,0,1,0,1,0,90,132786222,1327862221
AUS_1327873921,512,433,48,453,1100,1,4.85E+11,1500US484530011001,Block Group 1,G5030,S,2044061,66635,30.2687002,-97.7433003,13278739,AUS_13278739,30.26339788,-97.74450517,2,1,3,16,3,26,1,1,4,11,1,4,N,4,NA,NA,4,97,97,,,0,0,1,0,0,1,0,N,N,N,N,N,N,N,4/28/2013,12:15 AM,227,22,N,N,NA,NA,19,NA,,1,NA,,CONGRESS,AVE,N,N,30,N,N,,Y,19,NA,,NA,,W,CESAR CHAVEZ,ST,NA,NA,,,,NA,11,4,0,3,1,1,5,12:15 AM,DISPATCHED,12:18 AM,4/29/2013,Y,74,1,115,144,8,5,1,3,64,3,1,2,1,21,21,227,22,30.26339788,-97.74450517,SL,343,NA,4.54,SL0343,100,113,12,5.782,568,0.222,,NA,NA,CONGRESS AVE,NA,NA,NA,NA,Y,Y,N,3,9,Y,SUN,1,0,10,10,0,9,4,80,68,48,6,0,0,2,10,5,2,10,5,0,0,4,14,26000,2012,26000,1,0.3,1.3,NA,NA,NA,NA,NA,NA,NA,NA,NA,NA,NA,NA,NA,NA,NA,NA,NA,NA,NA,NA,NA,NA,NA,NA,NA,NA,0,0,1,1,0,1,0,90,132787392,1327873921
AUS_1329404021,312,369,48,453,1305,3,4.85E+11,1500US484530013053,Block Group 3,G5030,S,655707,0,30.2452677,-97.7539204,13294040,AUS_13294040,30.24516,-97.75133,2,1,3,16,2,40,1,1,4,11,1,4,N,4,NA,NA,4,97,97,,,0,1,0,0,0,1,0,N,N,N,N,N,N,N,5/17/2013,9:01 AM,227,22,N,N,NA,NA,19,NA,,1,1800,S,CONGRESS,AVE,N,N,0,N,N,,Y,19,NA,,NA,100,W,MARY,ST,NA,NA,,,,NA,11,1,4,NA,3,1,5,9:01 AM,DISPATCHED,9:10 AM,5/17/2013,Y,74,17,105,112,8,5,1,1,64,3,1,5,1,21,21,227,22,30.24516,-97.75133,,NA,NA,NA,S CONGRESS AVE,1899,NA,NA,NA,NA,NA,,NA,NA,W MARY ST,NA,NA,NA,NA,Y,N,N,2,9,Y,FRI,NA,NA,NA,NA,NA,NA,NA,NA,NA,NA,NA,NA,NA,NA,NA,NA,NA,NA,NA,NA,NA,NA,NA,NA,NA,NA,NA,NA,NA,NA,NA,NA,NA,NA,NA,NA,NA,NA,NA,NA,NA,NA,NA,NA,NA,NA,NA,NA,NA,NA,NA,NA,NA,NA,NA,0,1,0,1,0,1,0,90,132940402,1329404021
AUS_1329416421,752,368,48,453,802,2,4.85E+11,1500US484530008022,Block Group 2,G5030,S,380331,0,30.274356,-97.7038305,13294164,AUS_13294164,30.27684873,-97.70033201,2,1,3,16,1,27,1,1,4,11,1,4,N,4,NA,NA,4,97,97,,,1,0,0,0,0,1,0,N,N,N,N,N,N,N,5/16/2013,9:58 PM,227,22,N,Y,NA,NA,19,NA,,1,1200,,AIRPORT,BLVD,N,N,0,N,N,,Y,19,NA,,NA,,E,12TH,ST,NA,NA,,,,NA,11,4,4,3,1,1,5,9:58 PM,DISPATCH,10:02 PM,5/16/2013,Y,74,64,34,48,8,5,2,3,64,54,1,2,1,21,21,227,22,30.27684873,-97.70033201,SL,111,NA,0.449,SL0111,1201,151,6,12.125,438,0.125,,NA,NA,E 12TH ST,NA,NA,NA,NA,Y,Y,N,1,9,Y,THU,2,0,1,2,0,2,4,160,51,48,4,0,0,2,1,5,2,2,5,0,0,4,14,24000,2012,24000,0.9,0.4,1.3,1,98,2,1,10,NA,NA,NA,NA,NA,NA,NA,NA,NA,NA,NA,NA,NA,NA,NA,NA,NA,NA,NA,NA,NA,1,0,0,1,0,1,0,90,132941642,1329416421
AUS_1329418031,1114,464,48,453,1912,1,4.85E+11,1500US484530019121,Block Group 1,G5030,S,10972214,886778,30.3252866,-97.8278484,13294180,AUS_13294180,30.32279101,-97.81431652,3,1,3,16,3,39,1,1,4,11,1,2,N,4,NA,NA,4,97,97,,,0,0,1,0,0,1,0,N,N,N,N,N,N,N,5/21/2013,5:18 PM,227,22,N,N,NA,NA,19,NA,,1,2300,N,CAPITAL OF TEXAS NB,HWY,N,N,60,N,N,,Y,19,NA,,NA,6000,,BOLD RULER,WAY,NA,NA,,,,NA,11,1,2,2,3,1,8,5:18 PM,DISPATCHED,5:32 PM,5/21/2013,Y,74,11,10,14,8,5,1,2,64,3,1,2,1,21,21,227,22,30.32279101,-97.81431652,SL,360,NA,6.707,SL0360,NA,113,13,17.822,438,0.778,RM,2244,NA,RM2244,NA,NA,NA,NA,Y,Y,N,3,9,Y,TUE,3,0,4,10,68,2,4,350,76,48,4,0,0,2,8,5,2,20,5,3,60,4,14,45000,2012,45000,2.9,0.4,3.3,1,189,3,2,30,NA,NA,NA,NA,NA,NA,NA,NA,NA,NA,NA,NA,NA,NA,NA,NA,NA,NA,NA,NA,NA,0,0,1,2,0,1,0,90,132941803,1329418031
AUS_1329418321,928,339,48,453,401,1,4.85E+11,1500US484530004011,Block Group 1,G5030,S,839804,0,30.2885489,-97.7200794,13294183,AUS_13294183,30.29422139,-97.72004519,2,1,3,16,2,57,1,1,4,11,1,2,N,4,NA,NA,4,97,97,,,0,1,0,0,0,1,0,N,N,N,N,N,N,N,5/18/2013,12:51 PM,227,22,N,N,NA,NA,1,35,,2,3800,N,SB SVRD,,N,N,35,N,N,,N,19,NA,,NA,,E,38TH,ST,NA,NA,,,,NA,11,1,4,2,1,1,5,12:52 PM,DISPATCH,12:55 PM,5/18/2013,Y,74,216,10,14,8,5,1,2,64,3,2,1,1,21,21,227,22,30.29422139,-97.72004519,IH,35,NA,236.009,IH0035,NA,15,13,19.887,237,-0.146,,NA,NA,E 38TH ST,NA,NA,NA,NA,Y,Y,N,2,9,Y,SAT,5,0,2,10,7,2,8,310,182,96,4,0,0,2,20,5,2,40,5,2,3,4,11,191460,2012,191460,2.5,6.6,9.1,NA,NA,NA,NA,NA,NA,NA,NA,NA,NA,NA,NA,NA,NA,NA,NA,NA,NA,NA,NA,NA,NA,NA,NA,NA,NA,0,1,0,1,0,1,0,90,132941832,1329418321
AUS_1329419211,400,343,48,453,902,2,4.85E+11,1500US484530009022,Block Group 2,G5030,S,1005391,0,30.257009,-97.7105642,13294192,AUS_13294192,30.2566,-97.71111,1,1,3,16,1,22,1,2,4,11,1,1,N,4,NA,NA,4,97,97,,,1,0,0,0,0,1,0,N,N,N,N,N,N,N,5/18/2013,10:05 AM,227,22,N,N,NA,NA,19,NA,,1,NA,N,PLEASANT VALLEY,RD,N,N,0,Y,N,,Y,19,NA,,NA,,E,5TH,ST,NA,NA,,,,NA,11,1,0,NA,1,1,5,10:05 AM,DISPATCHED,10:09 AM,5/18/2013,Y,74,17,34,48,8,5,1,1,64,49,1,5,1,21,21,227,22,30.2566,-97.71111,,NA,NA,NA,N PLEASANT VALLEY RD,501,NA,NA,NA,NA,NA,,NA,NA,E 5TH ST,NA,NA,NA,NA,Y,N,N,1,9,Y,SAT,NA,NA,NA,NA,NA,NA,NA,NA,NA,NA,NA,NA,NA,NA,NA,NA,NA,NA,NA,NA,NA,NA,NA,NA,NA,NA,NA,NA,NA,NA,NA,NA,NA,NA,NA,NA,NA,NA,NA,NA,NA,NA,NA,NA,NA,NA,NA,NA,NA,NA,NA,NA,NA,NA,NA,1,0,0,2,0,1,0,90,132941921,1329419211
AUS_1329939121,1088,506,48,453,305,2,4.85E+11,1500US484530003052,Block Group 2,G5030,S,621511,0,30.3138589,-97.7287013,13299391,AUS_13299391,30.31741256,-97.7286287,2,1,3,16,2,30,1,1,4,11,1,5,N,4,NA,NA,4,97,97,,,0,1,0,0,0,1,0,N,N,N,N,N,N,N,5/29/2013,5:40 PM,227,22,N,N,NA,NA,19,NA,,1,5000,,GUADALUPE,ST,N,N,30,N,N,,N,19,NA,,NA,,,51ST,ST,NA,NA,,,,NA,11,1,0,NA,1,1,1,5:40 PM,DISPATCH,5:43 PM,5/29/2013,Y,74,NA,120,14,8,5,3,1,64,54,1,5,1,21,21,227,22,30.31741256,-97.7286287,,NA,NA,NA,GUADALUPE ST,5075,NA,NA,NA,NA,NA,,NA,NA,N/A,NA,NA,NA,NA,Y,N,N,2,9,Y,WED,NA,NA,NA,NA,NA,NA,NA,NA,NA,NA,NA,NA,NA,NA,NA,NA,NA,NA,NA,NA,NA,NA,NA,NA,NA,NA,NA,NA,NA,NA,NA,NA,NA,NA,NA,NA,NA,NA,NA,NA,NA,NA,NA,NA,NA,NA,NA,NA,NA,NA,NA,NA,NA,NA,NA,0,1,0,1,0,1,0,90,132993912,1329939121
AUS_1330258331,1189,194,48,453,1719,1,4.85E+11,1500US484530017191,Block Group 1,G5030,S,2167241,0,30.3535321,-97.7779325,13302583,AUS_13302583,30.34669367,-97.78479286,3,1,3,16,5,45,1,1,4,11,1,2,N,4,NA,NA,4,97,97,,,0,0,0,1,0,0,0,N,N,N,N,N,N,N,5/23/2013,5:34 PM,227,22,N,Y,NA,NA,4,2222,,1,4800,,NOT REPORTED,,N,N,45,N,N,,N,19,NA,,NA,,,PARADOX,CV,NA,NA,,,,NA,12,1,0,3,6,1,1,5:34 PM,DISPATCH,5:41 PM,5/23/2013,Y,74,1,120,14,8,2,4,20,64,39,1,3,1,21,21,227,22,30.34669367,-97.78479286,RM,2222,NA,6.454,RM2222,4868,2100,1,6.482,532,0.451,,NA,NA,N/A,NA,NA,NA,NA,Y,Y,N,5,9,Y,THU,2,0,0,0,0,2,4,100,48,48,4,0,0,1,0,0,1,0,0,0,0,4,14,23000,2012,23000,1.9,0.3,2.2,1,63,10,NA,33,NA,NA,NA,NA,NA,NA,NA,NA,NA,NA,NA,NA,NA,NA,NA,NA,NA,NA,NA,NA,NA,0,0,0,4,0,0,0,90,133025833,1330258331
AUS_1330259421,1095,472,48,453,2105,2,4.85E+11,1500US484530021052,Block Group 2,G5030,S,857352,0,30.3176518,-97.7037163,13302594,AUS_13302594,30.31867261,-97.70725752,2,1,3,16,2,26,1,1,4,11,1,4,N,4,NA,NA,4,97,97,,,0,1,0,0,0,1,0,N,N,N,N,N,N,N,5/16/2013,4:30 PM,227,22,N,N,NA,NA,1,35,,2,5800,N,SVRD NB,,N,N,45,N,N,,Y,19,NA,,NA,1000,,REINLI,ST,NA,NA,,,,NA,11,1,2,2,1,1,8,4:32 PM,DISPATCHED,4:39 PM,5/20/2013,Y,74,NA,75,95,8,5,2,1,64,54,2,1,1,21,21,227,22,30.31867261,-97.70725752,IH,35,NA,237.872,IH0035,NA,15,13,21.762,239,-0.282,,NA,NA,REINLI ST,NA,NA,NA,NA,Y,Y,N,2,9,Y,THU,5,0,4,10,32,2,8,300,124,96,4,0,0,2,8,5,2,20,5,2,24,4,11,184540,2012,184540,2.5,6.8,9.3,1,274,0,1,14,NA,NA,NA,NA,NA,NA,NA,NA,NA,NA,NA,NA,NA,NA,NA,NA,NA,NA,NA,NA,NA,0,1,0,1,0,1,0,90,133025942,1330259421
AUS_1330263221,1107,292,48,453,1913,1,4.85E+11,1500US484530019131,Block Group 1,G5030,S,7472082,0,30.3185121,-97.8071483,13302632,AUS_13302632,30.3218326,-97.81545545,2,1,3,16,2,57,1,1,4,11,1,1,N,4,NA,NA,4,97,97,,,0,1,0,0,0,1,0,N,N,N,N,N,N,N,5/22/2013,7:34 AM,227,22,N,N,NA,NA,19,NA,,1,2100,N,CAPITAL OF TEXAS SB,HWY,N,N,60,N,N,,N,19,NA,,NA,6100,,BOLD RULER,WAY,NA,NA,,,,NA,11,1,0,2,2,1,20,7:35 AM,DISPATCHED,7:50 AM,5/22/2013,Y,74,NA,NA,107,8,5,4,1,64,3,1,2,3,21,21,227,22,30.3218326,-97.81545545,SL,360,NA,6.801,SL0360,NA,113,13,17.919,438,0.872,,NA,NA,N/A,NA,NA,NA,NA,Y,Y,N,2,9,Y,WED,3,0,4,10,68,2,4,350,76,48,4,0,0,2,8,5,2,20,5,3,60,4,14,45000,2012,45000,2.9,0.4,3.3,1,189,3,2,30,NA,NA,NA,NA,NA,NA,NA,NA,NA,NA,NA,NA,NA,NA,NA,NA,NA,NA,NA,NA,NA,0,1,0,2,0,1,0,90,133026322,1330263221
AUS_1330266921,1026,46,48,453,305,1,4.85E+11,1500US484530003051,Block Group 1,G5030,S,426300,0,30.3120757,-97.7234563,13302669,AUS_13302669,30.307,-97.72458,2,1,3,16,2,23,1,2,4,11,1,4,N,4,NA,NA,4,97,97,,,0,1,0,0,0,1,0,N,N,N,N,N,N,N,4/25/2013,8:37 AM,227,22,N,N,NA,NA,19,NA,,1,NA,E,45TH,,N,N,30,N,N,,Y,19,NA,,NA,,,DUVAL,ST,NA,NA,,,,NA,12,1,4,NA,1,1,5,8:37 AM,DISPATCH,8:39 AM,4/25/2013,Y,74,NA,NA,125,8,5,2,2,64,54,1,5,1,21,21,227,22,30.307,-97.72458,,NA,NA,NA,E 45TH ST,NA,NA,NA,NA,NA,NA,,NA,NA,DUVAL ST,NA,NA,NA,NA,Y,N,N,2,9,Y,THU,NA,NA,NA,NA,NA,NA,NA,NA,NA,NA,NA,NA,NA,NA,NA,NA,NA,NA,NA,NA,NA,NA,NA,NA,NA,NA,NA,NA,NA,NA,NA,NA,NA,NA,NA,NA,NA,NA,NA,NA,NA,NA,NA,NA,NA,NA,NA,NA,NA,NA,NA,NA,NA,NA,NA,0,1,0,0,1,1,0,90,133026692,1330266921
AUS_1330276121,1183,573,48,453,1504,4,4.85E+11,1500US484530015044,Block Group 4,G5030,S,705448,0,30.3455485,-97.7307572,13302761,AUS_13302761,30.34304,-97.72503,2,1,3,16,2,27,1,1,4,11,1,2,N,4,NA,NA,4,97,97,,,0,1,0,0,0,1,0,N,N,N,N,N,N,N,4/29/2013,4:56 PM,227,22,N,Y,NA,NA,19,NA,,1,NA,,WOODROW,AVE,N,N,0,N,N,,Y,19,NA,,NA,,,PIEDMONT,AVE,NA,NA,,,,NA,11,1,2,NA,1,1,1,4:56 PM,DISPATCH,5:03 PM,4/29/2013,Y,74,NA,75,95,8,5,3,2,64,13,1,5,1,32,21,227,22,30.34304,-97.72503,,NA,NA,NA,WOODROW AVE,7199,NA,NA,NA,NA,NA,,NA,NA,N/A,NA,NA,NA,NA,Y,N,N,2,9,Y,MON,NA,NA,NA,NA,NA,NA,NA,NA,NA,NA,NA,NA,NA,NA,NA,NA,NA,NA,NA,NA,NA,NA,NA,NA,NA,NA,NA,NA,NA,NA,NA,NA,NA,NA,NA,NA,NA,NA,NA,NA,NA,NA,NA,NA,NA,NA,NA,NA,NA,NA,NA,NA,NA,NA,NA,0,1,0,1,0,1,0,90,133027612,1330276121