Crash_UP_ID,FID,FID_Austin,STATEFP,COUNTYFP,TRACTCE,BLKGRPCE,GEOID1,GEOID,NAMELSAD,MTFCC,FUNCSTAT,ALAND,AWATER,INTPTLAT,INTPTLON,CrashID,CrashID1,Latitude,Longitude,Unit_Nbr,Prsn_Nbr,Prsn_Type_ID,Prsn_Occpnt_Pos_ID,Prsn_Injry_Sev_ID,Prsn_Age,Prsn_Ethnicity_ID,Prsn_Gndr_ID,Prsn_Ejct_ID,Prsn_Rest_ID,Prsn_Airbag_ID,Prsn_Helmet_ID,Prsn_Sol_Fl,Prsn_Alc_Spec_Type_ID,Prsn_Alc_Rslt_ID,Prsn_Bac_Test_Rslt,Prsn_Drg_Spec_Type_ID,Prsn_Drg_Rslt_ID,Drvr_Drg_Cat_1_ID,Prsn_Death_Date,Prsn_Death_Time,Incap_Injry_Cnt.x,Nonincap_Injry_Cnt.x,Poss_Injry_Cnt.x,Non_Injry_Cnt.x,Unkn_Injry_Cnt.x,Tot_Injry_Cnt.x,Death_Cnt.x,Crash_Fatal_Fl,Cmv_Involv_Fl,Schl_Bus_Fl,Rr_Relat_Fl,Medical_Advisory_Fl,Amend_Supp_Fl,Active_School_Zone_Fl,Crash_Date,Crash_Time,Rpt_CRIS_Cnty_ID,Rpt_City_ID,Rpt_Outside_City_Limit_Fl,Thousand_Damage_Fl,Rpt_Latitude,Rpt_Longitude,Rpt_Rdwy_Sys_ID,Rpt_Hwy_Num,Rpt_Hwy_Sfx,Rpt_Road_Part_ID,Rpt_Block_Num,Rpt_Street_Pfx,Rpt_Street_Name,Rpt_Street_Sfx,Private_Dr_Fl,Toll_Road_Fl,Crash_Speed_Limit,Road_Constr_Zone_Fl,Road_Constr_Zone_Wrkr_Fl,Rpt_Street_Desc,At_Intrsct_Fl,Rpt_Sec_Rdwy_Sys_ID,Rpt_Sec_Hwy_Num,Rpt_Sec_Hwy_Sfx,Rpt_Sec_Road_Part_ID,Rpt_Sec_Block_Num,Rpt_Sec_Street_Pfx,Rpt_Sec_Street_Name,Rpt_Sec_Street_Sfx,Rpt_Ref_Mark_Offset_Amt,Rpt_Ref_Mark_Dist_Uom,Rpt_Ref_Mark_Dir,Rpt_Ref_Mark_Nbr,Rpt_Sec_Street_Desc,Rpt_CrossingNumber,Wthr_Cond_ID,Light_Cond_ID,Entr_Road_ID,Road_Type_ID,Road_Algn_ID,Surf_Cond_ID,Traffic_Cntl_ID,Investigat_Notify_Time,Investigat_Notify_Meth,Investigat_Arrv_Time,Report_Date,Investigat_Comp_Fl,Investigat_Agency_ID,Investigat_Area_ID,Investigat_District_ID,Investigat_Region_ID,Bridge_Detail_ID,Harm_Evnt_ID,Intrsct_Relat_ID,FHE_Collsn_ID,Obj_Struck_ID,Othr_Factr_ID,Road_Part_Adj_ID,Road_Cls_ID,Road_Relat_ID,Phys_Featr_1_ID,Phys_Featr_2_ID,Cnty_ID,City_ID,Latitude.1,Longitude.1,Hwy_Sys,Hwy_Nbr,Hwy_Sfx,Dfo,Street_Name,Street_Nbr,Control,Section,Milepoint,Ref_Mark_Nbr,Ref_Mark_Displ,Hwy_Sys_2,Hwy_Nbr_2,Hwy_Sfx_2,Street_Name_2,Street_Nbr_2,Control_2,Section_2,Milepoint_2,Txdot_Rptable_Fl,Onsys_Fl,Rural_Fl,Crash_Sev_ID,Pop_Group_ID,Located_Fl,Day_of_Week,Hwy_Dsgn_Lane_ID,Hwy_Dsgn_Hrt_ID,Hp_Shldr_Left,Hp_Shldr_Right,Hp_Median_Width,Base_Type_ID,Nbr_Of_Lane,Row_Width_Usual,Roadbed_Width,Surf_Width,Surf_Type_ID,Curb_Type_Left_ID,Curb_Type_Right_ID,Shldr_Type_Left_ID,Shldr_Width_Left,Shldr_Use_Left_ID,Shldr_Type_Right_ID,Shldr_Width_Right,Shldr_Use_Right_ID,Median_Type_ID,Median_Width,Rural_Urban_Type_ID,Func_Sys_ID,Adt_Curnt_Amt,Adt_Curnt_Year,Adt_Adj_Curnt_Amt,Pct_Single_Trk_Adt,Pct_Combo_Trk_Adt,Trk_Aadt_Pct,Curve_Type_ID,Curve_Lngth,Cd_Degr,Delta_Left_Right_ID,Dd_Degr,Feature_Crossed,Structure_Number,I_R_Min_Vert_Clear,Approach_Width,Bridge_Median_ID,Bridge_Loading_Type_ID,Bridge_Loading_In_1000_Lbs,Bridge_Srvc_Type_On_ID,Bridge_Srvc_Type_Under_ID,Culvert_Type_ID,Roadway_Width,Deck_Width,Bridge_Dir_Of_Traffic_ID,Bridge_Rte_Struct_Func_ID,Bridge_IR_Struct_Func_ID,CrossingNumber,RRCo,Poscrossing_ID,WDCode_ID,Standstop,Yield,Incap_Injry_Cnt.y,Nonincap_Injry_Cnt.y,Poss_Injry_Cnt.y,Non_Injry_Cnt.y,Unkn_Injry_Cnt.y,Tot_Injry_Cnt.y,Death_Cnt.y,MPO_ID,Unit_ID,Unit_Prsn_ID
AUS_1330277021,656,433,48,453,1100,1,4.85E+11,1500US484530011001,Block Group 1,G5030,S,2044061,66635,30.2687002,-97.7433003,13302770,AUS_13302770,30.26962,-97.74843,2,1,3,16,2,22,1,1,4,11,1,4,N,4,NA,NA,4,97,97,,,0,1,0,0,0,1,0,N,N,N,N,N,N,N,5/4/2013,12:10 AM,227,22,N,N,NA,NA,19,NA,,1,NA,W,6TH,ST,N,N,35,N,N,,Y,19,NA,,NA,,,NUECES,ST,NA,NA,,,,NA,11,4,4,NA,1,1,5,1:26 PM,DISPATCH,2:50 PM,5/5/2013,Y,74,1,131,411,8,5,1,1,64,3,1,5,1,21,21,227,22,30.26962,-97.74843,,NA,NA,NA,W 6TH ST,600,NA,NA,NA,NA,NA,,NA,NA,NUECES ST,NA,NA,NA,NA,Y,N,N,2,9,Y,SAT,NA,NA,NA,NA,NA,NA,NA,NA,NA,NA,NA,NA,NA,NA,NA,NA,NA,NA,NA,NA,NA,NA,NA,NA,NA,NA,NA,NA,NA,NA,NA,NA,NA,NA,NA,NA,NA,NA,NA,NA,NA,NA,NA,NA,NA,NA,NA,NA,NA,NA,NA,NA,NA,NA,NA,0,1,0,0,1,1,0,90,133027702,1330277021
AUS_1330333011,1047,66,48,453,306,1,4.85E+11,1500US484530003061,Block Group 1,G5030,S,3371879,0,30.2971559,-97.7002732,13303330,AUS_13303330,30.30903437,-97.70966075,1,1,3,16,2,28,1,2,4,11,1,4,N,4,NA,NA,4,97,97,,,0,1,0,0,0,1,0,N,N,N,N,N,N,N,5/27/2013,1:58 PM,227,22,N,N,NA,NA,19,NA,,1,1100,E,51ST,ST,N,N,0,N,N,,N,19,NA,,NA,,,CAMERON,RD,NA,NA,,,,NA,11,1,0,NA,1,1,5,1:59 PM,DISPATCH,2:03 PM,5/27/2013,Y,74,12,139,95,8,5,2,1,64,54,1,5,1,21,21,227,22,30.30903437,-97.70966075,,NA,NA,NA,E 51ST ST,NA,NA,NA,NA,NA,NA,,NA,NA,CAMERON RD,NA,NA,NA,NA,Y,N,N,2,9,Y,MON,NA,NA,NA,NA,NA,NA,NA,NA,NA,NA,NA,NA,NA,NA,NA,NA,NA,NA,NA,NA,NA,NA,NA,NA,NA,NA,NA,NA,NA,NA,NA,NA,NA,NA,NA,NA,NA,NA,NA,NA,NA,NA,NA,NA,NA,NA,NA,NA,NA,NA,NA,NA,NA,NA,NA,0,1,0,0,1,1,0,90,133033301,1330333011
AUS_1330336811,1115,43,48,453,1503,1,4.85E+11,1500US484530015031,Block Group 1,G5030,S,641563,0,30.3200143,-97.7196087,13303368,AUS_13303368,30.3229603,-97.72822908,1,1,3,16,1,40,1,1,4,11,1,4,N,4,NA,NA,4,97,97,,,1,0,0,0,0,1,0,N,N,N,N,N,N,N,5/20/2013,5:08 PM,227,22,N,Y,NA,NA,19,NA,,1,NA,N,LAMAR,BLVD,N,N,35,N,N,,Y,19,NA,,NA,,,NELROY,BLVD,NA,NA,,,,NA,11,1,2,NA,1,1,20,5:08 PM,DISPATCH,5:13 PM,5/20/2013,Y,74,NA,75,95,8,5,1,1,64,54,1,5,1,21,21,227,22,30.3229603,-97.72822908,,NA,NA,NA,N LAMAR BLVD,NA,NA,NA,NA,NA,NA,,NA,NA,UNKNOWN,NA,NA,NA,NA,Y,N,N,1,9,Y,MON,NA,NA,NA,NA,NA,NA,NA,NA,NA,NA,NA,NA,NA,NA,NA,NA,NA,NA,NA,NA,NA,NA,NA,NA,NA,NA,NA,NA,NA,NA,NA,NA,NA,NA,NA,NA,NA,NA,NA,NA,NA,NA,NA,NA,NA,NA,NA,NA,NA,NA,NA,NA,NA,NA,NA,1,0,0,1,0,1,0,90,133033681,1330336811
AUS_1330435011,1199,442,48,453,1504,1,4.85E+11,1500US484530015041,Block Group 1,G5030,S,766394,0,30.3455684,-97.7184735,13304350,AUS_13304350,30.35191,-97.72202,1,1,3,16,3,58,1,1,4,11,1,4,N,4,NA,NA,4,97,97,,,0,0,1,0,0,1,0,N,N,N,N,N,N,N,4/15/2013,7:02 PM,227,22,N,N,NA,NA,19,NA,,1,NA,,BURRELL,DR,N,N,30,N,N,,Y,19,NA,,NA,,W,ANDERSON,LN,NA,NA,,,,NA,11,1,0,NA,1,1,16,7:04 PM,RADIO,7:50 PM,4/15/2013,Y,74,NA,NA,NA,8,5,1,2,64,54,1,5,1,21,21,227,22,30.35191,-97.72202,,NA,NA,NA,BURRELL DR,7901,NA,NA,NA,NA,NA,,NA,NA,W ANDERSON LN,NA,NA,NA,NA,Y,N,N,3,9,Y,MON,NA,NA,NA,NA,NA,NA,NA,NA,NA,NA,NA,NA,NA,NA,NA,NA,NA,NA,NA,NA,NA,NA,NA,NA,NA,NA,NA,NA,NA,NA,NA,NA,NA,NA,NA,NA,NA,NA,NA,NA,NA,NA,NA,NA,NA,NA,NA,NA,NA,NA,NA,NA,NA,NA,NA,0,0,1,3,0,1,0,90,133043501,1330435011
AUS_1330439821,1089,378,48,453,204,2,4.85E+11,1500US484530002042,Block Group 2,G5030,S,551614,0,30.313546,-97.7457473,13304398,AUS_13304398,30.31746723,-97.74609545,2,1,3,16,2,41,0,1,4,11,1,2,N,4,NA,NA,4,97,97,,,0,1,0,0,0,1,0,N,N,N,N,N,N,N,5/10/2013,12:39 PM,227,22,N,Y,NA,NA,19,NA,,1,4500,,SHOAL CREEK,BLVD,N,N,35,N,N,,N,19,NA,,NA,,W,45TH,ST,NA,NA,,,,NA,11,1,4,NA,1,1,8,12:39 PM,DISPATCHED,12:41 PM,5/10/2013,Y,74,NA,NA,125,8,5,2,1,64,3,1,5,1,21,21,227,22,30.31746723,-97.74609545,,NA,NA,NA,SHOAL CREEK BLVD,4502,NA,NA,NA,NA,NA,,NA,NA,W 45TH ST,NA,NA,NA,NA,Y,N,N,2,9,Y,FRI,NA,NA,NA,NA,NA,NA,NA,NA,NA,NA,NA,NA,NA,NA,NA,NA,NA,NA,NA,NA,NA,NA,NA,NA,NA,NA,NA,NA,NA,NA,NA,NA,NA,NA,NA,NA,NA,NA,NA,NA,NA,NA,NA,NA,NA,NA,NA,NA,NA,NA,NA,NA,NA,NA,NA,0,1,0,1,0,1,0,90,133043982,1330439821
AUS_1330889121,386,346,48,453,1000,3,4.85E+11,1500US484530010003,Block Group 3,G5030,S,432836,59672,30.2527922,-97.716717,13308891,AUS_13308891,30.25565848,-97.72046431,2,1,3,16,2,13,3,2,4,11,1,97,N,4,NA,NA,4,97,97,,,0,1,0,0,0,1,0,N,N,N,N,N,N,N,1/28/2013,5:11 PM,227,22,N,N,NA,NA,19,NA,,1,2227,E,CESAR CHAVEZ,ST,N,N,30,N,N,,N,19,NA,,NA,,,ROBERT T MARTINEZ,,NA,NA,,,,NA,11,4,2,NA,1,1,1,5:05 PM,DISPATCHED,5:15 PM,1/28/2013,Y,74,NA,34,48,8,5,4,1,64,54,1,5,1,21,21,227,22,30.25565848,-97.72046431,,NA,NA,NA,E CESAR CHAVEZ ST,2206,NA,NA,NA,NA,NA,,NA,NA,N/A,NA,NA,NA,NA,Y,N,N,2,9,Y,MON,NA,NA,NA,NA,NA,NA,NA,NA,NA,NA,NA,NA,NA,NA,NA,NA,NA,NA,NA,NA,NA,NA,NA,NA,NA,NA,NA,NA,NA,NA,NA,NA,NA,NA,NA,NA,NA,NA,NA,NA,NA,NA,NA,NA,NA,NA,NA,NA,NA,NA,NA,NA,NA,NA,NA,0,1,0,1,0,1,0,90,133088912,1330889121
AUS_1331102821,480,68,48,453,1303,2,4.85E+11,1500US484530013032,Block Group 2,G5030,S,635029,0,30.2562161,-97.7625867,13311028,AUS_13311028,30.26191487,-97.76150353,2,1,3,16,2,22,1,1,4,11,1,4,N,4,NA,NA,4,97,97,,,0,1,0,0,0,1,0,N,N,N,N,N,N,N,5/29/2013,10:33 PM,227,22,N,N,NA,NA,19,NA,,1,1600,,BARTON SPRINGS,RD,N,N,35,N,N,,N,19,NA,,NA,500,,KINNEY,AVE,NA,NA,,,,NA,11,4,0,NA,1,1,16,10:33 PM,DISPATCH,10:36 PM,5/29/2013,Y,74,22,105,112,8,5,3,1,64,14,1,5,1,32,21,227,22,30.26191487,-97.76150353,,NA,NA,NA,BARTON SPRINGS RD,NA,NA,NA,NA,NA,NA,,NA,NA,N/A,NA,NA,NA,NA,Y,N,N,2,9,Y,WED,NA,NA,NA,NA,NA,NA,NA,NA,NA,NA,NA,NA,NA,NA,NA,NA,NA,NA,NA,NA,NA,NA,NA,NA,NA,NA,NA,NA,NA,NA,NA,NA,NA,NA,NA,NA,NA,NA,NA,NA,NA,NA,NA,NA,NA,NA,NA,NA,NA,NA,NA,NA,NA,NA,NA,0,1,0,2,0,1,0,90,133110282,1331102821
AUS_1331122221,985,338,48,453,302,2,4.85E+11,1500US484530003022,Block Group 2,G5030,S,232391,0,30.3034563,-97.7346871,13311222,AUS_13311222,30.30185,-97.73275,2,1,3,16,3,27,3,1,4,11,1,4,N,4,NA,NA,4,97,97,,,0,0,1,0,0,1,0,N,N,N,N,N,N,N,6/1/2013,7:22 PM,227,22,N,N,NA,NA,19,NA,,1,NA,W,39TH,ST,N,N,25,N,N,,Y,19,NA,,NA,,,SPEEDWAY,,NA,NA,,,,NA,11,1,4,NA,1,1,8,7:22 PM,CAD,7:24 PM,6/1/2013,Y,74,22,120,14,8,5,1,1,64,3,1,5,1,21,21,227,22,30.30185,-97.73275,,NA,NA,NA,W 39TH ST,100,NA,NA,NA,NA,NA,,NA,NA,SPEEDWAY,NA,NA,NA,NA,Y,N,N,3,9,Y,SAT,NA,NA,NA,NA,NA,NA,NA,NA,NA,NA,NA,NA,NA,NA,NA,NA,NA,NA,NA,NA,NA,NA,NA,NA,NA,NA,NA,NA,NA,NA,NA,NA,NA,NA,NA,NA,NA,NA,NA,NA,NA,NA,NA,NA,NA,NA,NA,NA,NA,NA,NA,NA,NA,NA,NA,0,0,1,1,0,1,0,90,133112222,1331122221
AUS_1331414811,1322,291,48,453,1844,1,4.85E+11,1500US484530018441,Block Group 1,G5030,S,343681,0,30.399397,-97.6997896,13314148,AUS_13314148,30.39900519,-97.70386305,1,1,3,16,2,36,1,1,4,11,1,4,N,4,NA,NA,4,97,97,,,0,1,0,0,0,1,0,N,N,N,N,N,N,N,6/1/2013,11:17 PM,227,22,N,N,NA,NA,19,NA,,1,12000,,METRIC,BLVD,N,N,0,N,N,,N,19,NA,,NA,,,SUNHILLOW,BLVD,NA,NA,,,,NA,11,4,2,NA,1,1,16,11:17 PM,DISPATCH,11:25 PM,6/2/2013,Y,74,NA,114,143,8,5,2,2,64,54,1,5,1,21,21,227,22,30.39900519,-97.70386305,,NA,NA,NA,METRIC BLVD,11898,NA,NA,NA,NA,NA,,NA,NA,SUNHILLOW BND,NA,NA,NA,NA,Y,N,N,2,9,Y,SAT,NA,NA,NA,NA,NA,NA,NA,NA,NA,NA,NA,NA,NA,NA,NA,NA,NA,NA,NA,NA,NA,NA,NA,NA,NA,NA,NA,NA,NA,NA,NA,NA,NA,NA,NA,NA,NA,NA,NA,NA,NA,NA,NA,NA,NA,NA,NA,NA,NA,NA,NA,NA,NA,NA,NA,0,1,0,0,1,1,0,90,133141481,1331414811
AUS_1331420721,872,363,48,453,603,2,4.85E+11,1500US484530006032,Block Group 2,G5030,S,261361,0,30.2910133,-97.748921,13314207,AUS_13314207,30.28858207,-97.75276763,2,1,3,16,3,25,2,1,4,11,1,4,N,4,NA,NA,4,97,97,,,0,0,1,0,0,1,0,N,N,N,N,N,N,N,6/2/2013,12:15 PM,227,22,N,N,NA,NA,19,NA,,1,NA,N,LAMAR,BLVD,N,N,35,N,N,,Y,19,NA,,NA,,W,24TH,ST,NA,NA,,,,NA,11,1,4,NA,1,1,15,9:21 AM,UNIT 2,9:34 AM,6/3/2013,Y,74,12,115,144,8,5,1,1,64,54,1,5,1,21,21,227,22,30.28858207,-97.75276763,,NA,NA,NA,N LAMAR BLVD,2404,NA,NA,NA,NA,NA,,NA,NA,UNKNOWN,NA,NA,NA,NA,Y,N,N,3,9,Y,SUN,NA,NA,NA,NA,NA,NA,NA,NA,NA,NA,NA,NA,NA,NA,NA,NA,NA,NA,NA,NA,NA,NA,NA,NA,NA,NA,NA,NA,NA,NA,NA,NA,NA,NA,NA,NA,NA,NA,NA,NA,NA,NA,NA,NA,NA,NA,NA,NA,NA,NA,NA,NA,NA,NA,NA,0,0,1,0,1,1,0,90,133142072,1331420721
AUS_1332342421,384,294,48,453,902,3,4.85E+11,1500US484530009023,Block Group 3,G5030,S,531272,0,30.2568635,-97.7178495,13323424,AUS_13323424,30.25559,-97.71158,2,1,3,16,2,56,2,1,4,11,1,4,N,6,NA,NA,6,NA,99,,,0,1,0,0,0,1,0,N,N,N,N,N,N,N,6/11/2013,5:01 PM,227,22,N,N,NA,NA,19,NA,,1,NA,N,PLEASANT VALLEY,RD,N,N,30,N,N,,Y,19,NA,,NA,,E,4TH,ST,NA,NA,,,,NA,11,1,4,NA,1,1,8,5:01 PM,DISPATCH,5:03 PM,6/11/2013,Y,74,64,34,48,8,5,1,1,64,54,1,5,1,21,21,227,22,30.25559,-97.71158,,NA,NA,NA,N PLEASANT VALLEY RD,321,NA,NA,NA,NA,NA,,NA,NA,E 4TH ST,NA,NA,NA,NA,Y,N,N,2,9,Y,TUE,NA,NA,NA,NA,NA,NA,NA,NA,NA,NA,NA,NA,NA,NA,NA,NA,NA,NA,NA,NA,NA,NA,NA,NA,NA,NA,NA,NA,NA,NA,NA,NA,NA,NA,NA,NA,NA,NA,NA,NA,NA,NA,NA,NA,NA,NA,NA,NA,NA,NA,NA,NA,NA,NA,NA,0,1,0,1,0,1,0,90,133234242,1332342421
AUS_1332354621,1404,411,48,453,1714,3,4.85E+11,1500US484530017143,Block Group 3,G5030,S,1576941,0,30.4432542,-97.8228128,13323546,AUS_13323546,30.4501,-97.81795,2,1,3,16,2,23,1,1,4,11,1,5,N,4,NA,NA,4,97,97,,,0,1,0,0,0,1,0,N,N,N,N,N,N,N,6/9/2013,4:37 PM,227,22,N,N,NA,NA,19,NA,,1,11500,,STEUR VIEW,TRL,N,N,25,N,N,,Y,19,NA,,NA,11200,,ANDERSON MILL,RD,NA,NA,,,,NA,11,1,2,NA,1,1,8,4:37 PM,RADIO CALL,4:45 PM,6/9/2013,Y,74,1,46,64,8,5,2,1,64,54,1,5,1,21,21,227,22,30.4501,-97.81795,,NA,NA,NA,STAR VIEW TRL,NA,NA,NA,NA,NA,NA,,NA,NA,ANDERSON MILL RD,NA,NA,NA,NA,Y,N,N,2,9,Y,SUN,NA,NA,NA,NA,NA,NA,NA,NA,NA,NA,NA,NA,NA,NA,NA,NA,NA,NA,NA,NA,NA,NA,NA,NA,NA,NA,NA,NA,NA,NA,NA,NA,NA,NA,NA,NA,NA,NA,NA,NA,NA,NA,NA,NA,NA,NA,NA,NA,NA,NA,NA,NA,NA,NA,NA,0,1,0,0,1,1,0,90,133235462,1332354621
AUS_1332882321,31,445,48,453,1770,2,4.85E+11,1500US484530017702,Block Group 2,G5030,S,5057268,0,30.1851605,-97.8776567,13328823,AUS_13328823,30.18087117,-97.88174628,2,1,3,16,2,43,1,1,4,11,2,3,N,4,NA,NA,4,97,97,,,0,1,0,0,0,1,0,N,N,N,N,N,N,N,5/14/2013,7:13 PM,227,22,N,N,NA,NA,19,NA,,1,11000,S,MOPAC NB,EXPY,N,N,65,N,N,,Y,19,NA,,NA,,,SOUTH BAY,RD,NA,NA,,,,NA,11,1,4,2,1,1,8,7:59 PM,DISPATCH,8:05 PM,5/14/2013,Y,74,NA,169,130,8,5,1,3,64,54,1,2,1,21,21,227,22,30.18087117,-97.88174628,SL,1,NA,24.918,SL0001,NA,3136,1,25.257,448,1.759,SH,45,NA,SH0045,NA,NA,NA,NA,Y,Y,N,2,9,Y,TUE,3,0,6,10,337,2,4,500,80,48,4,0,0,2,12,5,2,20,5,3,325,4,14,21000,2012,21000,1.6,0.3,1.9,1,377,0,2,7,NA,NA,NA,NA,NA,NA,NA,NA,NA,NA,NA,NA,NA,NA,NA,NA,NA,NA,NA,NA,NA,0,1,0,1,0,1,0,90,133288232,1332882321
AUS_1332884221,276,449,48,453,2304,2,4.85E+11,1500US484530023042,Block Group 2,G5030,S,401183,145886,30.2462908,-97.7297119,13328842,AUS_13328842,30.24058128,-97.72681248,2,1,3,16,2,24,1,1,4,11,1,4,N,4,NA,NA,4,97,97,,,0,1,0,0,0,1,0,N,N,N,N,N,N,N,5/19/2013,4:25 AM,227,22,N,N,NA,NA,19,NA,,1,1500,,TINNIN FORD,,N,N,35,N,N,,N,19,NA,,NA,,E,RIVERSIDEBURTON,,NA,NA,,,,NA,11,4,0,NA,1,1,20,4:25 AM,DISPATCH,4:27 AM,5/19/2013,Y,74,200,98,129,8,5,4,1,64,3,1,5,1,21,21,227,22,30.24058128,-97.72681248,,NA,NA,NA,TINNIN FORD RD,1570,NA,NA,NA,NA,NA,,NA,NA,N/A,NA,NA,NA,NA,Y,N,N,2,9,Y,SUN,NA,NA,NA,NA,NA,NA,NA,NA,NA,NA,NA,NA,NA,NA,NA,NA,NA,NA,NA,NA,NA,NA,NA,NA,NA,NA,NA,NA,NA,NA,NA,NA,NA,NA,NA,NA,NA,NA,NA,NA,NA,NA,NA,NA,NA,NA,NA,NA,NA,NA,NA,NA,NA,NA,NA,0,1,0,0,1,1,0,90,133288422,1332884221
AUS_1333531221,959,47,48,453,302,5,4.85E+11,1500US484530003025,Block Group 5,G5030,S,709657,0,30.3018016,-97.7277848,13335312,AUS_13335312,30.29872,-97.7298,2,1,3,16,1,42,1,1,4,11,1,4,N,4,NA,NA,4,97,97,,,1,0,0,0,0,1,0,N,N,N,N,N,N,N,6/15/2013,1:51 PM,227,22,N,N,NA,NA,19,NA,,1,NA,E,38TH,ST,N,N,0,N,N,,Y,19,NA,,NA,,,DUVAL,ST,NA,NA,,,,NA,12,1,4,NA,1,1,5,1:50 PM,DISPATCH,1:58 PM,6/15/2013,Y,74,NA,NA,187,8,5,2,1,64,54,1,5,1,21,21,227,22,30.29872,-97.7298,,NA,NA,NA,E 38TH ST,498,NA,NA,NA,NA,NA,,NA,NA,DUVAL ST,NA,NA,NA,NA,Y,N,N,1,9,Y,SAT,NA,NA,NA,NA,NA,NA,NA,NA,NA,NA,NA,NA,NA,NA,NA,NA,NA,NA,NA,NA,NA,NA,NA,NA,NA,NA,NA,NA,NA,NA,NA,NA,NA,NA,NA,NA,NA,NA,NA,NA,NA,NA,NA,NA,NA,NA,NA,NA,NA,NA,NA,NA,NA,NA,NA,1,0,0,2,0,1,0,90,133353122,1333531221
AUS_1333606321,1376,92,48,453,1846,1,4.85E+11,1500US484530018461,Block Group 1,G5030,S,4350025,0,30.4375196,-97.7116834,13336063,AUS_13336063,30.42787039,-97.70170557,2,1,3,16,2,27,1,1,4,11,1,4,N,4,NA,NA,4,97,97,,,0,1,0,0,0,1,0,N,N,N,N,N,N,N,6/14/2013,7:05 PM,227,22,N,N,NA,NA,19,NA,,1,2900,,NORTH SHIELDS,DR,N,N,30,N,N,,Y,19,NA,,NA,13000,,BURNET,RD,NA,NA,,,,NA,12,1,2,2,1,1,8,7:05 PM,RADIO CALL,7:12 PM,6/14/2013,Y,74,12,46,64,8,5,2,1,64,54,1,2,1,21,21,227,22,30.42787039,-97.70170557,SL,1,NA,3.44,SL0001,NA,3136,1,3.595,428,-0.407,FM,734,NA,FM0734,NA,NA,NA,NA,Y,Y,N,2,9,Y,FRI,5,3,10,10,56,2,6,300,112,72,5,0,0,2,20,5,2,20,5,2,36,4,12,50540,2012,50540,0.7,0.3,1,NA,NA,NA,NA,NA,NA,NA,NA,NA,NA,NA,NA,NA,NA,NA,NA,NA,NA,NA,NA,NA,NA,NA,NA,NA,NA,0,1,0,1,0,1,0,90,133360632,1333606321
AUS_1333611321,444,447,48,453,1401,1,4.85E+11,1500US484530014011,Block Group 1,G5030,S,650840,121283,30.2552815,-97.7457665,13336113,AUS_13336113,30.26020588,-97.74570365,2,1,3,16,3,23,1,1,4,11,1,5,N,4,NA,NA,4,97,97,,,0,0,1,0,0,1,0,N,N,N,N,N,N,N,6/16/2013,12:05 PM,227,22,N,N,NA,NA,19,NA,,1,200,S,CONGRESS,AVE,N,N,35,N,N,,N,19,NA,,NA,100,,BARTON SPRINGS,RD,NA,NA,,,,NA,11,1,0,NA,2,1,20,12:05 PM,DISPATCHED,12:18 PM,6/16/2013,Y,74,21,93,112,8,5,4,1,64,3,1,5,1,21,21,227,22,30.26020588,-97.74570365,,NA,NA,NA,S CONGRESS AVE,NA,NA,NA,NA,NA,NA,,NA,NA,N/A,NA,NA,NA,NA,Y,N,N,3,9,Y,SUN,NA,NA,NA,NA,NA,NA,NA,NA,NA,NA,NA,NA,NA,NA,NA,NA,NA,NA,NA,NA,NA,NA,NA,NA,NA,NA,NA,NA,NA,NA,NA,NA,NA,NA,NA,NA,NA,NA,NA,NA,NA,NA,NA,NA,NA,NA,NA,NA,NA,NA,NA,NA,NA,NA,NA,0,0,1,1,0,1,0,90,133361132,1333611321
AUS_1333622521,632,307,48,453,1910,1,4.85E+11,1500US484530019101,Block Group 1,G5030,S,2232945,232780,30.2889393,-97.7933733,13336225,AUS_13336225,30.26855933,-97.77736834,2,1,3,16,2,NA,3,1,4,11,1,5,N,4,NA,NA,4,97,97,,,0,1,0,0,0,1,0,N,N,N,N,N,N,N,6/17/2013,5:56 PM,227,22,N,N,NA,NA,19,NA,,1,2400,,ANDREW ZILKER,RD,N,N,35,N,N,,Y,19,NA,,NA,200,S,MOPAC SVRD NB,,NA,NA,,,,NA,11,1,4,2,1,1,8,5:56 PM,DISPATCH,6:04 PM,6/17/2013,Y,74,160,93,112,8,5,1,1,64,54,1,2,1,21,21,227,22,30.26855933,-97.77736834,SL,1,NA,15.848,SL0001,NA,3136,1,15.868,440,-0.054,RM,2244,NA,RM2244,NA,NA,NA,NA,Y,Y,N,2,9,Y,MON,5,0,4,6,44,2,8,200,116,96,4,1,1,2,8,5,2,12,5,2,36,4,12,122100,2012,122100,1.6,0.3,1.9,NA,NA,NA,NA,NA,NA,NA,NA,NA,NA,NA,NA,NA,NA,NA,NA,NA,NA,NA,NA,NA,NA,NA,NA,NA,NA,0,1,0,3,0,1,0,90,133362252,1333622521