Crash_UP_ID,FID,FID_Austin,STATEFP,COUNTYFP,TRACTCE,BLKGRPCE,GEOID1,GEOID,NAMELSAD,MTFCC,FUNCSTAT,ALAND,AWATER,INTPTLAT,INTPTLON,CrashID,CrashID1,Latitude,Longitude,Unit_Nbr,Prsn_Nbr,Prsn_Type_ID,Prsn_Occpnt_Pos_ID,Prsn_Injry_Sev_ID,Prsn_Age,Prsn_Ethnicity_ID,Prsn_Gndr_ID,Prsn_Ejct_ID,Prsn_Rest_ID,Prsn_Airbag_ID,Prsn_Helmet_ID,Prsn_Sol_Fl,Prsn_Alc_Spec_Type_ID,Prsn_Alc_Rslt_ID,Prsn_Bac_Test_Rslt,Prsn_Drg_Spec_Type_ID,Prsn_Drg_Rslt_ID,Drvr_Drg_Cat_1_ID,Prsn_Death_Date,Prsn_Death_Time,Incap_Injry_Cnt.x,Nonincap_Injry_Cnt.x,Poss_Injry_Cnt.x,Non_Injry_Cnt.x,Unkn_Injry_Cnt.x,Tot_Injry_Cnt.x,Death_Cnt.x,Crash_Fatal_Fl,Cmv_Involv_Fl,Schl_Bus_Fl,Rr_Relat_Fl,Medical_Advisory_Fl,Amend_Supp_Fl,Active_School_Zone_Fl,Crash_Date,Crash_Time,Rpt_CRIS_Cnty_ID,Rpt_City_ID,Rpt_Outside_City_Limit_Fl,Thousand_Damage_Fl,Rpt_Latitude,Rpt_Longitude,Rpt_Rdwy_Sys_ID,Rpt_Hwy_Num,Rpt_Hwy_Sfx,Rpt_Road_Part_ID,Rpt_Block_Num,Rpt_Street_Pfx,Rpt_Street_Name,Rpt_Street_Sfx,Private_Dr_Fl,Toll_Road_Fl,Crash_Speed_Limit,Road_Constr_Zone_Fl,Road_Constr_Zone_Wrkr_Fl,Rpt_Street_Desc,At_Intrsct_Fl,Rpt_Sec_Rdwy_Sys_ID,Rpt_Sec_Hwy_Num,Rpt_Sec_Hwy_Sfx,Rpt_Sec_Road_Part_ID,Rpt_Sec_Block_Num,Rpt_Sec_Street_Pfx,Rpt_Sec_Street_Name,Rpt_Sec_Street_Sfx,Rpt_Ref_Mark_Offset_Amt,Rpt_Ref_Mark_Dist_Uom,Rpt_Ref_Mark_Dir,Rpt_Ref_Mark_Nbr,Rpt_Sec_Street_Desc,Rpt_CrossingNumber,Wthr_Cond_ID,Light_Cond_ID,Entr_Road_ID,Road_Type_ID,Road_Algn_ID,Surf_Cond_ID,Traffic_Cntl_ID,Investigat_Notify_Time,Investigat_Notify_Meth,Investigat_Arrv_Time,Report_Date,Investigat_Comp_Fl,Investigat_Agency_ID,Investigat_Area_ID,Investigat_District_ID,Investigat_Region_ID,Bridge_Detail_ID,Harm_Evnt_ID,Intrsct_Relat_ID,FHE_Collsn_ID,Obj_Struck_ID,Othr_Factr_ID,Road_Part_Adj_ID,Road_Cls_ID,Road_Relat_ID,Phys_Featr_1_ID,Phys_Featr_2_ID,Cnty_ID,City_ID,Latitude.1,Longitude.1,Hwy_Sys,Hwy_Nbr,Hwy_Sfx,Dfo,Street_Name,Street_Nbr,Control,Section,Milepoint,Ref_Mark_Nbr,Ref_Mark_Displ,Hwy_Sys_2,Hwy_Nbr_2,Hwy_Sfx_2,Street_Name_2,Street_Nbr_2,Control_2,Section_2,Milepoint_2,Txdot_Rptable_Fl,Onsys_Fl,Rural_Fl,Crash_Sev_ID,Pop_Group_ID,Located_Fl,Day_of_Week,Hwy_Dsgn_Lane_ID,Hwy_Dsgn_Hrt_ID,Hp_Shldr_Left,Hp_Shldr_Right,Hp_Median_Width,Base_Type_ID,Nbr_Of_Lane,Row_Width_Usual,Roadbed_Width,Surf_Width,Surf_Type_ID,Curb_Type_Left_ID,Curb_Type_Right_ID,Shldr_Type_Left_ID,Shldr_Width_Left,Shldr_Use_Left_ID,Shldr_Type_Right_ID,Shldr_Width_Right,Shldr_Use_Right_ID,Median_Type_ID,Median_Width,Rural_Urban_Type_ID,Func_Sys_ID,Adt_Curnt_Amt,Adt_Curnt_Year,Adt_Adj_Curnt_Amt,Pct_Single_Trk_Adt,Pct_Combo_Trk_Adt,Trk_Aadt_Pct,Curve_Type_ID,Curve_Lngth,Cd_Degr,Delta_Left_Right_ID,Dd_Degr,Feature_Crossed,Structure_Number,I_R_Min_Vert_Clear,Approach_Width,Bridge_Median_ID,Bridge_Loading_Type_ID,Bridge_Loading_In_1000_Lbs,Bridge_Srvc_Type_On_ID,Bridge_Srvc_Type_Under_ID,Culvert_Type_ID,Roadway_Width,Deck_Width,Bridge_Dir_Of_Traffic_ID,Bridge_Rte_Struct_Func_ID,Bridge_IR_Struct_Func_ID,CrossingNumber,RRCo,Poscrossing_ID,WDCode_ID,Standstop,Yield,Incap_Injry_Cnt.y,Nonincap_Injry_Cnt.y,Poss_Injry_Cnt.y,Non_Injry_Cnt.y,Unkn_Injry_Cnt.y,Tot_Injry_Cnt.y,Death_Cnt.y,MPO_ID,Unit_ID,Unit_Prsn_ID
AUS_1350164321,397,561,48,453,2111,2,4.85E+11,1500US484530021112,Block Group 2,G5030,S,2174744,135639,30.2532607,-97.6940465,13501643,AUS_13501643,30.25652,-97.68664,2,1,3,16,3,NA,2,1,4,11,1,4,N,4,NA,NA,4,97,97,,,0,0,1,0,0,1,0,N,N,N,N,N,N,N,9/11/2013,8:15 AM,227,22,N,N,NA,NA,19,NA,,1,NA,,PERRY,RD,N,N,-1,N,N,,Y,19,NA,,1,,,BOLM RD,,NA,NA,,,,NA,11,1,2,NA,1,1,15,8:15 AM,DISPATCH,8:19 AM,9/11/2013,Y,74,NA,34,48,8,5,2,1,64,3,1,5,1,21,21,227,22,30.25652,-97.68664,,NA,NA,NA,PERRY RD,1101,NA,NA,NA,NA,NA,,NA,NA,BOLM RD,NA,NA,NA,NA,Y,N,N,3,9,Y,WED,NA,NA,NA,NA,NA,NA,NA,NA,NA,NA,NA,NA,NA,NA,NA,NA,NA,NA,NA,NA,NA,NA,NA,NA,NA,NA,NA,NA,NA,NA,NA,NA,NA,NA,NA,NA,NA,NA,NA,NA,NA,NA,NA,NA,NA,NA,NA,NA,NA,NA,NA,NA,NA,NA,NA,0,0,1,2,0,1,0,90,135016432,1350164321
AUS_1351519421,1148,330,48,453,101,2,4.85E+11,1500US484530001012,Block Group 2,G5030,S,1106259,0,30.3286623,-97.7564977,13515194,AUS_13515194,30.32856184,-97.75106367,2,1,3,16,2,48,1,2,4,11,1,2,N,4,NA,NA,4,97,97,,,0,1,0,0,0,1,0,N,N,N,N,N,N,N,9/13/2013,8:41 AM,227,22,N,N,NA,NA,19,NA,,1,2800,,HANCOCK,DR,N,N,35,N,N,,N,19,NA,,NA,,,BULL CREEK,RD,NA,NA,,,,NA,11,1,0,NA,1,1,1,8:50 AM,DISPATCH,8:50 AM,9/13/2013,Y,74,1061,10,14,8,5,3,3,64,13,1,5,1,32,21,227,22,30.32856184,-97.75106367,,NA,NA,NA,HANCOCK DR,2843,NA,NA,NA,NA,NA,,NA,NA,N/A,NA,NA,NA,NA,Y,N,N,2,9,Y,FRI,NA,NA,NA,NA,NA,NA,NA,NA,NA,NA,NA,NA,NA,NA,NA,NA,NA,NA,NA,NA,NA,NA,NA,NA,NA,NA,NA,NA,NA,NA,NA,NA,NA,NA,NA,NA,NA,NA,NA,NA,NA,NA,NA,NA,NA,NA,NA,NA,NA,NA,NA,NA,NA,NA,NA,0,1,0,3,0,1,0,90,135151942,1351519421
AUS_1351519721,1310,258,48,453,1843,1,4.85E+11,1500US484530018431,Block Group 1,G5030,S,649721,0,30.3876406,-97.7031315,13515197,AUS_13515197,30.39104353,-97.70908404,2,1,3,16,5,45,2,1,4,11,1,2,N,4,NA,NA,4,97,97,,,0,0,0,1,0,0,0,N,N,N,N,N,N,N,9/13/2013,9:48 AM,227,22,N,N,NA,NA,19,NA,,1,11200,,METRIC,BLVD,N,N,45,N,N,,N,19,NA,,NA,,,BRAKER,LN,NA,NA,,,,NA,11,1,0,NA,1,1,5,9:48 AM,DISPATCH,9:53 AM,9/13/2013,Y,74,63,123,143,8,5,2,2,64,54,1,5,1,21,21,227,22,30.39104353,-97.70908404,,NA,NA,NA,METRIC BLVD,11165,NA,NA,NA,NA,NA,,NA,NA,W BRAKER LN,NA,NA,NA,NA,N,N,N,5,9,Y,FRI,NA,NA,NA,NA,NA,NA,NA,NA,NA,NA,NA,NA,NA,NA,NA,NA,NA,NA,NA,NA,NA,NA,NA,NA,NA,NA,NA,NA,NA,NA,NA,NA,NA,NA,NA,NA,NA,NA,NA,NA,NA,NA,NA,NA,NA,NA,NA,NA,NA,NA,NA,NA,NA,NA,NA,0,0,0,2,0,0,0,90,135151972,1351519721
AUS_1351905821,116,58,48,453,1713,3,4.85E+11,1500US484530017133,Block Group 3,G5030,S,889445,0,30.2146469,-97.8058092,13519058,AUS_13519058,30.2153765,-97.79773533,2,1,3,16,2,10,1,1,4,11,1,97,N,4,NA,NA,4,97,97,,,0,1,0,0,0,1,0,N,N,N,N,N,N,N,10/10/2013,6:23 PM,227,22,N,N,NA,NA,19,NA,,1,NA,W,STASSNEY,LN,N,N,35,N,N,,N,19,NA,,NA,5500,,MANCHACA,RD,NA,NA,,,,NA,11,1,0,NA,1,1,21,7:23 PM,DISPATCH,7:23 PM,10/10/2013,Y,74,1043,93,112,8,5,2,2,64,3,1,5,1,21,21,227,22,30.2153765,-97.79773533,,NA,NA,NA,W STASSNEY LN,NA,NA,NA,NA,NA,NA,,NA,NA,MANCHACA RD,NA,NA,NA,NA,Y,N,N,2,9,Y,THU,NA,NA,NA,NA,NA,NA,NA,NA,NA,NA,NA,NA,NA,NA,NA,NA,NA,NA,NA,NA,NA,NA,NA,NA,NA,NA,NA,NA,NA,NA,NA,NA,NA,NA,NA,NA,NA,NA,NA,NA,NA,NA,NA,NA,NA,NA,NA,NA,NA,NA,NA,NA,NA,NA,NA,0,1,0,1,0,1,0,90,135190582,1351905821
AUS_1352242021,1040,297,48,453,2105,1,4.85E+11,1500US484530021051,Block Group 1,G5030,S,525567,0,30.3085319,-97.7034163,13522420,AUS_13522420,30.30794162,-97.70740123,2,1,3,16,2,32,1,1,4,11,1,4,N,4,NA,NA,4,97,97,,,0,1,0,0,0,1,0,N,N,N,N,N,N,N,9/17/2013,9:00 AM,227,22,N,N,NA,NA,19,NA,,1,1200,E,51ST,ST,N,N,40,N,N,,N,19,NA,,NA,,,LANCASTER,DR,NA,NA,,,,NA,11,1,0,NA,1,1,1,9:00 AM,DISPATCH,9:06 AM,9/17/2013,Y,74,NA,121,95,8,5,3,2,64,13,1,5,2,32,21,227,22,30.30794162,-97.70740123,,NA,NA,NA,E 51ST ST,1209,NA,NA,NA,NA,NA,,NA,NA,N/A,NA,NA,NA,NA,Y,N,N,2,9,Y,TUE,NA,NA,NA,NA,NA,NA,NA,NA,NA,NA,NA,NA,NA,NA,NA,NA,NA,NA,NA,NA,NA,NA,NA,NA,NA,NA,NA,NA,NA,NA,NA,NA,NA,NA,NA,NA,NA,NA,NA,NA,NA,NA,NA,NA,NA,NA,NA,NA,NA,NA,NA,NA,NA,NA,NA,0,1,0,1,0,1,0,90,135224202,1352242021
AUS_1352255221,980,2,48,453,204,1,4.85E+11,1500US484530002041,Block Group 1,G5030,S,514125,0,30.3003058,-97.7429373,13522552,AUS_13522552,30.30114,-97.73919,2,1,3,16,2,27,1,2,4,11,1,5,N,4,NA,NA,4,97,97,,,0,1,0,0,0,1,0,N,N,N,N,N,N,N,9/17/2013,4:35 PM,227,22,N,N,NA,NA,19,NA,,1,NA,W,35TH,ST,N,N,-1,N,N,,Y,19,NA,,1,,,GUADALUPE,ST,NA,NA,,,,NA,11,1,4,NA,1,1,8,4:35 PM,DISPATCH,4:40 PM,9/17/2013,Y,74,1061,10,14,8,5,1,1,64,54,1,5,1,21,21,227,22,30.30114,-97.73919,,NA,NA,NA,W 35TH ST,600,NA,NA,NA,NA,NA,,NA,NA,GUADALUPE ST,NA,NA,NA,NA,Y,N,N,2,9,Y,TUE,NA,NA,NA,NA,NA,NA,NA,NA,NA,NA,NA,NA,NA,NA,NA,NA,NA,NA,NA,NA,NA,NA,NA,NA,NA,NA,NA,NA,NA,NA,NA,NA,NA,NA,NA,NA,NA,NA,NA,NA,NA,NA,NA,NA,NA,NA,NA,NA,NA,NA,NA,NA,NA,NA,NA,0,1,0,1,0,1,0,90,135225522,1352255221
AUS_1352256221,376,343,48,453,902,2,4.85E+11,1500US484530009022,Block Group 2,G5030,S,1005391,0,30.257009,-97.7105642,13522562,AUS_13522562,30.25474,-97.7057,2,1,3,16,2,46,2,1,4,11,1,4,N,4,NA,NA,4,97,97,,,0,1,0,0,0,1,0,N,N,N,N,N,N,N,9/18/2013,6:50 AM,227,22,N,N,NA,NA,19,NA,,1,3300,E,5TH,ST,N,N,30,N,N,,Y,19,NA,,1,,,ALLEN,ST,NA,NA,,,,NA,11,3,0,NA,1,1,8,6:50 AM,DISPATCH,6:52 AM,9/18/2013,Y,74,NA,34,48,8,5,2,3,64,3,1,5,1,21,21,227,22,30.25474,-97.7057,,NA,NA,NA,E 5TH ST,3298,NA,NA,NA,NA,NA,,NA,NA,ALLEN ST,NA,NA,NA,NA,Y,N,N,2,9,Y,WED,NA,NA,NA,NA,NA,NA,NA,NA,NA,NA,NA,NA,NA,NA,NA,NA,NA,NA,NA,NA,NA,NA,NA,NA,NA,NA,NA,NA,NA,NA,NA,NA,NA,NA,NA,NA,NA,NA,NA,NA,NA,NA,NA,NA,NA,NA,NA,NA,NA,NA,NA,NA,NA,NA,NA,0,1,0,1,0,1,0,90,135225622,1352256221
AUS_1352345941,1213,242,48,453,1806,2,4.85E+11,1500US484530018062,Block Group 2,G5030,S,419650,0,30.3544354,-97.6951484,13523459,AUS_13523459,30.35768148,-97.70006534,4,1,3,16,2,55,1,1,4,11,1,97,N,4,NA,NA,4,97,97,,,0,1,0,0,0,1,0,N,N,N,N,N,N,N,7/19/2013,3:44 PM,227,22,N,Y,NA,NA,19,NA,,1,8900,N,LAMAR,BLVD,N,N,45,N,N,,N,19,NA,,NA,,,FAIRFIELD,DR,NA,NA,,,,NA,11,1,2,3,1,1,1,3:45 PM,DISPATCH,3:52 PM,7/19/2013,Y,74,NA,NA,268,8,2,3,10,35,14,1,2,1,32,21,227,22,30.35768148,-97.70006534,SL,275,NA,4.965,SL0275,8838,15,11,6.047,436,-0.929,,NA,NA,N/A,NA,NA,NA,NA,Y,Y,N,2,9,Y,FRI,2,0,0,0,0,2,4,125,48,48,4,1,1,1,0,0,1,0,0,0,0,4,14,33000,2012,33000,0.9,0.3,1.2,NA,NA,NA,NA,NA,NA,NA,NA,NA,NA,NA,NA,NA,NA,NA,NA,NA,NA,NA,NA,NA,NA,NA,NA,NA,NA,0,2,0,1,1,2,0,90,135234594,1352345941
AUS_1352545221,395,18,48,453,1000,5,4.85E+11,1500US484530010005,Block Group 5,G5030,S,510881,81076,30.253259,-97.7333118,13525452,AUS_13525452,30.25631,-97.73426,2,1,3,16,3,26,1,1,4,11,1,4,N,4,NA,NA,4,97,97,,,0,0,1,0,0,1,0,N,N,N,N,N,N,N,9/12/2013,8:45 AM,227,22,N,N,NA,NA,19,NA,,1,1100,,HOLLY,ST,N,N,-1,N,N,,Y,19,NA,,1,60,,WALLER,ST,NA,NA,,,,NA,11,1,4,NA,1,1,8,8:46 AM,DISPATCH,8:53 AM,9/12/2013,Y,74,36,67,282,8,5,2,3,64,54,1,5,1,21,21,227,22,30.25631,-97.73426,,NA,NA,NA,HOLLY ST,1198,NA,NA,NA,NA,NA,,NA,NA,WALLER ST,NA,NA,NA,NA,Y,N,N,3,9,Y,THU,NA,NA,NA,NA,NA,NA,NA,NA,NA,NA,NA,NA,NA,NA,NA,NA,NA,NA,NA,NA,NA,NA,NA,NA,NA,NA,NA,NA,NA,NA,NA,NA,NA,NA,NA,NA,NA,NA,NA,NA,NA,NA,NA,NA,NA,NA,NA,NA,NA,NA,NA,NA,NA,NA,NA,0,0,2,0,0,2,0,90,135254522,1352545221
AUS_1352545521,1268,535,48,453,1818,1,4.85E+11,1500US484530018181,Block Group 1,G5030,S,980242,0,30.3664228,-97.7234355,13525455,AUS_13525455,30.37094937,-97.72142434,2,1,3,16,1,32,1,1,4,11,1,4,N,4,NA,NA,4,97,97,,,1,0,0,0,0,1,0,N,N,N,N,N,N,N,9/16/2013,10:15 AM,227,22,N,N,NA,NA,19,NA,,2,8900,N,RESEARCH BLVD SVRD NB,BLVD,N,N,50,N,N,,N,19,NA,,NA,,,METRIC,BLVD,NA,NA,,,,NA,11,1,0,2,1,1,1,10:18 AM,DISPATCH,10:24 AM,9/16/2013,Y,74,NA,46,64,8,5,4,1,64,31,2,2,2,21,21,227,22,30.37094937,-97.72142434,US,183,NA,315.938,US0183,NA,151,6,5.702,512,-0.321,,NA,NA,N/A,NA,NA,NA,NA,Y,Y,N,1,9,Y,MON,5,0,10,10,28,2,6,260,112,72,5,0,0,2,20,5,2,20,5,2,8,4,12,113940,2012,113940,1.9,0.5,2.4,NA,NA,NA,NA,NA,NA,NA,NA,NA,NA,NA,NA,NA,NA,NA,NA,NA,NA,NA,NA,NA,NA,NA,NA,NA,NA,1,0,0,1,0,1,0,90,135254552,1352545521
AUS_1352546821,263,369,48,453,1305,3,4.85E+11,1500US484530013053,Block Group 3,G5030,S,655707,0,30.2452677,-97.7539204,13525468,AUS_13525468,30.2388,-97.75355,2,1,3,16,2,60,1,1,4,11,1,4,N,4,NA,NA,4,97,97,,,0,1,0,0,0,1,0,N,N,N,N,N,N,N,9/16/2013,10:40 PM,227,22,N,N,NA,NA,19,NA,,1,NA,S,CONGRESS,AVE,N,N,-1,N,N,,Y,19,NA,,1,,E,OLTORF,ST,NA,NA,,,,NA,11,4,4,NA,1,1,5,10:40 PM,DISPATCH,10:43 PM,9/16/2013,Y,74,1043,93,112,8,5,3,1,64,13,1,5,1,32,21,227,22,30.2388,-97.75355,,NA,NA,NA,S CONGRESS AVE,2399,NA,NA,NA,NA,NA,,NA,NA,N/A,NA,NA,NA,NA,Y,N,N,2,9,Y,MON,NA,NA,NA,NA,NA,NA,NA,NA,NA,NA,NA,NA,NA,NA,NA,NA,NA,NA,NA,NA,NA,NA,NA,NA,NA,NA,NA,NA,NA,NA,NA,NA,NA,NA,NA,NA,NA,NA,NA,NA,NA,NA,NA,NA,NA,NA,NA,NA,NA,NA,NA,NA,NA,NA,NA,0,1,0,1,0,1,0,90,135254682,1352546821
AUS_1352765421,1363,562,48,453,1839,1,4.85E+11,1500US484530018391,Block Group 1,G5030,S,5780572,0,30.4072474,-97.657162,13527654,AUS_13527654,30.41993402,-97.66222574,2,1,3,16,3,43,1,1,4,11,1,3,N,4,NA,NA,4,97,97,,,0,0,1,0,0,1,0,N,N,N,N,N,N,N,9/18/2013,5:36 PM,227,22,N,Y,NA,NA,19,NA,,1,709,W,HOWARD,LN,N,N,-1,N,N,,N,19,NA,,NA,,,CENTER LINE PASS,,NA,NA,,,,NA,11,1,98,NA,1,1,8,5:36 PM,DISPATCH,5:46 PM,9/18/2013,Y,74,63,123,143,8,5,1,2,64,54,1,5,1,21,21,227,22,30.41993402,-97.66222574,,NA,NA,NA,W HOWARD LN,NA,NA,NA,NA,NA,NA,,NA,NA,CENTER LINE PASS,NA,NA,NA,NA,Y,N,N,3,9,Y,WED,NA,NA,NA,NA,NA,NA,NA,NA,NA,NA,NA,NA,NA,NA,NA,NA,NA,NA,NA,NA,NA,NA,NA,NA,NA,NA,NA,NA,NA,NA,NA,NA,NA,NA,NA,NA,NA,NA,NA,NA,NA,NA,NA,NA,NA,NA,NA,NA,NA,NA,NA,NA,NA,NA,NA,0,0,2,0,0,2,0,90,135276542,1352765421
AUS_1353061321,802,67,48,453,700,1,4.85E+11,1500US484530007001,Block Group 1,G5030,S,1615130,0,30.2777004,-97.7411232,13530613,AUS_13530613,30.28122,-97.74414,2,1,3,16,5,42,1,2,4,11,1,97,N,4,NA,NA,4,97,97,,,0,0,0,1,0,0,0,N,N,N,N,N,N,N,10/28/2013,7:36 AM,227,22,N,N,NA,NA,19,NA,,1,NA,W,18TH,ST,N,N,-1,N,N,,Y,19,NA,,1,,,NUECES,ST,NA,NA,,,,NA,12,4,4,NA,1,1,8,7:36 AM,DISPATCH,7:50 AM,10/28/2013,Y,74,1061,10,14,8,5,2,2,64,54,1,5,1,21,21,227,22,30.28122,-97.74414,,NA,NA,NA,W 18TH ST,598,NA,NA,NA,NA,NA,,NA,NA,NUECES ST,NA,NA,NA,NA,N,N,N,5,9,Y,MON,NA,NA,NA,NA,NA,NA,NA,NA,NA,NA,NA,NA,NA,NA,NA,NA,NA,NA,NA,NA,NA,NA,NA,NA,NA,NA,NA,NA,NA,NA,NA,NA,NA,NA,NA,NA,NA,NA,NA,NA,NA,NA,NA,NA,NA,NA,NA,NA,NA,NA,NA,NA,NA,NA,NA,0,0,0,2,0,0,0,90,135306132,1353061321
AUS_1353115321,304,308,48,453,1901,3,4.85E+11,1500US484530019013,Block Group 3,G5030,S,860491,0,30.2522502,-97.7806429,13531153,AUS_13531153,30.24433907,-97.78131563,2,1,3,16,3,32,1,2,4,11,1,97,N,4,NA,NA,4,97,97,,,0,0,1,0,0,1,0,N,N,N,N,N,N,N,11/1/2013,7:09 PM,227,22,N,N,NA,NA,19,NA,,1,2700,S,LAMAR,BLVD,N,N,35,N,N,,Y,19,NA,,1,2800,,MANCHACA,RD,NA,NA,,,,NA,11,5,2,3,4,1,5,7:33 PM,BY CITIZEN,7:33 PM,11/1/2013,N,74,1043,93,112,8,5,1,2,64,54,1,2,1,21,21,227,22,30.24433907,-97.78131563,SL,343,NA,1.497,SL0343,2801,113,9,6.444,564,0.854,SL,360,NA,SL0360,NA,NA,NA,NA,Y,Y,N,3,9,Y,FRI,2,0,0,0,0,2,4,100,60,48,4,1,1,1,0,0,1,0,0,0,0,4,14,39340,2012,39340,0.8,0.3,1.1,NA,NA,NA,NA,NA,NA,NA,NA,NA,NA,NA,NA,NA,NA,NA,NA,NA,NA,NA,NA,NA,NA,NA,NA,NA,NA,0,0,1,1,0,1,0,90,135311532,1353115321
AUS_1353115421,936,362,48,453,601,1,4.85E+11,1500US484530006011,Block Group 1,G5030,S,197089,0,30.2937354,-97.739645,13531154,AUS_13531154,30.2954,-97.7428,2,1,3,16,2,26,1,1,4,11,1,2,N,4,NA,NA,4,97,97,,,0,1,0,0,0,1,0,N,N,N,N,N,N,N,10/29/2013,12:10 PM,227,22,N,N,NA,NA,19,NA,,1,2900,,GUADALUPE ST,ST,N,N,30,N,N,,Y,19,NA,,1,600,W,29TH ST,ST,NA,NA,,,,NA,11,1,4,NA,1,1,5,12:30 PM,DISPATCH,12:32 PM,10/29/2013,Y,74,1061,10,14,8,5,2,2,64,54,1,5,1,21,21,227,22,30.2954,-97.7428,,NA,NA,NA,GUADALUPE ST,2901,NA,NA,NA,NA,NA,,NA,NA,W 29TH ST,NA,NA,NA,NA,Y,N,N,2,9,Y,TUE,NA,NA,NA,NA,NA,NA,NA,NA,NA,NA,NA,NA,NA,NA,NA,NA,NA,NA,NA,NA,NA,NA,NA,NA,NA,NA,NA,NA,NA,NA,NA,NA,NA,NA,NA,NA,NA,NA,NA,NA,NA,NA,NA,NA,NA,NA,NA,NA,NA,NA,NA,NA,NA,NA,NA,0,1,0,1,0,1,0,90,135311542,1353115421
AUS_1353122421,1083,378,48,453,204,2,4.85E+11,1500US484530002042,Block Group 2,G5030,S,551614,0,30.313546,-97.7457473,13531224,AUS_13531224,30.31577,-97.74249,2,1,3,16,2,23,1,1,4,11,1,4,N,4,NA,NA,4,97,97,,,0,1,0,0,0,1,0,N,N,N,N,N,N,N,10/31/2013,4:20 PM,227,22,N,Y,NA,NA,19,NA,,1,NA,,ROSEDALE AVE,AVE,N,N,45,N,N,,Y,19,NA,,1,,W,45TH ST,ST,NA,NA,,,,NA,11,1,4,NA,1,1,8,4:21 PM,DISPATCH,4:25 PM,10/31/2013,Y,74,1061,10,14,8,5,1,3,64,3,1,5,1,21,21,227,22,30.31577,-97.74249,,NA,NA,NA,ROSEDALE AVE,4501,NA,NA,NA,NA,NA,,NA,NA,W 45TH ST,NA,NA,NA,NA,Y,N,N,2,9,Y,THU,NA,NA,NA,NA,NA,NA,NA,NA,NA,NA,NA,NA,NA,NA,NA,NA,NA,NA,NA,NA,NA,NA,NA,NA,NA,NA,NA,NA,NA,NA,NA,NA,NA,NA,NA,NA,NA,NA,NA,NA,NA,NA,NA,NA,NA,NA,NA,NA,NA,NA,NA,NA,NA,NA,NA,0,1,0,1,0,1,0,90,135312242,1353122421
AUS_1353777721,415,450,48,453,1305,1,4.85E+11,1500US484530013051,Block Group 1,G5030,S,1106325,65346,30.2582419,-97.7524205,13537777,AUS_13537777,30.25840045,-97.74979413,2,1,3,16,2,30,2,2,4,11,1,97,N,4,NA,NA,4,97,97,,,0,1,0,0,0,1,0,N,N,N,N,N,N,N,11/4/2013,6:39 PM,227,22,N,N,NA,NA,19,NA,,7,600,E,BARTON SPRINGS RD,RD,N,N,35,N,N,,N,19,NA,,NA,30,E,S 1ST ST,ST,NA,NA,,,,NA,11,4,0,NA,1,1,16,6:39 PM,DISPATCH,6:39 PM,11/4/2013,Y,74,1043,93,112,8,5,3,3,64,13,1,5,1,32,21,227,22,30.25840045,-97.74979413,,NA,NA,NA,BARTON SPRINGS RD,554,NA,NA,NA,NA,NA,,NA,NA,N/A,NA,NA,NA,NA,Y,N,N,2,9,Y,MON,NA,NA,NA,NA,NA,NA,NA,NA,NA,NA,NA,NA,NA,NA,NA,NA,NA,NA,NA,NA,NA,NA,NA,NA,NA,NA,NA,NA,NA,NA,NA,NA,NA,NA,NA,NA,NA,NA,NA,NA,NA,NA,NA,NA,NA,NA,NA,NA,NA,NA,NA,NA,NA,NA,NA,0,1,0,1,0,1,0,90,135377772,1353777721
AUS_1353966721,383,343,48,453,902,2,4.85E+11,1500US484530009022,Block Group 2,G5030,S,1005391,0,30.257009,-97.7105642,13539667,AUS_13539667,30.2555667,-97.70200028,2,1,3,16,2,24,1,2,4,11,1,5,N,4,NA,NA,4,97,97,,,0,1,0,0,0,1,0,N,N,N,N,N,N,N,10/31/2013,6:00 PM,227,22,N,N,NA,NA,19,NA,,1,600,,SPRINGDALE,RD,N,N,30,N,N,,N,19,NA,,NA,,E,7TH,ST,NA,NA,,,,NA,11,1,0,NA,1,1,11,6:00 PM,ON SIGHT,6:00 PM,10/31/2013,Y,74,NA,34,48,8,5,3,3,64,13,1,5,2,32,21,227,22,30.2555667,-97.70200028,,NA,NA,NA,SPRINGDALE RD,NA,NA,NA,NA,NA,NA,,NA,NA,N/A,NA,NA,NA,NA,Y,N,N,2,9,Y,THU,NA,NA,NA,NA,NA,NA,NA,NA,NA,NA,NA,NA,NA,NA,NA,NA,NA,NA,NA,NA,NA,NA,NA,NA,NA,NA,NA,NA,NA,NA,NA,NA,NA,NA,NA,NA,NA,NA,NA,NA,NA,NA,NA,NA,NA,NA,NA,NA,NA,NA,NA,NA,NA,NA,NA,0,1,0,1,0,1,0,90,135396672,1353966721
AUS_1354331221,165,119,48,453,2314,2,4.85E+11,1500US484530023142,Block Group 2,G5030,S,2019172,0,30.2236338,-97.713797,13543312,AUS_13543312,30.22699,-97.70801,2,1,3,16,2,NA,1,2,4,11,1,4,N,4,NA,NA,4,97,97,,,0,1,0,0,0,1,0,N,N,N,N,N,N,N,9/21/2013,5:46 PM,227,22,N,N,NA,NA,19,NA,,1,1900,,GROVE,BLVD,N,N,35,N,N,,Y,19,NA,,1,5800,E,RIVERSIDE,DR,NA,NA,,,,NA,11,5,4,NA,1,1,15,5:46 PM,DISPATCH,5:58 PM,9/21/2013,Y,74,1045,98,129,8,5,2,1,64,3,1,5,1,21,21,227,22,30.22699,-97.70801,,NA,NA,NA,GROVE BLVD,NA,NA,NA,NA,NA,NA,,NA,NA,E RIVERSIDE DR,NA,NA,NA,NA,Y,N,N,2,9,Y,SAT,NA,NA,NA,NA,NA,NA,NA,NA,NA,NA,NA,NA,NA,NA,NA,NA,NA,NA,NA,NA,NA,NA,NA,NA,NA,NA,NA,NA,NA,NA,NA,NA,NA,NA,NA,NA,NA,NA,NA,NA,NA,NA,NA,NA,NA,NA,NA,NA,NA,NA,NA,NA,NA,NA,NA,0,1,0,2,0,1,0,90,135433122,1354331221