Crash_UP_ID,FID,FID_Austin,STATEFP,COUNTYFP,TRACTCE,BLKGRPCE,GEOID1,GEOID,NAMELSAD,MTFCC,FUNCSTAT,ALAND,AWATER,INTPTLAT,INTPTLON,CrashID,CrashID1,Latitude,Longitude,Unit_Nbr,Prsn_Nbr,Prsn_Type_ID,Prsn_Occpnt_Pos_ID,Prsn_Injry_Sev_ID,Prsn_Age,Prsn_Ethnicity_ID,Prsn_Gndr_ID,Prsn_Ejct_ID,Prsn_Rest_ID,Prsn_Airbag_ID,Prsn_Helmet_ID,Prsn_Sol_Fl,Prsn_Alc_Spec_Type_ID,Prsn_Alc_Rslt_ID,Prsn_Bac_Test_Rslt,Prsn_Drg_Spec_Type_ID,Prsn_Drg_Rslt_ID,Drvr_Drg_Cat_1_ID,Prsn_Death_Date,Prsn_Death_Time,Incap_Injry_Cnt.x,Nonincap_Injry_Cnt.x,Poss_Injry_Cnt.x,Non_Injry_Cnt.x,Unkn_Injry_Cnt.x,Tot_Injry_Cnt.x,Death_Cnt.x,Crash_Fatal_Fl,Cmv_Involv_Fl,Schl_Bus_Fl,Rr_Relat_Fl,Medical_Advisory_Fl,Amend_Supp_Fl,Active_School_Zone_Fl,Crash_Date,Crash_Time,Rpt_CRIS_Cnty_ID,Rpt_City_ID,Rpt_Outside_City_Limit_Fl,Thousand_Damage_Fl,Rpt_Latitude,Rpt_Longitude,Rpt_Rdwy_Sys_ID,Rpt_Hwy_Num,Rpt_Hwy_Sfx,Rpt_Road_Part_ID,Rpt_Block_Num,Rpt_Street_Pfx,Rpt_Street_Name,Rpt_Street_Sfx,Private_Dr_Fl,Toll_Road_Fl,Crash_Speed_Limit,Road_Constr_Zone_Fl,Road_Constr_Zone_Wrkr_Fl,Rpt_Street_Desc,At_Intrsct_Fl,Rpt_Sec_Rdwy_Sys_ID,Rpt_Sec_Hwy_Num,Rpt_Sec_Hwy_Sfx,Rpt_Sec_Road_Part_ID,Rpt_Sec_Block_Num,Rpt_Sec_Street_Pfx,Rpt_Sec_Street_Name,Rpt_Sec_Street_Sfx,Rpt_Ref_Mark_Offset_Amt,Rpt_Ref_Mark_Dist_Uom,Rpt_Ref_Mark_Dir,Rpt_Ref_Mark_Nbr,Rpt_Sec_Street_Desc,Rpt_CrossingNumber,Wthr_Cond_ID,Light_Cond_ID,Entr_Road_ID,Road_Type_ID,Road_Algn_ID,Surf_Cond_ID,Traffic_Cntl_ID,Investigat_Notify_Time,Investigat_Notify_Meth,Investigat_Arrv_Time,Report_Date,Investigat_Comp_Fl,Investigat_Agency_ID,Investigat_Area_ID,Investigat_District_ID,Investigat_Region_ID,Bridge_Detail_ID,Harm_Evnt_ID,Intrsct_Relat_ID,FHE_Collsn_ID,Obj_Struck_ID,Othr_Factr_ID,Road_Part_Adj_ID,Road_Cls_ID,Road_Relat_ID,Phys_Featr_1_ID,Phys_Featr_2_ID,Cnty_ID,City_ID,Latitude.1,Longitude.1,Hwy_Sys,Hwy_Nbr,Hwy_Sfx,Dfo,Street_Name,Street_Nbr,Control,Section,Milepoint,Ref_Mark_Nbr,Ref_Mark_Displ,Hwy_Sys_2,Hwy_Nbr_2,Hwy_Sfx_2,Street_Name_2,Street_Nbr_2,Control_2,Section_2,Milepoint_2,Txdot_Rptable_Fl,Onsys_Fl,Rural_Fl,Crash_Sev_ID,Pop_Group_ID,Located_Fl,Day_of_Week,Hwy_Dsgn_Lane_ID,Hwy_Dsgn_Hrt_ID,Hp_Shldr_Left,Hp_Shldr_Right,Hp_Median_Width,Base_Type_ID,Nbr_Of_Lane,Row_Width_Usual,Roadbed_Width,Surf_Width,Surf_Type_ID,Curb_Type_Left_ID,Curb_Type_Right_ID,Shldr_Type_Left_ID,Shldr_Width_Left,Shldr_Use_Left_ID,Shldr_Type_Right_ID,Shldr_Width_Right,Shldr_Use_Right_ID,Median_Type_ID,Median_Width,Rural_Urban_Type_ID,Func_Sys_ID,Adt_Curnt_Amt,Adt_Curnt_Year,Adt_Adj_Curnt_Amt,Pct_Single_Trk_Adt,Pct_Combo_Trk_Adt,Trk_Aadt_Pct,Curve_Type_ID,Curve_Lngth,Cd_Degr,Delta_Left_Right_ID,Dd_Degr,Feature_Crossed,Structure_Number,I_R_Min_Vert_Clear,Approach_Width,Bridge_Median_ID,Bridge_Loading_Type_ID,Bridge_Loading_In_1000_Lbs,Bridge_Srvc_Type_On_ID,Bridge_Srvc_Type_Under_ID,Culvert_Type_ID,Roadway_Width,Deck_Width,Bridge_Dir_Of_Traffic_ID,Bridge_Rte_Struct_Func_ID,Bridge_IR_Struct_Func_ID,CrossingNumber,RRCo,Poscrossing_ID,WDCode_ID,Standstop,Yield,Incap_Injry_Cnt.y,Nonincap_Injry_Cnt.y,Poss_Injry_Cnt.y,Non_Injry_Cnt.y,Unkn_Injry_Cnt.y,Tot_Injry_Cnt.y,Death_Cnt.y,MPO_ID,Unit_ID,Unit_Prsn_ID
AUS_1354332221,1177,324,48,453,1501,2,4.85E+11,1500US484530015012,Block Group 2,G5030,S,1038192,0,30.3438772,-97.7488165,13543322,AUS_13543322,30.33974842,-97.74949422,2,1,3,16,2,62,1,1,4,11,1,5,N,4,NA,NA,4,97,97,,,0,1,0,0,0,1,0,N,N,N,N,N,N,N,10/1/2013,9:57 AM,227,22,N,N,NA,NA,19,NA,,1,2900,,WHITEROCK,DR,N,N,30,N,N,,N,19,NA,,NA,,,JANEY,DR,NA,NA,,,,NA,11,1,2,NA,1,1,9,10:42 AM,DISPATCH,10:53 AM,10/1/2013,Y,74,NA,121,95,8,5,1,2,64,54,1,5,1,21,21,227,22,30.33974842,-97.74949422,,NA,NA,NA,WHITE ROCK DR,2993,NA,NA,NA,NA,NA,,NA,NA,JANEY DR,NA,NA,NA,NA,Y,N,N,2,9,Y,TUE,NA,NA,NA,NA,NA,NA,NA,NA,NA,NA,NA,NA,NA,NA,NA,NA,NA,NA,NA,NA,NA,NA,NA,NA,NA,NA,NA,NA,NA,NA,NA,NA,NA,NA,NA,NA,NA,NA,NA,NA,NA,NA,NA,NA,NA,NA,NA,NA,NA,NA,NA,NA,NA,NA,NA,0,1,0,1,0,1,0,90,135433222,1354332221
AUS_1354482621,357,369,48,453,1305,3,4.85E+11,1500US484530013053,Block Group 3,G5030,S,655707,0,30.2452677,-97.7539204,13544826,AUS_13544826,30.25085944,-97.74922859,2,1,3,16,2,42,5,1,4,11,1,97,N,4,NA,NA,4,97,97,,,0,1,0,0,0,1,0,N,N,N,N,N,N,N,11/11/2013,12:24 AM,227,22,N,N,NA,NA,19,NA,,1,1300,S,CONGRESS,AVE,N,N,45,N,N,,N,19,NA,,NA,100,W,JAMES,ST,NA,NA,,,,NA,11,4,0,NA,2,1,20,12:24 AM,DISPATCH,12:30 AM,11/11/2013,Y,74,1043,93,112,8,5,4,1,64,9,1,5,1,21,21,227,22,30.25085944,-97.74922859,,NA,NA,NA,S CONGRESS AVE,1310,NA,NA,NA,NA,NA,,NA,NA,N/A,NA,NA,NA,NA,Y,N,N,2,9,Y,MON,NA,NA,NA,NA,NA,NA,NA,NA,NA,NA,NA,NA,NA,NA,NA,NA,NA,NA,NA,NA,NA,NA,NA,NA,NA,NA,NA,NA,NA,NA,NA,NA,NA,NA,NA,NA,NA,NA,NA,NA,NA,NA,NA,NA,NA,NA,NA,NA,NA,NA,NA,NA,NA,NA,NA,0,1,0,2,0,1,0,90,135448262,1354482621
AUS_1355320921,358,369,48,453,1305,3,4.85E+11,1500US484530013053,Block Group 3,G5030,S,655707,0,30.2452677,-97.7539204,13553209,AUS_13553209,30.25109394,-97.74913986,2,1,3,16,3,NA,1,2,4,11,1,1,N,4,NA,NA,4,97,97,,,0,0,1,0,0,1,0,N,N,N,N,N,N,N,10/4/2013,8:48 PM,227,22,N,Y,NA,NA,19,NA,,1,1300,S,CONGRESS,AVE,N,N,40,N,N,,N,19,NA,,NA,100,W,JAMES,ST,NA,NA,,,,NA,11,4,0,NA,1,1,1,8:48 PM,DISPATCH,8:50 PM,10/4/2013,Y,74,1043,93,112,8,5,1,3,64,3,1,5,1,21,21,227,22,30.25109394,-97.74913986,,NA,NA,NA,S CONGRESS AVE,1302,NA,NA,NA,NA,NA,,NA,NA,JAMES ST,NA,NA,NA,NA,Y,N,N,3,9,Y,FRI,NA,NA,NA,NA,NA,NA,NA,NA,NA,NA,NA,NA,NA,NA,NA,NA,NA,NA,NA,NA,NA,NA,NA,NA,NA,NA,NA,NA,NA,NA,NA,NA,NA,NA,NA,NA,NA,NA,NA,NA,NA,NA,NA,NA,NA,NA,NA,NA,NA,NA,NA,NA,NA,NA,NA,0,0,1,1,0,1,0,90,135532092,1355320921
AUS_1355688521,601,433,48,453,1100,1,4.85E+11,1500US484530011001,Block Group 1,G5030,S,2044061,66635,30.2687002,-97.7433003,13556885,AUS_13556885,30.26675,-97.74183,2,1,3,16,3,28,1,1,4,11,1,4,N,4,NA,NA,4,97,97,,,0,0,1,0,0,1,0,N,N,N,N,N,N,N,10/7/2013,2:21 AM,227,22,N,N,NA,NA,19,NA,,1,500,,BRAZOS,ST,N,N,30,N,N,,Y,19,NA,,1,100,E,E 5TH,ST,NA,NA,,,,NA,11,4,4,NA,1,1,5,2:21 AM,DISPATCH,2:24 AM,10/7/2013,Y,74,36,67,282,8,5,2,1,64,54,1,5,1,21,21,227,22,30.26675,-97.74183,,NA,NA,NA,BRAZOS ST,501,NA,NA,NA,NA,NA,,NA,NA,E 5TH ST,NA,NA,NA,NA,Y,N,N,3,9,Y,MON,NA,NA,NA,NA,NA,NA,NA,NA,NA,NA,NA,NA,NA,NA,NA,NA,NA,NA,NA,NA,NA,NA,NA,NA,NA,NA,NA,NA,NA,NA,NA,NA,NA,NA,NA,NA,NA,NA,NA,NA,NA,NA,NA,NA,NA,NA,NA,NA,NA,NA,NA,NA,NA,NA,NA,0,0,1,1,0,1,0,90,135568852,1355688521
AUS_1355904421,37,510,48,453,2422,3,4.85E+11,1500US484530024223,Block Group 3,G5030,S,1656202,0,30.1802663,-97.7895956,13559044,AUS_13559044,30.1839,-97.79262,2,1,3,16,2,29,1,1,4,11,1,4,N,4,NA,NA,4,97,97,,,0,1,0,0,0,1,0,N,N,N,N,N,N,N,11/2/2013,5:45 PM,227,22,N,N,NA,NA,19,NA,,1,7814,S,1ST ST,ST,N,N,35,N,N,,Y,19,NA,,1,,,W DITTMAR,,NA,NA,,,,NA,11,1,4,NA,1,1,5,5:58 PM,DISPATCH,5:58 PM,11/2/2013,Y,74,1042,99,130,8,5,2,2,64,3,1,5,1,21,21,227,22,30.1839,-97.79262,,NA,NA,NA,S 1ST ST,7899,NA,NA,NA,NA,NA,,NA,NA,W DITTMAR RD,NA,NA,NA,NA,Y,N,N,2,9,Y,SAT,NA,NA,NA,NA,NA,NA,NA,NA,NA,NA,NA,NA,NA,NA,NA,NA,NA,NA,NA,NA,NA,NA,NA,NA,NA,NA,NA,NA,NA,NA,NA,NA,NA,NA,NA,NA,NA,NA,NA,NA,NA,NA,NA,NA,NA,NA,NA,NA,NA,NA,NA,NA,NA,NA,NA,0,1,0,1,0,1,0,90,135590442,1355904421
AUS_1355956421,835,359,48,453,402,1,4.85E+11,1500US484530004021,Block Group 1,G5030,S,496682,0,30.2876981,-97.7122017,13559564,AUS_13559564,30.28569,-97.71021,2,1,3,16,2,23,1,1,4,11,1,4,N,4,NA,NA,4,97,97,,,0,1,0,0,0,1,0,N,N,N,N,N,N,N,10/8/2013,5:15 PM,227,22,N,N,NA,NA,19,NA,,1,NA,,MANOR,RD,N,N,30,N,N,,Y,19,NA,,1,,,ALEXANDER,AVE,NA,NA,,,,NA,11,1,0,NA,2,1,20,5:15 PM,DISPATCH,5:25 PM,10/8/2013,Y,74,NA,34,48,8,5,1,3,64,54,1,5,1,21,21,227,22,30.28569,-97.71021,,NA,NA,NA,MANOR RD,2901,NA,NA,NA,NA,NA,,NA,NA,ALEXANDER AVE,NA,NA,NA,NA,Y,N,N,2,9,Y,TUE,NA,NA,NA,NA,NA,NA,NA,NA,NA,NA,NA,NA,NA,NA,NA,NA,NA,NA,NA,NA,NA,NA,NA,NA,NA,NA,NA,NA,NA,NA,NA,NA,NA,NA,NA,NA,NA,NA,NA,NA,NA,NA,NA,NA,NA,NA,NA,NA,NA,NA,NA,NA,NA,NA,NA,0,1,0,1,0,1,0,90,135595642,1355956421
AUS_1356058821,868,65,48,453,401,2,4.85E+11,1500US484530004012,Block Group 2,G5030,S,1342888,0,30.2880599,-97.7281679,13560588,AUS_13560588,30.28838,-97.7291,2,1,3,16,2,26,1,2,4,11,1,2,N,4,NA,NA,4,97,97,,,0,1,0,0,0,1,0,N,N,N,N,N,N,N,10/9/2013,8:35 AM,227,22,N,N,NA,NA,19,NA,,1,NA,E,DEAN KEETON,ST,N,N,35,N,N,,Y,19,NA,,1,,,MEDICAL ARTS,ST,NA,NA,,,,NA,11,1,4,NA,2,1,5,8:36 AM,DISPATCH,8:45 AM,10/9/2013,Y,74,1061,10,14,8,5,2,2,64,54,1,5,1,21,21,227,22,30.28838,-97.7291,,NA,NA,NA,E DEAN KEETON ST,826,NA,NA,NA,NA,NA,,NA,NA,MEDICAL ARTS ST,NA,NA,NA,NA,Y,N,N,2,9,Y,WED,NA,NA,NA,NA,NA,NA,NA,NA,NA,NA,NA,NA,NA,NA,NA,NA,NA,NA,NA,NA,NA,NA,NA,NA,NA,NA,NA,NA,NA,NA,NA,NA,NA,NA,NA,NA,NA,NA,NA,NA,NA,NA,NA,NA,NA,NA,NA,NA,NA,NA,NA,NA,NA,NA,NA,0,1,0,1,0,1,0,90,135605882,1356058821
AUS_1356059221,902,412,48,453,500,1,4.85E+11,1500US484530005001,Block Group 1,G5030,S,140441,0,30.2939335,-97.7350124,13560592,AUS_13560592,30.29173,-97.73425,2,1,3,16,3,21,1,2,4,11,1,1,N,4,NA,NA,4,97,97,,,0,0,1,0,0,1,0,N,N,N,N,N,N,N,10/9/2013,2:00 PM,227,22,N,N,NA,NA,19,NA,,1,3000,,DUVAL,,N,N,-1,N,N,,Y,19,NA,,1,,,30TH,ST,NA,NA,,,,NA,11,1,2,NA,1,1,1,2:07 PM,DISPATCH,2:08 PM,10/9/2013,Y,74,1061,10,14,8,5,1,3,64,54,1,5,1,21,21,227,22,30.29173,-97.73425,,NA,NA,NA,DUVAL ST,2907,NA,NA,NA,NA,NA,,NA,NA,E 30TH ST,NA,NA,NA,NA,Y,N,N,3,9,Y,WED,NA,NA,NA,NA,NA,NA,NA,NA,NA,NA,NA,NA,NA,NA,NA,NA,NA,NA,NA,NA,NA,NA,NA,NA,NA,NA,NA,NA,NA,NA,NA,NA,NA,NA,NA,NA,NA,NA,NA,NA,NA,NA,NA,NA,NA,NA,NA,NA,NA,NA,NA,NA,NA,NA,NA,0,0,1,1,0,1,0,90,135605922,1356059221
AUS_1356150221,948,2,48,453,204,1,4.85E+11,1500US484530002041,Block Group 1,G5030,S,514125,0,30.3003058,-97.7429373,13561502,AUS_13561502,30.29661965,-97.74204258,2,1,3,16,2,21,2,1,4,11,1,4,N,4,NA,NA,4,97,97,,,0,1,0,0,0,1,0,N,N,N,N,N,N,N,10/9/2013,6:03 PM,227,22,N,N,NA,NA,19,NA,,1,3000,,GUADALUPE,ST,N,N,35,N,N,,N,19,NA,,NA,,W,30TH,ST,NA,NA,,,,NA,11,1,0,NA,1,1,11,6:03 PM,DISPATCH,6:07 PM,10/9/2013,Y,74,1061,10,14,8,5,3,3,64,13,1,5,1,32,21,227,22,30.29661965,-97.74204258,,NA,NA,NA,GUADALUPE ST,2979,NA,NA,NA,NA,NA,,NA,NA,N/A,NA,NA,NA,NA,Y,N,N,2,9,Y,WED,NA,NA,NA,NA,NA,NA,NA,NA,NA,NA,NA,NA,NA,NA,NA,NA,NA,NA,NA,NA,NA,NA,NA,NA,NA,NA,NA,NA,NA,NA,NA,NA,NA,NA,NA,NA,NA,NA,NA,NA,NA,NA,NA,NA,NA,NA,NA,NA,NA,NA,NA,NA,NA,NA,NA,0,1,0,2,0,1,0,90,135615022,1356150221
AUS_1356150421,770,126,48,453,1602,3,4.85E+11,1500US484530016023,Block Group 3,G5030,S,754166,188864,30.284577,-97.780106,13561504,AUS_13561504,30.27817207,-97.77268747,2,1,3,16,2,43,1,1,4,11,1,3,N,4,NA,NA,4,97,97,,,0,1,0,0,0,1,0,N,N,N,N,N,N,N,10/9/2013,6:39 PM,227,22,N,Y,NA,NA,19,NA,,1,2407,,LAKE AUSTIN,BLVD,N,N,-1,N,N,,N,19,NA,,NA,,,DEEP EDDY,AVE,NA,NA,,,,NA,11,1,0,NA,1,1,20,6:39 PM,DISPATCH,6:46 PM,10/9/2013,Y,74,1061,10,14,8,5,3,3,64,13,1,5,1,32,21,227,22,30.27817207,-97.77268747,,NA,NA,NA,LAKE AUSTIN BLVD,2412,NA,NA,NA,NA,NA,,NA,NA,N/A,NA,NA,NA,NA,Y,N,N,2,9,Y,WED,NA,NA,NA,NA,NA,NA,NA,NA,NA,NA,NA,NA,NA,NA,NA,NA,NA,NA,NA,NA,NA,NA,NA,NA,NA,NA,NA,NA,NA,NA,NA,NA,NA,NA,NA,NA,NA,NA,NA,NA,NA,NA,NA,NA,NA,NA,NA,NA,NA,NA,NA,NA,NA,NA,NA,0,1,0,1,0,1,0,90,135615042,1356150421
AUS_1356525921,1059,45,48,453,203,1,4.85E+11,1500US484530002031,Block Group 1,G5030,S,1209417,0,30.3126275,-97.7366586,13565259,AUS_13565259,30.31085,-97.73299,2,1,3,16,3,32,1,1,4,11,1,97,N,4,NA,NA,4,97,97,,,0,0,1,0,0,1,0,N,N,N,N,N,N,N,11/18/2013,9:31 PM,227,22,N,N,NA,NA,19,NA,,1,NA,W,45TH,ST,N,N,35,N,N,,Y,19,NA,,1,,,GUADALUPE,ST,NA,NA,,,,NA,11,4,4,NA,1,1,5,9:31 PM,DISPATCH,9:33 PM,11/18/2013,Y,74,1061,10,14,8,5,1,3,64,54,1,5,1,21,21,227,22,30.31085,-97.73299,,NA,NA,NA,W 45TH ST,598,NA,NA,NA,NA,NA,,NA,NA,GUADALUPE ST,NA,NA,NA,NA,Y,N,N,3,9,Y,MON,NA,NA,NA,NA,NA,NA,NA,NA,NA,NA,NA,NA,NA,NA,NA,NA,NA,NA,NA,NA,NA,NA,NA,NA,NA,NA,NA,NA,NA,NA,NA,NA,NA,NA,NA,NA,NA,NA,NA,NA,NA,NA,NA,NA,NA,NA,NA,NA,NA,NA,NA,NA,NA,NA,NA,0,0,1,1,0,1,0,90,135652592,1356525921
AUS_1356540021,995,45,48,453,203,1,4.85E+11,1500US484530002031,Block Group 1,G5030,S,1209417,0,30.3126275,-97.7366586,13565400,AUS_13565400,30.30275,-97.73816,2,1,3,16,3,NA,1,1,4,11,1,4,N,4,NA,NA,4,97,97,,,0,0,1,0,0,1,0,N,N,N,N,N,N,N,10/10/2013,4:43 PM,227,22,N,N,NA,NA,19,NA,,1,3700,,GUADALUPE,ST,N,N,-1,N,N,,Y,19,NA,,1,,W,38TH,ST,NA,NA,,,,NA,11,1,4,NA,1,1,16,4:44 PM,DISPATCH,4:45 PM,10/10/2013,Y,74,1061,10,14,8,5,1,3,64,54,1,5,1,21,21,227,22,30.30275,-97.73816,,NA,NA,NA,GUADALUPE ST,3801,NA,NA,NA,NA,NA,,NA,NA,W 38TH ST,NA,NA,NA,NA,Y,N,N,3,9,Y,THU,NA,NA,NA,NA,NA,NA,NA,NA,NA,NA,NA,NA,NA,NA,NA,NA,NA,NA,NA,NA,NA,NA,NA,NA,NA,NA,NA,NA,NA,NA,NA,NA,NA,NA,NA,NA,NA,NA,NA,NA,NA,NA,NA,NA,NA,NA,NA,NA,NA,NA,NA,NA,NA,NA,NA,0,0,1,1,0,1,0,90,135654002,1356540021
AUS_1356547621,981,2,48,453,204,1,4.85E+11,1500US484530002041,Block Group 1,G5030,S,514125,0,30.3003058,-97.7429373,13565476,AUS_13565476,30.30114,-97.73919,2,1,3,16,2,22,1,1,4,11,1,5,N,4,NA,NA,4,97,97,,,0,1,0,0,0,1,0,N,N,N,N,N,N,N,11/18/2013,3:46 PM,227,22,N,N,NA,NA,19,NA,,1,NA,W,35TH,ST,N,N,30,N,N,,Y,19,NA,,1,,,GUADALUPE,ST,NA,NA,,,,NA,11,1,2,NA,1,1,8,3:48 PM,DISPATCH,3:49 PM,11/18/2013,Y,74,1061,10,14,8,5,1,3,64,54,1,5,1,21,21,227,22,30.30114,-97.73919,,NA,NA,NA,W 35TH ST,600,NA,NA,NA,NA,NA,,NA,NA,GUADALUPE ST,NA,NA,NA,NA,Y,N,N,2,9,Y,MON,NA,NA,NA,NA,NA,NA,NA,NA,NA,NA,NA,NA,NA,NA,NA,NA,NA,NA,NA,NA,NA,NA,NA,NA,NA,NA,NA,NA,NA,NA,NA,NA,NA,NA,NA,NA,NA,NA,NA,NA,NA,NA,NA,NA,NA,NA,NA,NA,NA,NA,NA,NA,NA,NA,NA,0,1,0,1,0,1,0,90,135654762,1356547621
AUS_1356790321,80,266,48,453,1729,3,4.85E+11,1500US484530017293,Block Group 3,G5030,S,1118053,0,30.1981255,-97.835391,13567903,AUS_13567903,30.20308001,-97.83734001,2,1,3,16,2,17,2,2,4,11,1,4,N,4,NA,NA,4,97,97,,,0,1,0,0,0,1,0,N,N,N,N,N,N,N,9/5/2013,8:56 AM,227,22,N,Y,NA,NA,19,NA,,1,3500,,ESKEW,DR,N,N,-1,N,N,,Y,19,NA,,1,,,BRODIE,LN,NA,NA,,,,NA,11,1,2,NA,1,1,15,8:56 AM,DISPATCH,9:00 AM,9/5/2013,Y,74,1042,99,130,8,5,1,3,64,54,1,5,1,21,21,227,22,30.20308001,-97.83734001,,NA,NA,NA,ESKEW DR,3500,NA,NA,NA,NA,NA,,NA,NA,UNKNOWN,NA,NA,NA,NA,Y,N,N,2,9,Y,THU,NA,NA,NA,NA,NA,NA,NA,NA,NA,NA,NA,NA,NA,NA,NA,NA,NA,NA,NA,NA,NA,NA,NA,NA,NA,NA,NA,NA,NA,NA,NA,NA,NA,NA,NA,NA,NA,NA,NA,NA,NA,NA,NA,NA,NA,NA,NA,NA,NA,NA,NA,NA,NA,NA,NA,0,1,0,1,0,1,0,90,135679032,1356790321
AUS_1356790621,227,22,48,453,2304,3,4.85E+11,1500US484530023043,Block Group 3,G5030,S,299987,0,30.2377879,-97.7232196,13567906,AUS_13567906,30.23414,-97.72286,2,1,3,16,3,21,1,1,4,11,1,4,N,4,NA,NA,4,97,97,,,0,0,1,0,0,1,0,N,N,N,N,N,N,N,10/12/2013,12:26 AM,227,22,N,Y,NA,NA,19,NA,,1,NA,E,RIVERSIDE DR,DR,N,N,35,N,N,,Y,19,NA,,1,,S,S PLEASANT VALLEY,,NA,NA,,,,NA,11,4,4,NA,8,1,5,12:28 AM,DISPATCH,12:28 AM,10/12/2013,Y,74,1045,98,129,8,5,1,3,64,3,1,5,1,21,21,227,22,30.23414,-97.72286,,NA,NA,NA,E RIVERSIDE DR,NA,NA,NA,NA,NA,NA,,NA,NA,UNKNOWN,NA,NA,NA,NA,Y,N,N,3,9,Y,SAT,NA,NA,NA,NA,NA,NA,NA,NA,NA,NA,NA,NA,NA,NA,NA,NA,NA,NA,NA,NA,NA,NA,NA,NA,NA,NA,NA,NA,NA,NA,NA,NA,NA,NA,NA,NA,NA,NA,NA,NA,NA,NA,NA,NA,NA,NA,NA,NA,NA,NA,NA,NA,NA,NA,NA,0,0,1,1,0,1,0,90,135679062,1356790621
AUS_1356797521,561,433,48,453,1100,1,4.85E+11,1500US484530011001,Block Group 1,G5030,S,2044061,66635,30.2687002,-97.7433003,13567975,AUS_13567975,30.26529517,-97.73760197,2,1,3,16,2,26,3,1,4,11,1,97,N,4,NA,NA,4,97,97,,,0,1,0,0,0,1,0,N,N,N,N,N,N,N,8/25/2013,2:43 AM,227,22,N,N,NA,NA,19,NA,,1,NA,,RED RIVER,ST,N,N,30,N,N,,N,19,NA,,NA,,E,5TH,ST,NA,NA,,,,NA,11,4,0,NA,1,1,20,2:43 AM,ON SIGHT,2:43 AM,8/25/2013,Y,74,36,67,282,8,5,2,1,64,3,1,5,1,21,21,227,22,30.26529517,-97.73760197,,NA,NA,NA,RED RIVER ST,473,NA,NA,NA,NA,NA,,NA,NA,E 5TH ST,NA,NA,NA,NA,Y,N,N,2,9,Y,SUN,NA,NA,NA,NA,NA,NA,NA,NA,NA,NA,NA,NA,NA,NA,NA,NA,NA,NA,NA,NA,NA,NA,NA,NA,NA,NA,NA,NA,NA,NA,NA,NA,NA,NA,NA,NA,NA,NA,NA,NA,NA,NA,NA,NA,NA,NA,NA,NA,NA,NA,NA,NA,NA,NA,NA,0,1,1,2,0,2,0,90,135679752,1356797521
AUS_1357171721,771,126,48,453,1602,3,4.85E+11,1500US484530016023,Block Group 3,G5030,S,754166,188864,30.284577,-97.780106,13571717,AUS_13571717,30.27834934,-97.77292959,2,1,3,16,5,NA,1,1,4,11,1,5,N,4,NA,NA,4,97,97,,,0,0,0,1,0,0,0,N,N,N,N,N,N,N,10/12/2013,3:21 PM,227,22,N,N,NA,NA,19,NA,,1,2402,,LAKE AUSTIN,BLVD,N,N,35,N,N,,N,19,NA,,NA,500,,DEEP EDDY,,NA,NA,,,,NA,11,1,98,NA,1,1,1,3:21 PM,ON SIGHT,3:33 PM,10/12/2013,Y,74,1061,10,14,8,5,3,1,64,14,1,5,2,32,21,227,22,30.27834934,-97.77292959,,NA,NA,NA,LAKE AUSTIN BLVD,2453,NA,NA,NA,NA,NA,,NA,NA,N/A,NA,NA,NA,NA,N,N,N,5,9,Y,SAT,NA,NA,NA,NA,NA,NA,NA,NA,NA,NA,NA,NA,NA,NA,NA,NA,NA,NA,NA,NA,NA,NA,NA,NA,NA,NA,NA,NA,NA,NA,NA,NA,NA,NA,NA,NA,NA,NA,NA,NA,NA,NA,NA,NA,NA,NA,NA,NA,NA,NA,NA,NA,NA,NA,NA,0,0,0,2,0,0,0,90,135717172,1357171721
AUS_1357180821,243,373,48,453,1307,3,4.85E+11,1500US484530013073,Block Group 3,G5030,S,691226,0,30.2373994,-97.7683911,13571808,AUS_13571808,30.23675803,-97.7630294,2,1,3,16,3,37,3,1,4,11,1,4,N,4,NA,NA,4,97,97,,,0,0,1,0,0,1,0,N,N,N,N,N,N,N,11/25/2013,1:22 AM,227,22,N,N,NA,NA,19,NA,,1,2900,,S 1ST ST,,N,N,35,N,N,,N,19,NA,,NA,,,EL PASO,ST,NA,NA,,,,NA,2,4,2,NA,1,2,20,1:22 AM,DISPATCH,1:24 AM,11/25/2013,Y,74,1043,93,112,8,5,4,1,64,3,1,5,1,21,21,227,22,30.23675803,-97.7630294,,NA,NA,NA,S 1ST ST,2807,NA,NA,NA,NA,NA,,NA,NA,N/A,NA,NA,NA,NA,Y,N,N,3,9,Y,MON,NA,NA,NA,NA,NA,NA,NA,NA,NA,NA,NA,NA,NA,NA,NA,NA,NA,NA,NA,NA,NA,NA,NA,NA,NA,NA,NA,NA,NA,NA,NA,NA,NA,NA,NA,NA,NA,NA,NA,NA,NA,NA,NA,NA,NA,NA,NA,NA,NA,NA,NA,NA,NA,NA,NA,0,0,1,2,0,1,0,90,135718082,1357180821