Crash_UP_ID,FID,FID_Austin,STATEFP,COUNTYFP,TRACTCE,BLKGRPCE,GEOID1,GEOID,NAMELSAD,MTFCC,FUNCSTAT,ALAND,AWATER,INTPTLAT,INTPTLON,CrashID,CrashID1,Latitude,Longitude,Unit_Nbr,Prsn_Nbr,Prsn_Type_ID,Prsn_Occpnt_Pos_ID,Prsn_Injry_Sev_ID,Prsn_Age,Prsn_Ethnicity_ID,Prsn_Gndr_ID,Prsn_Ejct_ID,Prsn_Rest_ID,Prsn_Airbag_ID,Prsn_Helmet_ID,Prsn_Sol_Fl,Prsn_Alc_Spec_Type_ID,Prsn_Alc_Rslt_ID,Prsn_Bac_Test_Rslt,Prsn_Drg_Spec_Type_ID,Prsn_Drg_Rslt_ID,Drvr_Drg_Cat_1_ID,Prsn_Death_Date,Prsn_Death_Time,Incap_Injry_Cnt.x,Nonincap_Injry_Cnt.x,Poss_Injry_Cnt.x,Non_Injry_Cnt.x,Unkn_Injry_Cnt.x,Tot_Injry_Cnt.x,Death_Cnt.x,Crash_Fatal_Fl,Cmv_Involv_Fl,Schl_Bus_Fl,Rr_Relat_Fl,Medical_Advisory_Fl,Amend_Supp_Fl,Active_School_Zone_Fl,Crash_Date,Crash_Time,Rpt_CRIS_Cnty_ID,Rpt_City_ID,Rpt_Outside_City_Limit_Fl,Thousand_Damage_Fl,Rpt_Latitude,Rpt_Longitude,Rpt_Rdwy_Sys_ID,Rpt_Hwy_Num,Rpt_Hwy_Sfx,Rpt_Road_Part_ID,Rpt_Block_Num,Rpt_Street_Pfx,Rpt_Street_Name,Rpt_Street_Sfx,Private_Dr_Fl,Toll_Road_Fl,Crash_Speed_Limit,Road_Constr_Zone_Fl,Road_Constr_Zone_Wrkr_Fl,Rpt_Street_Desc,At_Intrsct_Fl,Rpt_Sec_Rdwy_Sys_ID,Rpt_Sec_Hwy_Num,Rpt_Sec_Hwy_Sfx,Rpt_Sec_Road_Part_ID,Rpt_Sec_Block_Num,Rpt_Sec_Street_Pfx,Rpt_Sec_Street_Name,Rpt_Sec_Street_Sfx,Rpt_Ref_Mark_Offset_Amt,Rpt_Ref_Mark_Dist_Uom,Rpt_Ref_Mark_Dir,Rpt_Ref_Mark_Nbr,Rpt_Sec_Street_Desc,Rpt_CrossingNumber,Wthr_Cond_ID,Light_Cond_ID,Entr_Road_ID,Road_Type_ID,Road_Algn_ID,Surf_Cond_ID,Traffic_Cntl_ID,Investigat_Notify_Time,Investigat_Notify_Meth,Investigat_Arrv_Time,Report_Date,Investigat_Comp_Fl,Investigat_Agency_ID,Investigat_Area_ID,Investigat_District_ID,Investigat_Region_ID,Bridge_Detail_ID,Harm_Evnt_ID,Intrsct_Relat_ID,FHE_Collsn_ID,Obj_Struck_ID,Othr_Factr_ID,Road_Part_Adj_ID,Road_Cls_ID,Road_Relat_ID,Phys_Featr_1_ID,Phys_Featr_2_ID,Cnty_ID,City_ID,Latitude.1,Longitude.1,Hwy_Sys,Hwy_Nbr,Hwy_Sfx,Dfo,Street_Name,Street_Nbr,Control,Section,Milepoint,Ref_Mark_Nbr,Ref_Mark_Displ,Hwy_Sys_2,Hwy_Nbr_2,Hwy_Sfx_2,Street_Name_2,Street_Nbr_2,Control_2,Section_2,Milepoint_2,Txdot_Rptable_Fl,Onsys_Fl,Rural_Fl,Crash_Sev_ID,Pop_Group_ID,Located_Fl,Day_of_Week,Hwy_Dsgn_Lane_ID,Hwy_Dsgn_Hrt_ID,Hp_Shldr_Left,Hp_Shldr_Right,Hp_Median_Width,Base_Type_ID,Nbr_Of_Lane,Row_Width_Usual,Roadbed_Width,Surf_Width,Surf_Type_ID,Curb_Type_Left_ID,Curb_Type_Right_ID,Shldr_Type_Left_ID,Shldr_Width_Left,Shldr_Use_Left_ID,Shldr_Type_Right_ID,Shldr_Width_Right,Shldr_Use_Right_ID,Median_Type_ID,Median_Width,Rural_Urban_Type_ID,Func_Sys_ID,Adt_Curnt_Amt,Adt_Curnt_Year,Adt_Adj_Curnt_Amt,Pct_Single_Trk_Adt,Pct_Combo_Trk_Adt,Trk_Aadt_Pct,Curve_Type_ID,Curve_Lngth,Cd_Degr,Delta_Left_Right_ID,Dd_Degr,Feature_Crossed,Structure_Number,I_R_Min_Vert_Clear,Approach_Width,Bridge_Median_ID,Bridge_Loading_Type_ID,Bridge_Loading_In_1000_Lbs,Bridge_Srvc_Type_On_ID,Bridge_Srvc_Type_Under_ID,Culvert_Type_ID,Roadway_Width,Deck_Width,Bridge_Dir_Of_Traffic_ID,Bridge_Rte_Struct_Func_ID,Bridge_IR_Struct_Func_ID,CrossingNumber,RRCo,Poscrossing_ID,WDCode_ID,Standstop,Yield,Incap_Injry_Cnt.y,Nonincap_Injry_Cnt.y,Poss_Injry_Cnt.y,Non_Injry_Cnt.y,Unkn_Injry_Cnt.y,Tot_Injry_Cnt.y,Death_Cnt.y,MPO_ID,Unit_ID,Unit_Prsn_ID
AUS_1357610621,146,467,48,453,2002,1,4.85E+11,1500US484530020021,Block Group 1,G5030,S,1084288,0,30.2238072,-97.783041,13576106,AUS_13576106,30.22177,-97.77871999,2,1,3,16,2,30,1,2,4,11,1,97,N,4,NA,NA,4,97,97,,,0,1,0,0,0,1,0,N,N,N,N,N,N,N,11/16/2013,11:34 PM,227,22,N,N,NA,NA,19,NA,,1,1000,,REDD,ST,N,N,25,N,N,,Y,19,NA,,1,4500,,MOUNT VERNON,DR,NA,NA,,,,NA,11,3,4,NA,1,1,8,11:34 PM,DISPATCH,11:34 PM,11/16/2013,Y,74,1043,93,112,8,5,1,3,64,54,1,5,1,21,21,227,22,30.22177,-97.77871999,,NA,NA,NA,REDD ST,1000,NA,NA,NA,NA,NA,,NA,NA,MOUNT VERNON DR,NA,NA,NA,NA,Y,N,N,2,9,Y,SAT,NA,NA,NA,NA,NA,NA,NA,NA,NA,NA,NA,NA,NA,NA,NA,NA,NA,NA,NA,NA,NA,NA,NA,NA,NA,NA,NA,NA,NA,NA,NA,NA,NA,NA,NA,NA,NA,NA,NA,NA,NA,NA,NA,NA,NA,NA,NA,NA,NA,NA,NA,NA,NA,NA,NA,0,1,0,1,0,1,0,90,135761062,1357610621
AUS_1357857221,221,418,48,453,2307,4,4.85E+11,1500US484530023074,Block Group 4,G5030,S,428094,0,30.2300496,-97.7399091,13578572,AUS_13578572,30.23360917,-97.74126511,2,1,3,16,3,NA,3,1,4,11,1,4,N,4,NA,NA,4,97,97,,,0,0,1,0,0,1,0,N,N,N,N,N,N,N,10/13/2013,2:47 AM,227,22,N,N,NA,NA,1,35,I,2,2200,,NOT REPORTED,HWY,N,N,55,N,N,S IH 35 SB SVRD,Y,19,NA,,1,,E,OLTORF,ST,NA,NA,,,,NA,2,4,4,2,1,2,5,2:47 AM,DISPATCH,2:58 AM,10/13/2013,Y,74,1043,93,112,8,5,1,1,64,54,2,1,1,21,21,227,22,30.23360917,-97.74126511,IH,35,NA,231.524,IH0035,NA,15,13,15.403,232,0.353,,NA,NA,E OLTORF ST,NA,NA,NA,NA,Y,Y,N,3,9,Y,SUN,5,0,2,10,7,2,6,300,96,72,4,0,0,2,4,5,2,20,5,2,3,4,11,157520,2012,157520,2.7,7.3,10,NA,NA,NA,NA,NA,NA,NA,NA,NA,NA,NA,NA,NA,NA,NA,NA,NA,NA,NA,NA,NA,NA,NA,NA,NA,NA,0,0,1,0,1,1,0,90,135785722,1357857221
AUS_1357928621,1339,313,48,453,1850,3,4.85E+11,1500US484530018503,Block Group 3,G5030,S,298519,0,30.4122185,-97.6952895,13579286,AUS_13579286,30.40831638,-97.69705137,2,1,3,16,1,38,1,1,4,11,1,5,N,4,NA,NA,4,97,97,,,1,0,0,0,0,1,0,N,N,N,N,N,N,N,11/21/2013,12:00 PM,227,22,N,N,NA,NA,19,NA,,1,12100,,METRIC,BLVD,N,N,-1,N,N,,N,19,NA,,NA,19010,,CEDAR BEND,DR,NA,NA,,,,NA,12,1,4,NA,2,1,5,12:30 PM,WALK-IN,12:30 PM,11/22/2013,Y,74,63,123,143,8,5,2,2,64,3,1,5,1,21,21,227,22,30.40831638,-97.69705137,,NA,NA,NA,METRIC BLVD,NA,NA,NA,NA,NA,NA,,NA,NA,CEDAR BEND DR,NA,NA,NA,NA,Y,N,N,1,9,Y,THU,NA,NA,NA,NA,NA,NA,NA,NA,NA,NA,NA,NA,NA,NA,NA,NA,NA,NA,NA,NA,NA,NA,NA,NA,NA,NA,NA,NA,NA,NA,NA,NA,NA,NA,NA,NA,NA,NA,NA,NA,NA,NA,NA,NA,NA,NA,NA,NA,NA,NA,NA,NA,NA,NA,NA,1,0,0,0,1,1,0,90,135792862,1357928621
AUS_1357929521,1035,249,48,453,2107,4,4.85E+11,1500US484530021074,Block Group 4,G5030,S,606868,0,30.3052345,-97.674956,13579295,AUS_13579295,30.30740528,-97.66965849,2,1,3,16,3,NA,3,1,4,11,1,4,N,4,NA,NA,4,97,97,,,0,0,1,0,0,1,0,N,N,N,N,N,N,N,10/13/2013,6:23 PM,227,22,N,Y,NA,NA,19,NA,,1,6400,,SPRINGDALE,RD,N,N,35,N,N,,N,19,NA,,NA,,,MANOR,RD,NA,NA,,,,NA,2,4,0,NA,3,2,20,6:57 PM,DISPATCH,7:06 PM,10/18/2013,Y,74,NA,34,48,8,5,4,1,64,54,1,5,1,21,21,227,22,30.30740528,-97.66965849,,NA,NA,NA,SPRINGDALE RD,6440,NA,NA,NA,NA,NA,,NA,NA,N/A,NA,NA,NA,NA,Y,N,N,3,9,Y,SUN,NA,NA,NA,NA,NA,NA,NA,NA,NA,NA,NA,NA,NA,NA,NA,NA,NA,NA,NA,NA,NA,NA,NA,NA,NA,NA,NA,NA,NA,NA,NA,NA,NA,NA,NA,NA,NA,NA,NA,NA,NA,NA,NA,NA,NA,NA,NA,NA,NA,NA,NA,NA,NA,NA,NA,0,0,1,1,0,1,0,90,135792952,1357929521
AUS_1357937821,965,212,48,453,1604,1,4.85E+11,1500US484530016041,Block Group 1,G5030,S,965031,309972,30.2992975,-97.7824293,13579378,AUS_13579378,30.29973,-97.7739,2,1,3,16,2,37,1,1,4,11,1,2,N,4,NA,NA,4,97,97,,,0,1,0,0,0,1,0,N,N,N,N,N,N,N,10/8/2013,2:32 PM,227,22,N,Y,NA,NA,19,NA,,1,NA,,WINDSOR,RD,N,N,30,N,N,,Y,19,NA,,1,,,PECOS,ST,NA,NA,,,,NA,11,1,4,NA,1,1,8,2:37 PM,DISPATCH,2:45 PM,10/8/2013,Y,74,1061,10,14,8,5,1,1,64,54,1,5,1,21,21,227,22,30.29973,-97.7739,,NA,NA,NA,WINDSOR RD,3500,NA,NA,NA,NA,NA,,NA,NA,PECOS ST,NA,NA,NA,NA,Y,N,N,2,9,Y,TUE,NA,NA,NA,NA,NA,NA,NA,NA,NA,NA,NA,NA,NA,NA,NA,NA,NA,NA,NA,NA,NA,NA,NA,NA,NA,NA,NA,NA,NA,NA,NA,NA,NA,NA,NA,NA,NA,NA,NA,NA,NA,NA,NA,NA,NA,NA,NA,NA,NA,NA,NA,NA,NA,NA,NA,0,1,0,1,0,1,0,90,135793782,1357937821
AUS_1359798421,1071,331,48,453,101,3,4.85E+11,1500US484530001013,Block Group 3,G5030,S,1069512,0,30.3134519,-97.7527007,13597984,AUS_13597984,30.31211,-97.7526,2,1,3,16,3,23,1,1,4,11,1,2,N,4,NA,NA,4,97,97,,,0,0,1,0,0,1,0,N,N,N,N,N,N,N,10/14/2013,9:11 PM,227,22,N,N,NA,NA,19,NA,,1,3900,,BULL CREEK RD,RD,N,N,35,N,N,,Y,19,NA,,1,,,W 39TH ST,ST,NA,NA,,,,NA,11,4,4,NA,1,1,8,9:11 PM,DISPATCH,9:12 PM,10/14/2013,Y,74,1061,10,14,8,5,1,1,64,54,1,5,1,21,21,227,22,30.31211,-97.7526,,NA,NA,NA,BULL CREEK RD,3901,NA,NA,NA,NA,NA,,NA,NA,W 39TH ST,NA,NA,NA,NA,Y,N,N,3,9,Y,MON,NA,NA,NA,NA,NA,NA,NA,NA,NA,NA,NA,NA,NA,NA,NA,NA,NA,NA,NA,NA,NA,NA,NA,NA,NA,NA,NA,NA,NA,NA,NA,NA,NA,NA,NA,NA,NA,NA,NA,NA,NA,NA,NA,NA,NA,NA,NA,NA,NA,NA,NA,NA,NA,NA,NA,0,0,1,1,0,1,0,90,135979842,1359798421
AUS_1360064321,1318,155,48,453,1849,4,4.85E+11,1500US484530018494,Block Group 4,G5030,S,1098173,0,30.3964822,-97.7102904,13600643,AUS_13600643,30.39833478,-97.70446882,2,1,3,16,3,NA,1,1,4,11,1,4,N,4,NA,NA,4,97,97,,,0,0,1,0,0,1,0,N,N,N,N,N,N,N,10/15/2013,10:13 AM,227,22,N,N,NA,NA,19,NA,,1,1900,,GRACY FARMS LANE,,N,N,35,N,N,,N,19,NA,,NA,,,METRIC,BLVD,NA,NA,,,,NA,12,1,0,NA,2,1,5,10:14 AM,DISPATCH,10:21 AM,10/15/2013,Y,74,NA,46,64,8,5,2,2,64,54,1,5,1,21,21,227,22,30.39833478,-97.70446882,,NA,NA,NA,GRACY FARMS LN,NA,NA,NA,NA,NA,NA,,NA,NA,METRIC BLVD,NA,NA,NA,NA,Y,N,N,3,9,Y,TUE,NA,NA,NA,NA,NA,NA,NA,NA,NA,NA,NA,NA,NA,NA,NA,NA,NA,NA,NA,NA,NA,NA,NA,NA,NA,NA,NA,NA,NA,NA,NA,NA,NA,NA,NA,NA,NA,NA,NA,NA,NA,NA,NA,NA,NA,NA,NA,NA,NA,NA,NA,NA,NA,NA,NA,0,0,1,1,0,1,0,90,136006432,1360064321
AUS_1360691021,1130,33,48,453,206,3,4.85E+11,1500US484530002063,Block Group 3,G5030,S,339642,0,30.3280577,-97.7412586,13606910,AUS_13606910,30.325746,-97.74060938,2,1,3,16,2,35,1,2,4,11,1,97,N,4,NA,NA,4,97,97,,,0,1,0,0,0,1,0,N,N,N,N,N,N,N,12/3/2013,6:11 PM,227,22,N,Y,NA,NA,19,NA,,1,2211,W,W NORTH LOOP BLVD,BLVD,N,N,35,N,N,,N,19,NA,,NA,,,BURNET RD,RD,NA,NA,,,,NA,11,4,2,NA,1,1,1,6:11 PM,DISPATCH,6:16 PM,12/3/2013,Y,74,1061,10,14,8,5,3,3,64,13,1,5,1,32,21,227,22,30.325746,-97.74060938,,NA,NA,NA,W NORTH LOOP BLVD,2149,NA,NA,NA,NA,NA,,NA,NA,N/A,NA,NA,NA,NA,Y,N,N,2,9,Y,TUE,NA,NA,NA,NA,NA,NA,NA,NA,NA,NA,NA,NA,NA,NA,NA,NA,NA,NA,NA,NA,NA,NA,NA,NA,NA,NA,NA,NA,NA,NA,NA,NA,NA,NA,NA,NA,NA,NA,NA,NA,NA,NA,NA,NA,NA,NA,NA,NA,NA,NA,NA,NA,NA,NA,NA,0,1,0,1,0,1,0,90,136069102,1360691021
AUS_1360845321,443,447,48,453,1401,1,4.85E+11,1500US484530014011,Block Group 1,G5030,S,650840,121283,30.2552815,-97.7457665,13608453,AUS_13608453,30.25975764,-97.74587695,2,1,3,16,2,45,1,1,4,11,1,97,N,4,NA,NA,4,97,97,,,0,1,0,0,0,1,0,N,N,N,N,N,N,N,10/12/2013,6:46 PM,227,22,N,Y,NA,NA,19,NA,,1,1000,S,CONGRESS,AVE,N,N,35,N,N,,N,19,NA,,NA,100,W,RIVERSIDE,DR,NA,NA,,,,NA,11,1,0,NA,2,1,20,6:46 PM,DISPATCH,6:46 PM,10/12/2013,Y,74,1043,93,112,8,5,4,1,64,25,1,1,1,21,21,227,22,30.25975764,-97.74587695,,NA,NA,NA,S CONGRESS AVE,209,NA,NA,NA,NA,NA,,NA,NA,N/A,NA,NA,NA,NA,Y,N,N,2,9,Y,SAT,NA,NA,NA,NA,NA,NA,NA,NA,NA,NA,NA,NA,NA,NA,NA,NA,NA,NA,NA,NA,NA,NA,NA,NA,NA,NA,NA,NA,NA,NA,NA,NA,NA,NA,NA,NA,NA,NA,NA,NA,NA,NA,NA,NA,NA,NA,NA,NA,NA,NA,NA,NA,NA,NA,NA,0,1,0,2,0,1,0,90,136084532,1360845321
AUS_1361647321,1220,248,48,453,1819,1,4.85E+11,1500US484530018191,Block Group 1,G5030,S,687139,0,30.362599,-97.7031229,13616473,AUS_13616473,30.35908559,-97.69926828,2,1,3,16,5,51,1,1,4,11,1,97,N,4,NA,NA,4,97,97,,,0,0,0,1,0,0,0,N,N,N,N,N,N,N,9/26/2013,5:18 PM,227,22,N,N,NA,NA,19,NA,,1,8926,N,LAMAR,BLVD,N,N,45,N,N,,N,19,NA,,NA,,,PAYTON GIN,RD,NA,NA,,,,NA,11,1,0,3,1,1,20,5:22 PM,DISPATCH,5:25 PM,9/26/2013,Y,74,63,123,143,8,5,3,1,64,54,1,2,1,32,21,227,22,30.35908559,-97.69926828,SL,275,NA,4.857,SL0275,8979,15,11,5.939,434,0.926,,NA,NA,N/A,NA,NA,NA,NA,N,Y,N,5,9,Y,THU,2,0,0,0,0,2,4,125,48,48,4,1,1,1,0,0,1,0,0,0,0,4,14,33000,2012,33000,0.9,0.3,1.2,NA,NA,NA,NA,NA,NA,NA,NA,NA,NA,NA,NA,NA,NA,NA,NA,NA,NA,NA,NA,NA,NA,NA,NA,NA,NA,0,0,0,2,0,0,0,90,136164732,1361647321
AUS_1361659521,509,433,48,453,1100,1,4.85E+11,1500US484530011001,Block Group 1,G5030,S,2044061,66635,30.2687002,-97.7433003,13616595,AUS_13616595,30.26338,-97.74451,2,1,3,16,3,24,1,2,4,11,1,1,N,4,NA,NA,4,97,97,,,0,0,1,0,0,1,0,N,N,N,N,N,N,N,9/24/2013,9:23 AM,227,22,N,N,NA,NA,19,NA,,1,100,,BLK 1ST,ST,N,N,-1,N,N,,Y,19,NA,,1,,,W CESAR CHAVEZ ST,ST,NA,NA,,,,NA,11,1,0,NA,1,1,15,9:24 AM,DISPATCH,9:30 AM,9/24/2013,Y,74,36,67,282,8,5,2,2,64,54,1,5,1,21,21,227,22,30.26338,-97.74451,,NA,NA,NA,W 1ST ST,100,NA,NA,NA,NA,NA,,NA,NA,UNKNOWN,NA,NA,NA,NA,Y,N,N,3,9,Y,TUE,NA,NA,NA,NA,NA,NA,NA,NA,NA,NA,NA,NA,NA,NA,NA,NA,NA,NA,NA,NA,NA,NA,NA,NA,NA,NA,NA,NA,NA,NA,NA,NA,NA,NA,NA,NA,NA,NA,NA,NA,NA,NA,NA,NA,NA,NA,NA,NA,NA,NA,NA,NA,NA,NA,NA,0,0,1,1,0,1,0,90,136165952,1361659521
AUS_1361663621,0,302,48,453,1772,2,4.85E+11,1500US484530017722,Block Group 2,G5030,S,1136782,0,30.1517439,-97.8304683,13616636,AUS_13616636,30.15243101,-97.82760595,2,1,3,16,2,9,1,1,4,11,1,97,N,4,NA,NA,4,97,97,,,0,1,0,0,0,1,0,N,N,N,N,N,N,N,12/26/2013,2:13 PM,227,22,N,N,NA,NA,19,NA,,1,11300,,JAMES HOLLER,,N,N,25,N,N,,N,19,NA,,NA,1300,,CHAPPEL,LN,NA,NA,,,,NA,11,1,0,NA,1,1,1,2:01 PM,DISPATCH,2:13 PM,12/26/2013,N,74,1042,99,130,8,5,4,1,64,3,1,5,1,21,21,227,22,30.15243101,-97.82760595,,NA,NA,NA,JAMES HALLER DR,11369,NA,NA,NA,NA,NA,,NA,NA,N/A,NA,NA,NA,NA,Y,N,N,2,9,Y,THU,NA,NA,NA,NA,NA,NA,NA,NA,NA,NA,NA,NA,NA,NA,NA,NA,NA,NA,NA,NA,NA,NA,NA,NA,NA,NA,NA,NA,NA,NA,NA,NA,NA,NA,NA,NA,NA,NA,NA,NA,NA,NA,NA,NA,NA,NA,NA,NA,NA,NA,NA,NA,NA,NA,NA,0,1,0,1,0,1,0,90,136166362,1361663621
AUS_1361672221,1215,192,48,453,1718,3,4.85E+11,1500US484530017183,Block Group 3,G5030,S,736242,0,30.3544498,-97.7627766,13616722,AUS_13616722,30.35799462,-97.76286856,2,1,3,16,3,35,1,1,4,11,1,5,N,4,NA,NA,4,97,97,,,0,0,1,0,0,1,0,N,N,N,N,N,N,N,9/24/2013,7:46 PM,227,22,N,N,NA,NA,19,NA,,1,NA,,FARWEST BLVD,BLVD,N,N,35,N,N,,Y,19,NA,,1,,,EDGEFIELD DR,DR,NA,NA,,,,NA,11,4,2,NA,2,1,11,5:46 PM,DISPATCH,7:57 PM,9/24/2013,Y,74,1061,10,14,8,5,1,3,64,54,1,5,1,21,21,227,22,30.35799462,-97.76286856,,NA,NA,NA,FAR WEST BLVD,3979,NA,NA,NA,NA,NA,,NA,NA,UNKNOWN,NA,NA,NA,NA,Y,N,N,3,9,Y,TUE,NA,NA,NA,NA,NA,NA,NA,NA,NA,NA,NA,NA,NA,NA,NA,NA,NA,NA,NA,NA,NA,NA,NA,NA,NA,NA,NA,NA,NA,NA,NA,NA,NA,NA,NA,NA,NA,NA,NA,NA,NA,NA,NA,NA,NA,NA,NA,NA,NA,NA,NA,NA,NA,NA,NA,0,0,1,1,0,1,0,90,136167222,1361672221
AUS_1362218121,853,366,48,453,604,2,4.85E+11,1500US484530006042,Block Group 2,G5030,S,189019,0,30.2849961,-97.7433474,13622181,AUS_13622181,30.28771182,-97.74189645,2,1,3,16,2,22,1,1,4,11,1,4,N,4,NA,NA,4,97,97,,,0,1,0,0,0,1,0,N,N,N,N,N,N,N,9/25/2013,7:57 AM,227,22,N,Y,NA,NA,19,NA,,1,400,,BLK W 24TH,,N,N,30,N,N,24TH / SAN ANTONIO,N,19,NA,,NA,,,GUADALUPE,,NA,NA,,,,NA,11,1,3,NA,1,1,11,7:57 AM,DISPATCH,8:01 AM,9/25/2013,Y,74,1061,10,14,8,5,4,1,64,21,1,5,1,21,21,227,22,30.28771182,-97.74189645,,NA,NA,NA,W 24TH ST,431,NA,NA,NA,NA,NA,,NA,NA,N/A,NA,NA,NA,NA,Y,N,N,2,9,Y,WED,NA,NA,NA,NA,NA,NA,NA,NA,NA,NA,NA,NA,NA,NA,NA,NA,NA,NA,NA,NA,NA,NA,NA,NA,NA,NA,NA,NA,NA,NA,NA,NA,NA,NA,NA,NA,NA,NA,NA,NA,NA,NA,NA,NA,NA,NA,NA,NA,NA,NA,NA,NA,NA,NA,NA,0,1,0,1,0,1,0,90,136221812,1362218121
AUS_1362218521,809,67,48,453,700,1,4.85E+11,1500US484530007001,Block Group 1,G5030,S,1615130,0,30.2777004,-97.7411232,13622185,AUS_13622185,30.28208,-97.74319,2,1,3,16,3,27,1,1,4,11,1,97,N,4,NA,NA,4,97,97,,,0,0,1,0,0,1,0,N,N,N,N,N,N,N,9/25/2013,3:01 PM,227,22,N,Y,NA,NA,19,NA,,1,NA,,SAN ANTONIO ST,ST,N,N,-1,N,N,,Y,19,NA,,1,,W,MLK JR BLVD,BLVD,NA,NA,,,,NA,11,1,3,NA,1,1,1,3:01 PM,DISPATCH,3:10 PM,9/25/2013,Y,74,1061,10,14,8,5,1,3,64,3,1,5,1,21,21,227,22,30.28208,-97.74319,,NA,NA,NA,SAN ANTONIO ST,1901,NA,NA,NA,NA,NA,,NA,NA,UNKNOWN,NA,NA,NA,NA,Y,N,N,3,9,Y,WED,NA,NA,NA,NA,NA,NA,NA,NA,NA,NA,NA,NA,NA,NA,NA,NA,NA,NA,NA,NA,NA,NA,NA,NA,NA,NA,NA,NA,NA,NA,NA,NA,NA,NA,NA,NA,NA,NA,NA,NA,NA,NA,NA,NA,NA,NA,NA,NA,NA,NA,NA,NA,NA,NA,NA,0,0,1,2,0,1,0,90,136221852,1362218521
AUS_1362922121,404,290,48,453,1000,2,4.85E+11,1500US484530010002,Block Group 2,G5030,S,234742,0,30.2564141,-97.7280837,13629221,AUS_13629221,30.25711,-97.72462,2,1,3,16,2,28,1,1,4,11,1,4,N,4,NA,NA,4,97,97,,,0,1,0,0,0,1,0,N,N,N,N,N,N,N,9/27/2013,11:13 PM,227,22,N,N,NA,NA,19,NA,,1,NA,E,CESAR CHAVEZ,RD,N,N,-1,N,N,,Y,19,NA,,1,,,CHICON,ST,NA,NA,,,,NA,11,4,4,NA,3,1,5,11:13 PM,DISPATCH,11:17 PM,9/27/2013,Y,74,NA,34,48,8,5,1,2,64,54,1,5,1,21,21,227,22,30.25711,-97.72462,,NA,NA,NA,E CESAR CHAVEZ ST,1898,NA,NA,NA,NA,NA,,NA,NA,CHICON ST,NA,NA,NA,NA,Y,N,N,2,9,Y,FRI,NA,NA,NA,NA,NA,NA,NA,NA,NA,NA,NA,NA,NA,NA,NA,NA,NA,NA,NA,NA,NA,NA,NA,NA,NA,NA,NA,NA,NA,NA,NA,NA,NA,NA,NA,NA,NA,NA,NA,NA,NA,NA,NA,NA,NA,NA,NA,NA,NA,NA,NA,NA,NA,NA,NA,0,1,0,0,1,1,0,90,136292212,1362922121
AUS_1363740721,597,448,48,453,802,3,4.85E+11,1500US484530008023,Block Group 3,G5030,S,830366,0,30.2700814,-97.7111778,13637407,AUS_13637407,30.26659,-97.71145,2,1,3,16,2,12,2,1,4,11,1,4,N,4,NA,NA,4,97,97,,,0,1,0,0,0,1,0,N,N,N,N,N,N,N,9/29/2013,6:18 PM,227,22,N,N,NA,NA,19,NA,,1,903,,WALTER ST,ST,N,N,-1,N,N,,Y,19,NA,,1,,,NILE ST,ST,NA,NA,,,,NA,11,1,2,NA,1,1,8,6:18 PM,DISPATCH,6:19 PM,9/29/2013,Y,74,NA,34,48,8,5,1,1,64,28,1,5,1,21,21,227,22,30.26659,-97.71145,,NA,NA,NA,WALTER ST,903,NA,NA,NA,NA,NA,,NA,NA,UNKNOWN,NA,NA,NA,NA,Y,N,N,2,9,Y,SUN,NA,NA,NA,NA,NA,NA,NA,NA,NA,NA,NA,NA,NA,NA,NA,NA,NA,NA,NA,NA,NA,NA,NA,NA,NA,NA,NA,NA,NA,NA,NA,NA,NA,NA,NA,NA,NA,NA,NA,NA,NA,NA,NA,NA,NA,NA,NA,NA,NA,NA,NA,NA,NA,NA,NA,0,1,0,1,0,1,0,90,136374072,1363740721
AUS_1363741121,368,450,48,453,1305,1,4.85E+11,1500US484530013051,Block Group 1,G5030,S,1106325,65346,30.2582419,-97.7524205,13637411,AUS_13637411,30.25261139,-97.75368516,2,1,3,16,3,22,1,2,4,11,1,3,N,4,NA,NA,4,97,97,,,0,0,1,0,0,1,0,N,N,N,N,N,N,N,9/29/2013,9:28 PM,227,22,N,N,NA,NA,19,NA,,1,1100,NW,1100 S 1ST STREET,ST,N,N,35,N,N,1100 S. 1ST STREET,Y,19,NA,,1,,NW,1100 S 1ST STREET,ST,NA,NA,,,,NA,11,4,98,NA,1,1,11,9:28 PM,DISPATCH,9:33 PM,9/29/2013,N,74,1043,93,112,8,5,2,1,64,54,1,5,1,21,21,227,22,30.25261139,-97.75368516,,NA,NA,NA,S 1ST ST,1184,NA,NA,NA,NA,NA,,NA,NA,UNKNOWN,NA,NA,NA,NA,Y,N,N,3,9,Y,SUN,NA,NA,NA,NA,NA,NA,NA,NA,NA,NA,NA,NA,NA,NA,NA,NA,NA,NA,NA,NA,NA,NA,NA,NA,NA,NA,NA,NA,NA,NA,NA,NA,NA,NA,NA,NA,NA,NA,NA,NA,NA,NA,NA,NA,NA,NA,NA,NA,NA,NA,NA,NA,NA,NA,NA,0,0,2,0,1,2,0,90,136374112,1363741121