Crash_UP_ID,FID,FID_Austin,STATEFP,COUNTYFP,TRACTCE,BLKGRPCE,GEOID1,GEOID,NAMELSAD,MTFCC,FUNCSTAT,ALAND,AWATER,INTPTLAT,INTPTLON,CrashID,CrashID1,Latitude,Longitude,Unit_Nbr,Prsn_Nbr,Prsn_Type_ID,Prsn_Occpnt_Pos_ID,Prsn_Injry_Sev_ID,Prsn_Age,Prsn_Ethnicity_ID,Prsn_Gndr_ID,Prsn_Ejct_ID,Prsn_Rest_ID,Prsn_Airbag_ID,Prsn_Helmet_ID,Prsn_Sol_Fl,Prsn_Alc_Spec_Type_ID,Prsn_Alc_Rslt_ID,Prsn_Bac_Test_Rslt,Prsn_Drg_Spec_Type_ID,Prsn_Drg_Rslt_ID,Drvr_Drg_Cat_1_ID,Prsn_Death_Date,Prsn_Death_Time,Incap_Injry_Cnt.x,Nonincap_Injry_Cnt.x,Poss_Injry_Cnt.x,Non_Injry_Cnt.x,Unkn_Injry_Cnt.x,Tot_Injry_Cnt.x,Death_Cnt.x,Crash_Fatal_Fl,Cmv_Involv_Fl,Schl_Bus_Fl,Rr_Relat_Fl,Medical_Advisory_Fl,Amend_Supp_Fl,Active_School_Zone_Fl,Crash_Date,Crash_Time,Rpt_CRIS_Cnty_ID,Rpt_City_ID,Rpt_Outside_City_Limit_Fl,Thousand_Damage_Fl,Rpt_Latitude,Rpt_Longitude,Rpt_Rdwy_Sys_ID,Rpt_Hwy_Num,Rpt_Hwy_Sfx,Rpt_Road_Part_ID,Rpt_Block_Num,Rpt_Street_Pfx,Rpt_Street_Name,Rpt_Street_Sfx,Private_Dr_Fl,Toll_Road_Fl,Crash_Speed_Limit,Road_Constr_Zone_Fl,Road_Constr_Zone_Wrkr_Fl,Rpt_Street_Desc,At_Intrsct_Fl,Rpt_Sec_Rdwy_Sys_ID,Rpt_Sec_Hwy_Num,Rpt_Sec_Hwy_Sfx,Rpt_Sec_Road_Part_ID,Rpt_Sec_Block_Num,Rpt_Sec_Street_Pfx,Rpt_Sec_Street_Name,Rpt_Sec_Street_Sfx,Rpt_Ref_Mark_Offset_Amt,Rpt_Ref_Mark_Dist_Uom,Rpt_Ref_Mark_Dir,Rpt_Ref_Mark_Nbr,Rpt_Sec_Street_Desc,Rpt_CrossingNumber,Wthr_Cond_ID,Light_Cond_ID,Entr_Road_ID,Road_Type_ID,Road_Algn_ID,Surf_Cond_ID,Traffic_Cntl_ID,Investigat_Notify_Time,Investigat_Notify_Meth,Investigat_Arrv_Time,Report_Date,Investigat_Comp_Fl,Investigat_Agency_ID,Investigat_Area_ID,Investigat_District_ID,Investigat_Region_ID,Bridge_Detail_ID,Harm_Evnt_ID,Intrsct_Relat_ID,FHE_Collsn_ID,Obj_Struck_ID,Othr_Factr_ID,Road_Part_Adj_ID,Road_Cls_ID,Road_Relat_ID,Phys_Featr_1_ID,Phys_Featr_2_ID,Cnty_ID,City_ID,Latitude.1,Longitude.1,Hwy_Sys,Hwy_Nbr,Hwy_Sfx,Dfo,Street_Name,Street_Nbr,Control,Section,Milepoint,Ref_Mark_Nbr,Ref_Mark_Displ,Hwy_Sys_2,Hwy_Nbr_2,Hwy_Sfx_2,Street_Name_2,Street_Nbr_2,Control_2,Section_2,Milepoint_2,Txdot_Rptable_Fl,Onsys_Fl,Rural_Fl,Crash_Sev_ID,Pop_Group_ID,Located_Fl,Day_of_Week,Hwy_Dsgn_Lane_ID,Hwy_Dsgn_Hrt_ID,Hp_Shldr_Left,Hp_Shldr_Right,Hp_Median_Width,Base_Type_ID,Nbr_Of_Lane,Row_Width_Usual,Roadbed_Width,Surf_Width,Surf_Type_ID,Curb_Type_Left_ID,Curb_Type_Right_ID,Shldr_Type_Left_ID,Shldr_Width_Left,Shldr_Use_Left_ID,Shldr_Type_Right_ID,Shldr_Width_Right,Shldr_Use_Right_ID,Median_Type_ID,Median_Width,Rural_Urban_Type_ID,Func_Sys_ID,Adt_Curnt_Amt,Adt_Curnt_Year,Adt_Adj_Curnt_Amt,Pct_Single_Trk_Adt,Pct_Combo_Trk_Adt,Trk_Aadt_Pct,Curve_Type_ID,Curve_Lngth,Cd_Degr,Delta_Left_Right_ID,Dd_Degr,Feature_Crossed,Structure_Number,I_R_Min_Vert_Clear,Approach_Width,Bridge_Median_ID,Bridge_Loading_Type_ID,Bridge_Loading_In_1000_Lbs,Bridge_Srvc_Type_On_ID,Bridge_Srvc_Type_Under_ID,Culvert_Type_ID,Roadway_Width,Deck_Width,Bridge_Dir_Of_Traffic_ID,Bridge_Rte_Struct_Func_ID,Bridge_IR_Struct_Func_ID,CrossingNumber,RRCo,Poscrossing_ID,WDCode_ID,Standstop,Yield,Incap_Injry_Cnt.y,Nonincap_Injry_Cnt.y,Poss_Injry_Cnt.y,Non_Injry_Cnt.y,Unkn_Injry_Cnt.y,Tot_Injry_Cnt.y,Death_Cnt.y,MPO_ID,Unit_ID,Unit_Prsn_ID
AUS_1365814421,986,2,48,453,204,1,4.85E+11,1500US484530002041,Block Group 1,G5030,S,514125,0,30.3003058,-97.7429373,13658144,AUS_13658144,30.30198,-97.73866,2,1,3,16,2,29,1,2,4,11,1,4,N,4,NA,NA,4,97,97,,,0,1,0,0,0,1,0,N,N,N,N,N,N,N,11/1/2013,3:15 PM,227,22,N,N,NA,NA,19,NA,,1,NA,,GUADALUPE,ST,N,N,0,N,N,,Y,19,NA,,NA,,,WEST 37TH,ST,NA,NA,,,,NA,11,1,4,NA,1,1,20,3:15 PM,DISPATCHED,3:22 PM,11/1/2013,Y,74,17,120,14,8,5,1,3,64,54,1,5,1,21,21,227,22,30.30198,-97.73866,,NA,NA,NA,GUADALUPE ST,3701,NA,NA,NA,NA,NA,,NA,NA,W 37TH ST,NA,NA,NA,NA,Y,N,N,2,9,Y,FRI,NA,NA,NA,NA,NA,NA,NA,NA,NA,NA,NA,NA,NA,NA,NA,NA,NA,NA,NA,NA,NA,NA,NA,NA,NA,NA,NA,NA,NA,NA,NA,NA,NA,NA,NA,NA,NA,NA,NA,NA,NA,NA,NA,NA,NA,NA,NA,NA,NA,NA,NA,NA,NA,NA,NA,0,1,0,2,0,1,0,90,136581442,1365814421
AUS_1365822621,143,486,48,453,2403,1,4.85E+11,1500US484530024031,Block Group 1,G5030,S,1971214,0,30.2141453,-97.7608437,13658226,AUS_13658226,30.22102546,-97.76040572,2,1,3,16,3,31,1,1,4,11,1,97,N,4,NA,NA,4,97,97,,,0,0,1,0,0,1,0,N,N,N,N,N,N,N,10/24/2013,1:33 PM,227,22,N,N,NA,NA,2,290,E,2,500,,NOT REPORTED,BLVD,N,N,40,N,N,,N,19,NA,,NA,,S,CONGRESS AVE,AVE,NA,NA,,,,NA,11,1,0,2,1,1,17,1:33 PM,ON SIGHT,1:33 PM,10/24/2013,Y,74,1043,93,112,8,5,3,1,64,14,2,2,2,32,21,227,22,30.22102546,-97.76040572,US,290,NA,116.558,US0290,NA,113,13,2.723,578,-0.473,,NA,NA,N/A,NA,NA,NA,NA,Y,Y,N,3,9,Y,THU,5,0,10,10,62,9,6,380,112,72,5,0,2,2,20,5,2,20,5,3,42,4,12,131990,2012,131990,1.9,2.6,4.5,1,171,1,1,9,NA,NA,NA,NA,NA,NA,NA,NA,NA,NA,NA,NA,NA,NA,NA,NA,NA,NA,NA,NA,NA,0,0,1,1,0,1,0,90,136582262,1365822621
AUS_1366093621,1229,261,48,453,1705,2,4.85E+11,1500US484530017052,Block Group 2,G5030,S,591245,0,30.3651763,-97.7659867,13660936,AUS_13660936,30.36119705,-97.76571555,2,1,3,16,2,15,1,1,4,11,1,4,N,4,NA,NA,4,97,97,,,0,1,0,0,0,1,0,N,N,N,N,N,N,N,1/6/2014,6:11 PM,227,22,N,N,NA,NA,19,NA,,1,NA,,CIRCLE TREE LOOP,LOOP,N,N,-1,N,N,,Y,19,NA,,1,,,MESA DR,DR,NA,NA,,,,NA,11,4,2,NA,1,1,20,6:12 PM,DISPATCH,6:17 PM,1/6/2014,Y,74,NA,46,64,8,5,1,1,64,3,1,5,1,21,21,227,22,30.36119705,-97.76571555,,NA,NA,NA,CIRCLETREE LOOP,4197,NA,NA,NA,NA,NA,,NA,NA,UNKNOWN,NA,NA,NA,NA,Y,N,N,2,9,Y,MON,NA,NA,NA,NA,NA,NA,NA,NA,NA,NA,NA,NA,NA,NA,NA,NA,NA,NA,NA,NA,NA,NA,NA,NA,NA,NA,NA,NA,NA,NA,NA,NA,NA,NA,NA,NA,NA,NA,NA,NA,NA,NA,NA,NA,NA,NA,NA,NA,NA,NA,NA,NA,NA,NA,NA,0,1,0,2,0,1,0,90,136609362,1366093621
AUS_1366317921,885,365,48,453,603,4,4.85E+11,1500US484530006034,Block Group 4,G5030,S,91890,0,30.2891904,-97.7429845,13663179,AUS_13663179,30.28979,-97.74141,2,1,3,16,3,20,2,2,4,11,1,4,N,4,NA,NA,4,97,97,,,0,0,1,0,0,1,0,N,N,N,N,N,N,N,10/21/2013,4:33 PM,227,22,N,N,NA,NA,19,NA,,1,7600,,GUADALUPE,ST,N,N,45,N,N,,Y,19,NA,,NA,,,26TH,ST,NA,NA,,,,NA,11,1,2,NA,1,1,5,4:33 PM,DISPATCH,4:35 PM,10/21/2013,Y,74,22,219,292,8,5,1,3,64,54,1,5,1,21,21,227,22,30.28979,-97.74141,,NA,NA,NA,GUADALUPE ST,2525,NA,NA,NA,NA,NA,,NA,NA,W 26TH ST,NA,NA,NA,NA,Y,N,N,3,9,Y,MON,NA,NA,NA,NA,NA,NA,NA,NA,NA,NA,NA,NA,NA,NA,NA,NA,NA,NA,NA,NA,NA,NA,NA,NA,NA,NA,NA,NA,NA,NA,NA,NA,NA,NA,NA,NA,NA,NA,NA,NA,NA,NA,NA,NA,NA,NA,NA,NA,NA,NA,NA,NA,NA,NA,NA,0,0,1,1,0,1,0,90,136631792,1366317921
AUS_1366402331,1373,526,48,453,2500,2,4.85E+11,1500US484530025002,Block Group 2,G5030,S,1263438,0,30.4211711,-97.7536436,13664023,AUS_13664023,30.42499593,-97.75745832,3,1,3,16,2,32,1,1,4,11,1,97,N,4,NA,NA,4,97,97,,,0,1,0,0,0,1,0,N,Y,N,N,N,N,N,1/16/2014,7:04 AM,227,22,N,N,NA,NA,19,NA,,1,11900,,JOLLIVILLE,RD,N,N,45,N,N,,N,19,NA,,NA,11800,,PAVILION,BLVD,NA,NA,,,,NA,11,3,0,NA,1,1,16,7:05 AM,DISPATCH,7:06 AM,1/16/2014,N,74,NA,46,64,8,5,3,3,64,13,1,5,1,32,21,227,22,30.42499593,-97.75745832,,NA,NA,NA,JOLLYVILLE RD,11918,NA,NA,NA,NA,NA,,NA,NA,N/A,NA,NA,NA,NA,Y,N,N,2,9,Y,THU,NA,NA,NA,NA,NA,NA,NA,NA,NA,NA,NA,NA,NA,NA,NA,NA,NA,NA,NA,NA,NA,NA,NA,NA,NA,NA,NA,NA,NA,NA,NA,NA,NA,NA,NA,NA,NA,NA,NA,NA,NA,NA,NA,NA,NA,NA,NA,NA,NA,NA,NA,NA,NA,NA,NA,0,1,0,1,0,1,0,90,136640233,1366402331
AUS_1366439821,1125,43,48,453,1503,1,4.85E+11,1500US484530015031,Block Group 1,G5030,S,641563,0,30.3200143,-97.7196087,13664398,AUS_13664398,30.32464005,-97.72716527,2,1,3,16,2,NA,1,2,4,11,1,4,N,4,NA,NA,4,97,97,,,0,1,0,0,0,1,0,N,N,N,N,N,N,N,1/12/2014,8:50 AM,227,22,N,N,NA,NA,19,NA,,1,5500,N,LAMAR,BLVD,N,N,45,N,N,,N,19,NA,,NA,,W,KOENIG,LN,NA,NA,,,,NA,11,1,0,NA,8,1,20,8:50 AM,DISPATCH,8:50 AM,1/12/2014,Y,74,NA,121,95,8,5,4,1,64,54,1,2,1,21,21,227,22,30.32464005,-97.72716527,,NA,NA,NA,N LAMAR BLVD,5610,NA,NA,NA,NA,NA,,NA,NA,N/A,NA,NA,NA,NA,Y,N,N,2,9,Y,SUN,NA,NA,NA,NA,NA,NA,NA,NA,NA,NA,NA,NA,NA,NA,NA,NA,NA,NA,NA,NA,NA,NA,NA,NA,NA,NA,NA,NA,NA,NA,NA,NA,NA,NA,NA,NA,NA,NA,NA,NA,NA,NA,NA,NA,NA,NA,NA,NA,NA,NA,NA,NA,NA,NA,NA,0,1,0,3,0,1,0,90,136643982,1366439821
AUS_1366801521,79,169,48,453,1728,2,4.85E+11,1500US484530017282,Block Group 2,G5030,S,595510,0,30.1995062,-97.8114833,13668015,AUS_13668015,30.20292524,-97.80751524,2,1,3,16,2,30,3,1,4,11,1,5,N,4,NA,NA,4,97,97,,,0,1,0,0,0,1,0,N,N,N,N,N,N,N,1/8/2014,5:50 PM,227,22,N,N,NA,NA,19,NA,,1,2000,W,WILLIAM CANNON,DR,N,N,35,N,N,,N,19,NA,,NA,,,MANCHACA,RD,NA,NA,,,,NA,2,5,0,NA,1,2,1,5:43 PM,DISPATCH,6:00 PM,1/8/2014,Y,74,1042,99,130,8,5,3,2,64,13,1,5,1,32,21,227,22,30.20292524,-97.80751524,,NA,NA,NA,W WILLIAM CANNON DR,NA,NA,NA,NA,NA,NA,,NA,NA,N/A,NA,NA,NA,NA,Y,N,N,2,9,Y,WED,NA,NA,NA,NA,NA,NA,NA,NA,NA,NA,NA,NA,NA,NA,NA,NA,NA,NA,NA,NA,NA,NA,NA,NA,NA,NA,NA,NA,NA,NA,NA,NA,NA,NA,NA,NA,NA,NA,NA,NA,NA,NA,NA,NA,NA,NA,NA,NA,NA,NA,NA,NA,NA,NA,NA,0,1,0,1,0,1,0,90,136680152,1366801521
AUS_1367024021,832,366,48,453,604,2,4.85E+11,1500US484530006042,Block Group 2,G5030,S,189019,0,30.2849961,-97.7433474,13670240,AUS_13670240,30.28521,-97.74493,2,1,3,16,2,23,1,2,4,11,1,97,N,4,NA,NA,4,97,97,,,0,1,0,0,0,1,0,N,N,N,N,N,N,N,1/15/2014,8:50 AM,227,22,N,N,NA,NA,19,NA,,1,NA,,RIO GRANDE,ST,N,N,30,N,N,,Y,19,NA,,1,,W,22ND,ST,NA,NA,,,,NA,11,1,4,NA,1,1,8,8:50 AM,DISPATCH,8:53 AM,1/15/2014,Y,74,1061,10,14,8,5,1,3,64,54,1,5,1,21,21,227,22,30.28521,-97.74493,,NA,NA,NA,RIO GRANDE ST,2201,NA,NA,NA,NA,NA,,NA,NA,W 22ND ST,NA,NA,NA,NA,Y,N,N,2,9,Y,WED,NA,NA,NA,NA,NA,NA,NA,NA,NA,NA,NA,NA,NA,NA,NA,NA,NA,NA,NA,NA,NA,NA,NA,NA,NA,NA,NA,NA,NA,NA,NA,NA,NA,NA,NA,NA,NA,NA,NA,NA,NA,NA,NA,NA,NA,NA,NA,NA,NA,NA,NA,NA,NA,NA,NA,0,1,0,1,0,1,0,90,136702402,1367024021
AUS_1367029521,1155,13,48,453,1503,3,4.85E+11,1500US484530015033,Block Group 3,G5030,S,1163063,0,30.3278302,-97.719638,13670295,AUS_13670295,30.33038948,-97.71563036,2,1,3,16,2,57,3,1,4,11,1,4,N,4,NA,NA,4,97,97,,,0,1,0,0,0,1,0,N,N,N,N,N,N,N,1/17/2014,5:35 PM,227,22,N,N,NA,NA,19,NA,,1,NA,,AIRPORT BLVD,BLVD,N,N,40,N,N,,Y,19,NA,,1,,W,W HUNTLAND DR,DR,NA,NA,,,,NA,11,1,0,NA,1,1,8,5:35 PM,DISPATCH,5:39 PM,1/17/2014,Y,74,NA,121,95,8,5,2,1,64,54,1,5,1,21,21,227,22,30.33038948,-97.71563036,,NA,NA,NA,AIRPORT BLVD,6601,NA,NA,NA,NA,NA,,NA,NA,UNKNOWN,NA,NA,NA,NA,Y,N,N,2,9,Y,FRI,NA,NA,NA,NA,NA,NA,NA,NA,NA,NA,NA,NA,NA,NA,NA,NA,NA,NA,NA,NA,NA,NA,NA,NA,NA,NA,NA,NA,NA,NA,NA,NA,NA,NA,NA,NA,NA,NA,NA,NA,NA,NA,NA,NA,NA,NA,NA,NA,NA,NA,NA,NA,NA,NA,NA,0,1,0,1,0,1,0,90,136702952,1367029521
AUS_1367337321,845,444,48,453,601,2,4.85E+11,1500US484530006012,Block Group 2,G5030,S,916303,0,30.2860516,-97.7376998,13673373,AUS_13673373,30.28687003,-97.74163632,2,1,3,16,2,29,1,2,4,11,1,5,N,4,NA,NA,4,97,97,,,0,1,0,0,0,1,0,N,N,N,N,N,N,N,1/21/2014,5:45 PM,227,22,N,N,NA,NA,19,NA,,1,2300,,GUADALUPE ST,ST,N,N,-1,N,N,,N,19,NA,,NA,,W,24TH ST,ST,NA,NA,,,,NA,11,1,0,NA,1,1,16,5:46 PM,DISPATCH,5:58 PM,1/21/2014,Y,74,1061,10,14,8,5,4,1,64,54,1,5,2,21,21,227,22,30.28687003,-97.74163632,,NA,NA,NA,GUADALUPE ST,2335,NA,NA,NA,NA,NA,,NA,NA,N/A,NA,NA,NA,NA,Y,N,N,2,9,Y,TUE,NA,NA,NA,NA,NA,NA,NA,NA,NA,NA,NA,NA,NA,NA,NA,NA,NA,NA,NA,NA,NA,NA,NA,NA,NA,NA,NA,NA,NA,NA,NA,NA,NA,NA,NA,NA,NA,NA,NA,NA,NA,NA,NA,NA,NA,NA,NA,NA,NA,NA,NA,NA,NA,NA,NA,0,1,0,1,0,1,0,90,136733732,1367337321
AUS_1368144321,81,485,48,453,2402,4,4.85E+11,1500US484530024024,Block Group 4,G5030,S,1756137,0,30.1993255,-97.7710959,13681443,AUS_13681443,30.20326662,-97.77535343,2,1,3,16,5,44,2,1,4,11,1,97,N,4,NA,NA,4,97,97,,,0,0,0,1,0,0,0,N,N,N,N,N,N,N,1/31/2014,10:23 PM,227,22,N,Y,NA,NA,19,NA,,1,5800,S,CONGRESS,AVE,N,N,40,N,N,ROADWAY,N,19,NA,,NA,100,,AINESWORTH,ST,NA,NA,,,,NA,11,4,0,NA,1,1,11,10:23 PM,DISPATCH,10:25 PM,1/31/2014,N,74,1042,99,130,8,5,2,1,64,54,1,5,1,21,21,227,22,30.20326662,-97.77535343,,NA,NA,NA,S CONGRESS AVE,5714,NA,NA,NA,NA,NA,,NA,NA,AINSWORTH ST,NA,NA,NA,NA,Y,N,N,5,9,Y,FRI,NA,NA,NA,NA,NA,NA,NA,NA,NA,NA,NA,NA,NA,NA,NA,NA,NA,NA,NA,NA,NA,NA,NA,NA,NA,NA,NA,NA,NA,NA,NA,NA,NA,NA,NA,NA,NA,NA,NA,NA,NA,NA,NA,NA,NA,NA,NA,NA,NA,NA,NA,NA,NA,NA,NA,0,0,0,4,0,0,0,90,136814432,1368144321
AUS_1368555121,1190,190,48,453,1718,1,4.85E+11,1500US484530017181,Block Group 1,G5030,S,794429,0,30.3480578,-97.753541,13685551,AUS_13685551,30.3476,-97.75094,2,1,3,16,2,57,1,1,4,11,1,5,N,4,NA,NA,4,97,97,,,0,1,0,0,0,1,0,N,N,N,N,N,N,N,1/25/2014,1:09 PM,227,22,N,N,NA,NA,19,NA,,1,NA,,NORTH HILLS,DR,N,N,-1,N,N,,Y,19,NA,,1,,,BALCONES,DR,NA,NA,,,,NA,11,1,2,NA,5,1,9,1:09 PM,DISPATCH,1:30 PM,1/25/2014,Y,74,1061,10,14,8,5,2,1,64,3,1,5,1,21,21,227,22,30.3476,-97.75094,,NA,NA,NA,N HILLS DR,NA,NA,NA,NA,NA,NA,,NA,NA,BALCONES DR,NA,NA,NA,NA,Y,N,N,2,9,Y,SAT,NA,NA,NA,NA,NA,NA,NA,NA,NA,NA,NA,NA,NA,NA,NA,NA,NA,NA,NA,NA,NA,NA,NA,NA,NA,NA,NA,NA,NA,NA,NA,NA,NA,NA,NA,NA,NA,NA,NA,NA,NA,NA,NA,NA,NA,NA,NA,NA,NA,NA,NA,NA,NA,NA,NA,0,1,0,1,0,1,0,90,136855512,1368555121
AUS_1369031121,841,359,48,453,402,1,4.85E+11,1500US484530004021,Block Group 1,G5030,S,496682,0,30.2876981,-97.7122017,13690311,AUS_13690311,30.28628,-97.70638,2,1,3,16,2,NA,1,1,4,11,1,5,N,4,NA,NA,4,97,97,,,0,1,0,0,0,1,0,N,N,N,N,N,N,N,2/2/2014,12:52 AM,227,22,N,Y,NA,NA,19,NA,,1,2900,,MANOR,RD,N,N,-1,N,N,,Y,19,NA,,1,2200,,AIRPORT,BLVD,NA,NA,,,,NA,2,4,4,NA,1,2,5,12:52 AM,DISPATCH,12:57 AM,2/2/2014,Y,74,NA,34,48,8,5,1,1,64,54,1,5,1,21,21,227,22,30.28628,-97.70638,,NA,NA,NA,MANOR RD,3101,NA,NA,NA,NA,NA,,NA,NA,AIRPORT BLVD,NA,NA,NA,NA,Y,N,N,2,9,Y,SUN,NA,NA,NA,NA,NA,NA,NA,NA,NA,NA,NA,NA,NA,NA,NA,NA,NA,NA,NA,NA,NA,NA,NA,NA,NA,NA,NA,NA,NA,NA,NA,NA,NA,NA,NA,NA,NA,NA,NA,NA,NA,NA,NA,NA,NA,NA,NA,NA,NA,NA,NA,NA,NA,NA,NA,0,2,0,2,0,2,0,90,136903112,1369031121
AUS_1369297621,251,482,48,453,2316,1,4.85E+11,1500US484530023161,Block Group 1,G5030,S,321567,0,30.2390879,-97.7290549,13692976,AUS_13692976,30.23766,-97.72574,2,1,3,16,2,52,2,1,4,11,1,97,N,4,NA,NA,4,97,97,,,0,1,0,0,0,1,0,N,N,N,N,N,N,N,2/4/2014,4:34 PM,227,22,N,N,NA,NA,19,NA,,1,NA,E,RIVERSIDE,DR,N,N,35,N,N,,Y,19,NA,,1,,,WILLOW CREEK,DR,NA,NA,,,,NA,11,1,2,NA,1,1,5,4:34 PM,DISPATCH,4:36 PM,2/4/2014,Y,74,1045,98,129,8,5,1,3,64,54,1,5,1,21,21,227,22,30.23766,-97.72574,,NA,NA,NA,E RIVERSIDE DR,NA,NA,NA,NA,NA,NA,,NA,NA,WILLOW CREEK DR,NA,NA,NA,NA,Y,N,N,2,9,Y,TUE,NA,NA,NA,NA,NA,NA,NA,NA,NA,NA,NA,NA,NA,NA,NA,NA,NA,NA,NA,NA,NA,NA,NA,NA,NA,NA,NA,NA,NA,NA,NA,NA,NA,NA,NA,NA,NA,NA,NA,NA,NA,NA,NA,NA,NA,NA,NA,NA,NA,NA,NA,NA,NA,NA,NA,0,1,0,0,4,1,0,90,136929762,1369297621
AUS_1369620821,440,450,48,453,1305,1,4.85E+11,1500US484530013051,Block Group 1,G5030,S,1106325,65346,30.2582419,-97.7524205,13696208,AUS_13696208,30.25940781,-97.75306636,2,1,3,16,2,43,1,1,4,11,1,4,N,4,NA,NA,4,97,97,,,0,1,0,0,0,1,0,N,N,N,N,N,N,N,2/1/2014,1:43 PM,227,22,N,N,NA,NA,19,NA,,1,800,,BARTON SPRINGS RD,,N,N,35,N,N,,N,19,NA,,NA,,S,1ST ST,,NA,NA,,,,NA,12,1,98,NA,1,1,16,1:43 PM,DISPATCH,1:45 PM,2/1/2014,Y,74,1043,93,112,8,5,3,1,64,14,1,5,2,32,21,227,22,30.25940781,-97.75306636,,NA,NA,NA,BARTON SPRINGS RD,842,NA,NA,NA,NA,NA,,NA,NA,N/A,NA,NA,NA,NA,Y,N,N,2,9,Y,SAT,NA,NA,NA,NA,NA,NA,NA,NA,NA,NA,NA,NA,NA,NA,NA,NA,NA,NA,NA,NA,NA,NA,NA,NA,NA,NA,NA,NA,NA,NA,NA,NA,NA,NA,NA,NA,NA,NA,NA,NA,NA,NA,NA,NA,NA,NA,NA,NA,NA,NA,NA,NA,NA,NA,NA,0,1,0,1,0,1,0,90,136962082,1369620821
AUS_1369899921,879,444,48,453,601,2,4.85E+11,1500US484530006012,Block Group 2,G5030,S,916303,0,30.2860516,-97.7376998,13698999,AUS_13698999,30.28949,-97.73679,2,1,3,16,3,20,4,2,4,11,1,97,N,4,NA,NA,4,97,97,,,0,0,1,0,0,1,0,N,N,N,N,N,N,N,2/8/2014,10:20 AM,227,22,N,N,NA,NA,19,NA,,1,200,E,E DEAN KEETON ST,ST,N,N,-1,N,N,,Y,19,NA,,1,,,SPEEDWAY,,NA,NA,,,,NA,11,1,3,NA,1,1,5,10:20 AM,DISPATCH,10:23 AM,2/8/2014,Y,74,1061,10,14,8,5,1,1,64,54,1,5,1,21,21,227,22,30.28949,-97.73679,,NA,NA,NA,E DEAN KEETON ST,198,NA,NA,NA,NA,NA,,NA,NA,UNKNOWN,NA,NA,NA,NA,Y,N,N,3,9,Y,SAT,NA,NA,NA,NA,NA,NA,NA,NA,NA,NA,NA,NA,NA,NA,NA,NA,NA,NA,NA,NA,NA,NA,NA,NA,NA,NA,NA,NA,NA,NA,NA,NA,NA,NA,NA,NA,NA,NA,NA,NA,NA,NA,NA,NA,NA,NA,NA,NA,NA,NA,NA,NA,NA,NA,NA,0,0,1,1,0,1,0,90,136989992,1369899921
AUS_1370709121,910,65,48,453,401,2,4.85E+11,1500US484530004012,Block Group 2,G5030,S,1342888,0,30.2880599,-97.7281679,13707091,AUS_13707091,30.29273411,-97.7258813,2,1,3,16,2,29,3,1,4,11,1,5,N,4,NA,NA,4,97,97,,,0,1,0,0,0,1,0,N,N,N,N,N,N,N,11/27/2013,6:55 PM,227,22,N,N,NA,NA,19,NA,,1,3300,,RED RIVER,ST,N,N,-1,N,N,,N,19,NA,,NA,,,DUNCAN LN,LN,NA,NA,,,,NA,11,4,2,NA,1,1,1,6:56 PM,DISPATCH,6:56 PM,11/27/2013,Y,74,1061,10,14,8,5,4,1,64,54,1,5,1,21,21,227,22,30.29273411,-97.7258813,,NA,NA,NA,RED RIVER ST,3402,NA,NA,NA,NA,NA,,NA,NA,N/A,NA,NA,NA,NA,Y,N,N,2,9,Y,WED,NA,NA,NA,NA,NA,NA,NA,NA,NA,NA,NA,NA,NA,NA,NA,NA,NA,NA,NA,NA,NA,NA,NA,NA,NA,NA,NA,NA,NA,NA,NA,NA,NA,NA,NA,NA,NA,NA,NA,NA,NA,NA,NA,NA,NA,NA,NA,NA,NA,NA,NA,NA,NA,NA,NA,0,1,0,1,0,1,0,90,137070912,1370709121
AUS_1370718021,1111,335,48,453,206,1,4.85E+11,1500US484530002061,Block Group 1,G5030,S,594006,0,30.3202718,-97.7435217,13707180,AUS_13707180,30.32199,-97.73934,2,1,3,16,2,28,1,1,4,11,1,4,N,4,NA,NA,4,97,97,,,0,1,0,0,0,1,0,N,N,N,N,N,N,N,2/12/2014,3:51 PM,227,22,N,N,NA,NA,19,NA,,1,NA,,HANCOCK DR,,N,N,35,N,N,,Y,19,NA,,1,,,BURNET RD,,NA,NA,,,,NA,11,1,2,NA,1,1,5,3:51 PM,DISPATCH,4:00 PM,2/12/2014,Y,74,1061,10,14,8,5,1,2,64,3,1,5,1,21,21,227,22,30.32199,-97.73934,,NA,NA,NA,HANCOCK DR,2100,NA,NA,NA,NA,NA,,NA,NA,BURNET RD,NA,NA,NA,NA,Y,N,N,2,9,Y,WED,NA,NA,NA,NA,NA,NA,NA,NA,NA,NA,NA,NA,NA,NA,NA,NA,NA,NA,NA,NA,NA,NA,NA,NA,NA,NA,NA,NA,NA,NA,NA,NA,NA,NA,NA,NA,NA,NA,NA,NA,NA,NA,NA,NA,NA,NA,NA,NA,NA,NA,NA,NA,NA,NA,NA,0,1,0,2,0,1,0,90,137071802,1370718021