Crash_UP_ID,FID,FID_Austin,STATEFP,COUNTYFP,TRACTCE,BLKGRPCE,GEOID1,GEOID,NAMELSAD,MTFCC,FUNCSTAT,ALAND,AWATER,INTPTLAT,INTPTLON,CrashID,CrashID1,Latitude,Longitude,Unit_Nbr,Prsn_Nbr,Prsn_Type_ID,Prsn_Occpnt_Pos_ID,Prsn_Injry_Sev_ID,Prsn_Age,Prsn_Ethnicity_ID,Prsn_Gndr_ID,Prsn_Ejct_ID,Prsn_Rest_ID,Prsn_Airbag_ID,Prsn_Helmet_ID,Prsn_Sol_Fl,Prsn_Alc_Spec_Type_ID,Prsn_Alc_Rslt_ID,Prsn_Bac_Test_Rslt,Prsn_Drg_Spec_Type_ID,Prsn_Drg_Rslt_ID,Drvr_Drg_Cat_1_ID,Prsn_Death_Date,Prsn_Death_Time,Incap_Injry_Cnt.x,Nonincap_Injry_Cnt.x,Poss_Injry_Cnt.x,Non_Injry_Cnt.x,Unkn_Injry_Cnt.x,Tot_Injry_Cnt.x,Death_Cnt.x,Crash_Fatal_Fl,Cmv_Involv_Fl,Schl_Bus_Fl,Rr_Relat_Fl,Medical_Advisory_Fl,Amend_Supp_Fl,Active_School_Zone_Fl,Crash_Date,Crash_Time,Rpt_CRIS_Cnty_ID,Rpt_City_ID,Rpt_Outside_City_Limit_Fl,Thousand_Damage_Fl,Rpt_Latitude,Rpt_Longitude,Rpt_Rdwy_Sys_ID,Rpt_Hwy_Num,Rpt_Hwy_Sfx,Rpt_Road_Part_ID,Rpt_Block_Num,Rpt_Street_Pfx,Rpt_Street_Name,Rpt_Street_Sfx,Private_Dr_Fl,Toll_Road_Fl,Crash_Speed_Limit,Road_Constr_Zone_Fl,Road_Constr_Zone_Wrkr_Fl,Rpt_Street_Desc,At_Intrsct_Fl,Rpt_Sec_Rdwy_Sys_ID,Rpt_Sec_Hwy_Num,Rpt_Sec_Hwy_Sfx,Rpt_Sec_Road_Part_ID,Rpt_Sec_Block_Num,Rpt_Sec_Street_Pfx,Rpt_Sec_Street_Name,Rpt_Sec_Street_Sfx,Rpt_Ref_Mark_Offset_Amt,Rpt_Ref_Mark_Dist_Uom,Rpt_Ref_Mark_Dir,Rpt_Ref_Mark_Nbr,Rpt_Sec_Street_Desc,Rpt_CrossingNumber,Wthr_Cond_ID,Light_Cond_ID,Entr_Road_ID,Road_Type_ID,Road_Algn_ID,Surf_Cond_ID,Traffic_Cntl_ID,Investigat_Notify_Time,Investigat_Notify_Meth,Investigat_Arrv_Time,Report_Date,Investigat_Comp_Fl,Investigat_Agency_ID,Investigat_Area_ID,Investigat_District_ID,Investigat_Region_ID,Bridge_Detail_ID,Harm_Evnt_ID,Intrsct_Relat_ID,FHE_Collsn_ID,Obj_Struck_ID,Othr_Factr_ID,Road_Part_Adj_ID,Road_Cls_ID,Road_Relat_ID,Phys_Featr_1_ID,Phys_Featr_2_ID,Cnty_ID,City_ID,Latitude.1,Longitude.1,Hwy_Sys,Hwy_Nbr,Hwy_Sfx,Dfo,Street_Name,Street_Nbr,Control,Section,Milepoint,Ref_Mark_Nbr,Ref_Mark_Displ,Hwy_Sys_2,Hwy_Nbr_2,Hwy_Sfx_2,Street_Name_2,Street_Nbr_2,Control_2,Section_2,Milepoint_2,Txdot_Rptable_Fl,Onsys_Fl,Rural_Fl,Crash_Sev_ID,Pop_Group_ID,Located_Fl,Day_of_Week,Hwy_Dsgn_Lane_ID,Hwy_Dsgn_Hrt_ID,Hp_Shldr_Left,Hp_Shldr_Right,Hp_Median_Width,Base_Type_ID,Nbr_Of_Lane,Row_Width_Usual,Roadbed_Width,Surf_Width,Surf_Type_ID,Curb_Type_Left_ID,Curb_Type_Right_ID,Shldr_Type_Left_ID,Shldr_Width_Left,Shldr_Use_Left_ID,Shldr_Type_Right_ID,Shldr_Width_Right,Shldr_Use_Right_ID,Median_Type_ID,Median_Width,Rural_Urban_Type_ID,Func_Sys_ID,Adt_Curnt_Amt,Adt_Curnt_Year,Adt_Adj_Curnt_Amt,Pct_Single_Trk_Adt,Pct_Combo_Trk_Adt,Trk_Aadt_Pct,Curve_Type_ID,Curve_Lngth,Cd_Degr,Delta_Left_Right_ID,Dd_Degr,Feature_Crossed,Structure_Number,I_R_Min_Vert_Clear,Approach_Width,Bridge_Median_ID,Bridge_Loading_Type_ID,Bridge_Loading_In_1000_Lbs,Bridge_Srvc_Type_On_ID,Bridge_Srvc_Type_Under_ID,Culvert_Type_ID,Roadway_Width,Deck_Width,Bridge_Dir_Of_Traffic_ID,Bridge_Rte_Struct_Func_ID,Bridge_IR_Struct_Func_ID,CrossingNumber,RRCo,Poscrossing_ID,WDCode_ID,Standstop,Yield,Incap_Injry_Cnt.y,Nonincap_Injry_Cnt.y,Poss_Injry_Cnt.y,Non_Injry_Cnt.y,Unkn_Injry_Cnt.y,Tot_Injry_Cnt.y,Death_Cnt.y,MPO_ID,Unit_ID,Unit_Prsn_ID
AUS_1370728321,1008,337,48,453,302,4,4.85E+11,1500US484530003024,Block Group 4,G5030,S,488686,0,30.2997306,-97.7195394,13707283,AUS_13707283,30.30461871,-97.71973421,2,1,3,16,2,27,2,1,4,11,1,2,N,4,NA,NA,4,97,97,,,0,1,0,0,0,1,0,N,N,N,N,N,N,N,2/12/2014,11:54 AM,227,22,N,Y,NA,NA,19,NA,,1,4200,,RED RIVER ST,ST,N,N,35,N,N,,N,19,NA,,NA,,E,45TH ST,ST,NA,NA,,,,NA,11,1,0,NA,1,1,20,11:55 AM,DISPATCH,11:59 AM,2/12/2014,Y,74,1061,10,14,8,5,4,1,64,54,1,5,1,21,21,227,22,30.30461871,-97.71973421,,NA,NA,NA,RED RIVER ST,4477,NA,NA,NA,NA,NA,,NA,NA,N/A,NA,NA,NA,NA,Y,N,N,2,9,Y,WED,NA,NA,NA,NA,NA,NA,NA,NA,NA,NA,NA,NA,NA,NA,NA,NA,NA,NA,NA,NA,NA,NA,NA,NA,NA,NA,NA,NA,NA,NA,NA,NA,NA,NA,NA,NA,NA,NA,NA,NA,NA,NA,NA,NA,NA,NA,NA,NA,NA,NA,NA,NA,NA,NA,NA,0,1,0,1,0,1,0,90,137072832,1370728321
AUS_1370734621,758,557,48,453,2109,1,4.85E+11,1500US484530021091,Block Group 1,G5030,S,857113,0,30.2827117,-97.6997804,13707346,AUS_13707346,30.27712,-97.69868,2,1,3,16,2,NA,4,2,4,11,1,4,N,4,NA,NA,4,97,97,,,0,1,0,0,0,1,0,N,N,N,N,N,N,N,2/13/2014,8:19 AM,227,22,N,N,NA,NA,19,NA,,1,NA,E,12TH ST,,N,N,30,N,N,,Y,19,NA,,1,,,RIDGE DR,,NA,NA,,,,NA,11,1,2,NA,3,1,1,8:19 AM,DISPATCH,8:24 AM,2/13/2014,Y,74,NA,34,48,8,5,1,1,64,21,1,5,1,21,21,227,22,30.27712,-97.69868,,NA,NA,NA,E 12TH ST,3329,NA,NA,NA,NA,NA,,NA,NA,RIDGE DR,NA,NA,NA,NA,Y,N,N,2,9,Y,THU,NA,NA,NA,NA,NA,NA,NA,NA,NA,NA,NA,NA,NA,NA,NA,NA,NA,NA,NA,NA,NA,NA,NA,NA,NA,NA,NA,NA,NA,NA,NA,NA,NA,NA,NA,NA,NA,NA,NA,NA,NA,NA,NA,NA,NA,NA,NA,NA,NA,NA,NA,NA,NA,NA,NA,0,1,0,1,0,1,0,90,137073462,1370734621
AUS_1370919421,60,494,48,453,2411,3,4.85E+11,1500US484530024113,Block Group 3,G5030,S,487802,0,30.1967307,-97.7491428,13709194,AUS_13709194,30.19513059,-97.74752675,2,1,3,16,3,9,1,1,4,11,1,97,N,4,NA,NA,4,97,97,,,0,0,1,0,0,1,0,N,N,N,N,N,N,N,2/24/2014,8:02 PM,227,22,N,N,NA,NA,19,NA,,1,2520,,CHAPARRAL,TRL,N,N,25,N,N,,N,19,NA,,NA,,,PINE,PL,NA,NA,,,,NA,11,4,0,NA,1,1,1,7:27 PM,DISPATCH,7:32 PM,2/24/2014,N,74,1042,99,130,8,5,3,1,64,54,1,5,1,32,21,227,22,30.19513059,-97.74752675,,NA,NA,NA,CHAPARRAL TRL,2520,NA,NA,NA,NA,NA,,NA,NA,N/A,NA,NA,NA,NA,Y,N,N,3,9,Y,MON,NA,NA,NA,NA,NA,NA,NA,NA,NA,NA,NA,NA,NA,NA,NA,NA,NA,NA,NA,NA,NA,NA,NA,NA,NA,NA,NA,NA,NA,NA,NA,NA,NA,NA,NA,NA,NA,NA,NA,NA,NA,NA,NA,NA,NA,NA,NA,NA,NA,NA,NA,NA,NA,NA,NA,0,0,1,1,0,1,0,90,137091942,1370919421
AUS_1371002221,815,126,48,453,1602,3,4.85E+11,1500US484530016023,Block Group 3,G5030,S,754166,188864,30.284577,-97.780106,13710022,AUS_13710022,30.28285,-97.77655,2,1,3,16,2,25,1,2,4,11,1,4,N,4,NA,NA,4,97,97,,,0,1,0,0,0,1,0,N,N,N,N,N,N,N,2/15/2014,3:56 PM,227,22,N,N,NA,NA,19,NA,,1,2600,,LAKE AUSTIN,BLVD,N,N,35,N,N,,Y,19,NA,,1,,W,7TH,ST,NA,NA,,,,NA,11,1,98,NA,1,1,16,3:56 PM,DISPATCH,4:02 PM,2/15/2014,Y,74,1061,10,14,8,5,2,3,64,54,1,5,1,21,21,227,22,30.28285,-97.77655,,NA,NA,NA,LAKE AUSTIN BLVD,2650,NA,NA,NA,NA,NA,,NA,NA,W 7TH ST,NA,NA,NA,NA,Y,N,N,2,9,Y,SAT,NA,NA,NA,NA,NA,NA,NA,NA,NA,NA,NA,NA,NA,NA,NA,NA,NA,NA,NA,NA,NA,NA,NA,NA,NA,NA,NA,NA,NA,NA,NA,NA,NA,NA,NA,NA,NA,NA,NA,NA,NA,NA,NA,NA,NA,NA,NA,NA,NA,NA,NA,NA,NA,NA,NA,0,1,0,3,0,1,0,90,137100222,1371002221
AUS_1371094521,784,67,48,453,700,1,4.85E+11,1500US484530007001,Block Group 1,G5030,S,1615130,0,30.2777004,-97.7411232,13710945,AUS_13710945,30.27996308,-97.73570462,2,1,3,16,2,30,1,2,4,11,1,4,N,4,NA,NA,4,97,97,,,0,1,0,0,0,1,0,N,N,N,N,N,N,N,2/21/2014,12:10 PM,227,22,N,Y,30.27998,-97.7357,19,NA,,1,300,NE,MARTIN LUTHER KING,BLVD,N,N,30,N,N,,Y,19,NA,,1,1900,,SAN JACINTO,ST,NA,NA,,,,NA,11,1,0,NA,1,1,16,12:12 PM,DPS COMMUNICATIONS,12:15 PM,2/24/2014,Y,10000,7,108,383,8,5,1,2,64,54,1,5,1,21,21,227,22,30.27996308,-97.73570462,,NA,NA,NA,MARTIN LUTHER KING BLVD E,300,NA,NA,NA,NA,NA,,NA,NA,UNKNOWN,NA,NA,NA,NA,Y,N,N,2,9,Y,FRI,NA,NA,NA,NA,NA,NA,NA,NA,NA,NA,NA,NA,NA,NA,NA,NA,NA,NA,NA,NA,NA,NA,NA,NA,NA,NA,NA,NA,NA,NA,NA,NA,NA,NA,NA,NA,NA,NA,NA,NA,NA,NA,NA,NA,NA,NA,NA,NA,NA,NA,NA,NA,NA,NA,NA,0,1,0,1,0,1,0,90,137109452,1371094521
AUS_1371117321,416,450,48,453,1305,1,4.85E+11,1500US484530013051,Block Group 1,G5030,S,1106325,65346,30.2582419,-97.7524205,13711173,AUS_13711173,30.25842,-97.75011,2,1,3,16,2,23,1,1,4,11,1,97,N,4,NA,NA,4,97,97,,,0,1,0,0,0,1,0,N,N,N,N,N,N,N,2/24/2014,4:55 PM,227,22,N,Y,NA,NA,19,NA,,1,NA,,BARTON SPRINGS,RD,N,N,40,N,N,,Y,19,NA,,1,,S,1ST,ST,NA,NA,,,,NA,11,1,4,NA,1,1,5,4:55 PM,DISPATCH,4:55 PM,2/24/2014,N,74,1043,93,112,8,5,2,2,64,3,1,5,1,21,21,227,22,30.25842,-97.75011,,NA,NA,NA,BARTON SPRINGS RD,600,NA,NA,NA,NA,NA,,NA,NA,S 1ST ST,NA,NA,NA,NA,Y,N,N,2,9,Y,MON,NA,NA,NA,NA,NA,NA,NA,NA,NA,NA,NA,NA,NA,NA,NA,NA,NA,NA,NA,NA,NA,NA,NA,NA,NA,NA,NA,NA,NA,NA,NA,NA,NA,NA,NA,NA,NA,NA,NA,NA,NA,NA,NA,NA,NA,NA,NA,NA,NA,NA,NA,NA,NA,NA,NA,0,1,0,1,0,1,0,90,137111732,1371117321
AUS_1371327721,647,433,48,453,1100,1,4.85E+11,1500US484530011001,Block Group 1,G5030,S,2044061,66635,30.2687002,-97.7433003,13713277,AUS_13713277,30.2692597,-97.74236838,2,1,3,16,3,28,1,2,4,11,1,2,N,4,NA,NA,4,97,97,,,0,0,1,0,0,1,0,N,N,N,N,N,N,N,2/14/2014,1:46 PM,227,22,N,N,NA,NA,19,NA,,1,700,,CONGRESS,AVE,N,N,30,N,N,,N,19,NA,,NA,,W,7TH,ST,NA,NA,,,,NA,11,1,0,NA,1,1,20,1:47 PM,DISPATCH,1:53 PM,2/14/2014,Y,74,36,67,282,8,5,3,2,64,13,1,5,1,32,21,227,22,30.2692597,-97.74236838,,NA,NA,NA,CONGRESS AVE,729,NA,NA,NA,NA,NA,,NA,NA,N/A,NA,NA,NA,NA,Y,N,N,3,9,Y,FRI,NA,NA,NA,NA,NA,NA,NA,NA,NA,NA,NA,NA,NA,NA,NA,NA,NA,NA,NA,NA,NA,NA,NA,NA,NA,NA,NA,NA,NA,NA,NA,NA,NA,NA,NA,NA,NA,NA,NA,NA,NA,NA,NA,NA,NA,NA,NA,NA,NA,NA,NA,NA,NA,NA,NA,0,0,1,3,0,1,0,90,137132772,1371327721
AUS_1371340621,1282,104,48,453,1832,1,4.85E+11,1500US484530018321,Block Group 1,G5030,S,698605,0,30.3765698,-97.6682149,13713406,AUS_13713406,30.37464,-97.66955,2,1,3,16,2,26,1,1,4,11,1,4,N,4,NA,NA,4,97,97,,,0,1,0,0,0,1,0,N,N,N,N,N,N,N,2/15/2014,4:37 PM,227,22,N,N,NA,NA,19,NA,,1,NA,,WALNUT RIDGE,DR,N,N,30,N,N,,Y,19,NA,,1,,,ASH CV,,NA,NA,,,,NA,11,1,2,NA,1,1,1,4:37 PM,DISPATCH,4:43 PM,2/15/2014,Y,74,63,123,143,8,5,1,1,64,54,1,5,1,21,21,227,22,30.37464,-97.66955,,NA,NA,NA,WALNUT RIDGE DR,11305,NA,NA,NA,NA,NA,,NA,NA,ASH CV,NA,NA,NA,NA,Y,N,N,2,9,Y,SAT,NA,NA,NA,NA,NA,NA,NA,NA,NA,NA,NA,NA,NA,NA,NA,NA,NA,NA,NA,NA,NA,NA,NA,NA,NA,NA,NA,NA,NA,NA,NA,NA,NA,NA,NA,NA,NA,NA,NA,NA,NA,NA,NA,NA,NA,NA,NA,NA,NA,NA,NA,NA,NA,NA,NA,0,1,0,1,0,1,0,90,137134062,1371340621
AUS_1371340721,25,490,48,453,2433,2,4.85E+11,1500US484530024332,Block Group 2,G5030,S,35212454,72454,30.1690033,-97.5807392,13713407,AUS_13713407,30.17904,-97.61643,2,1,3,16,2,6,3,1,4,11,1,4,N,4,NA,NA,4,97,97,,,0,1,0,0,0,1,0,N,N,N,N,N,N,N,2/15/2014,5:26 PM,227,22,N,N,NA,NA,19,NA,,1,12800,,ST THOMAS,LN,N,N,30,N,N,,Y,19,NA,,1,4900,,LEXINGTON MEADOW,LN,NA,NA,,,,NA,11,1,98,NA,1,1,8,5:26 PM,DISPATCH,5:36 PM,2/15/2014,Y,74,1045,98,129,8,5,1,1,64,54,1,5,1,21,21,227,22,30.17904,-97.61643,,NA,NA,NA,SAINT THOMAS DR,12798,NA,NA,NA,NA,NA,,NA,NA,LEXINGTON MEADOW LN,NA,NA,NA,NA,Y,N,N,2,9,Y,SAT,NA,NA,NA,NA,NA,NA,NA,NA,NA,NA,NA,NA,NA,NA,NA,NA,NA,NA,NA,NA,NA,NA,NA,NA,NA,NA,NA,NA,NA,NA,NA,NA,NA,NA,NA,NA,NA,NA,NA,NA,NA,NA,NA,NA,NA,NA,NA,NA,NA,NA,NA,NA,NA,NA,NA,0,1,0,3,0,1,0,90,137134072,1371340721
AUS_1371342121,147,486,48,453,2403,1,4.85E+11,1500US484530024031,Block Group 1,G5030,S,1971214,0,30.2141453,-97.7608437,13713421,AUS_13713421,30.22201972,-97.76236531,2,1,3,16,3,26,1,1,4,11,1,3,N,4,NA,NA,4,97,97,,,0,0,1,0,0,1,0,N,N,N,N,N,N,N,2/15/2014,8:10 PM,227,22,N,N,NA,NA,3,71,E,2,2400,,NOT REPORTED,BLVD,N,N,-1,N,N,W BEN WHITE BLVD SVRD EB,N,19,NA,,NA,,S,LAMAR,BLVD,NA,NA,,,,NA,11,4,0,2,1,1,1,8:13 PM,DISPATCH,8:20 PM,2/15/2014,Y,74,1043,93,112,8,5,4,1,64,3,2,2,1,21,21,227,22,30.22201972,-97.76236531,US,290,NA,116.422,US0290,NA,113,13,2.588,578,-0.609,,NA,NA,N/A,NA,NA,NA,NA,Y,Y,N,3,9,Y,SAT,5,0,10,10,62,9,6,380,112,72,5,0,2,2,20,5,2,20,5,3,42,4,12,131990,2012,131990,1.9,2.6,4.5,NA,NA,NA,NA,NA,NA,NA,NA,NA,NA,NA,NA,NA,NA,NA,NA,NA,NA,NA,NA,NA,NA,NA,NA,NA,NA,0,0,1,0,1,1,0,90,137134212,1371342121
AUS_1371344821,1232,264,48,453,1820,3,4.85E+11,1500US484530018203,Block Group 3,G5030,S,742706,0,30.3670104,-97.7122453,13713448,AUS_13713448,30.36222,-97.7101,2,1,3,16,3,14,1,1,4,11,1,97,N,4,NA,NA,4,97,97,,,0,0,1,0,0,1,0,N,N,N,N,N,N,N,2/18/2014,7:52 AM,227,22,N,N,NA,NA,19,NA,,1,NA,,PAYTON GIN RD,RD,N,N,-1,N,N,,Y,19,NA,,1,,,PARKFIELD DR,DR,NA,NA,,,,NA,12,1,0,NA,2,1,8,7:52 AM,DISPATCH,7:58 AM,2/18/2014,Y,74,63,123,143,8,5,2,1,64,54,1,5,1,21,21,227,22,30.36222,-97.7101,,NA,NA,NA,PAYTON GIN RD,1300,NA,NA,NA,NA,NA,,NA,NA,PARKFIELD DR,NA,NA,NA,NA,Y,N,N,3,9,Y,TUE,NA,NA,NA,NA,NA,NA,NA,NA,NA,NA,NA,NA,NA,NA,NA,NA,NA,NA,NA,NA,NA,NA,NA,NA,NA,NA,NA,NA,NA,NA,NA,NA,NA,NA,NA,NA,NA,NA,NA,NA,NA,NA,NA,NA,NA,NA,NA,NA,NA,NA,NA,NA,NA,NA,NA,0,0,1,1,0,1,0,90,137134482,1371344821
AUS_1371758021,662,560,48,453,2111,1,4.85E+11,1500US484530021111,Block Group 1,G5030,S,837993,0,30.2683446,-97.6925165,13717580,AUS_13717580,30.26971497,-97.69292479,2,1,3,16,3,35,3,1,4,11,1,4,N,4,NA,NA,4,97,97,,,0,0,1,0,0,1,0,N,N,N,N,N,N,N,10/27/2013,7:14 PM,227,22,N,N,NA,NA,19,NA,,1,3700,,MUNSON,,N,N,35,N,N,,N,19,NA,,NA,,,SPRINGDALE,RD,NA,NA,,,,NA,11,5,0,NA,1,1,8,7:14 PM,DISPATCHED,7:18 PM,10/27/2013,Y,74,NA,34,48,8,5,2,1,64,54,1,5,1,21,21,227,22,30.26971497,-97.69292479,,NA,NA,NA,MUNSON ST,3797,NA,NA,NA,NA,NA,,NA,NA,SPRINGDALE RD,NA,NA,NA,NA,Y,N,N,3,9,Y,SUN,NA,NA,NA,NA,NA,NA,NA,NA,NA,NA,NA,NA,NA,NA,NA,NA,NA,NA,NA,NA,NA,NA,NA,NA,NA,NA,NA,NA,NA,NA,NA,NA,NA,NA,NA,NA,NA,NA,NA,NA,NA,NA,NA,NA,NA,NA,NA,NA,NA,NA,NA,NA,NA,NA,NA,0,0,1,4,0,1,0,90,137175802,1371758021
AUS_1371792621,1271,37,48,453,1820,1,4.85E+11,1500US484530018201,Block Group 1,G5030,S,767557,0,30.375778,-97.7145274,13717926,AUS_13717926,30.37118,-97.70945,2,1,3,16,2,21,2,1,4,11,1,4,N,4,NA,NA,4,97,97,,,0,1,0,0,0,1,0,N,N,N,N,N,N,N,12/23/2013,3:04 PM,227,22,N,N,NA,NA,19,NA,,1,NA,,MOUNTAIN QUAIL,RD,N,N,40,N,N,,N,19,NA,,NA,,,RUTLAND,DR,NA,NA,,,,NA,11,1,4,NA,1,1,8,3:04 PM,DISPATCH,3:20 PM,12/23/2013,N,74,NA,114,143,8,5,2,1,64,54,1,5,1,21,21,227,22,30.37118,-97.70945,,NA,NA,NA,MOUNTAIN QUAIL RD,9501,NA,NA,NA,NA,NA,,NA,NA,RUTLAND DR,NA,NA,NA,NA,Y,N,N,2,9,Y,MON,NA,NA,NA,NA,NA,NA,NA,NA,NA,NA,NA,NA,NA,NA,NA,NA,NA,NA,NA,NA,NA,NA,NA,NA,NA,NA,NA,NA,NA,NA,NA,NA,NA,NA,NA,NA,NA,NA,NA,NA,NA,NA,NA,NA,NA,NA,NA,NA,NA,NA,NA,NA,NA,NA,NA,0,1,0,0,2,1,0,90,137179262,1371792621
AUS_1372032421,992,45,48,453,203,1,4.85E+11,1500US484530002031,Block Group 1,G5030,S,1209417,0,30.3126275,-97.7366586,13720324,AUS_13720324,30.30275,-97.73816,2,1,3,16,1,22,1,1,4,11,1,4,N,4,NA,NA,4,97,97,,,1,0,0,0,0,1,0,N,N,N,N,N,N,N,2/18/2014,9:25 AM,227,22,N,N,NA,NA,19,NA,,1,3800,,GUADALUPE,ST,N,N,35,N,N,,Y,19,NA,,1,500,W,38TH,ST,NA,NA,,,,NA,12,1,4,NA,1,1,5,9:25 AM,DISPATCH,9:25 AM,2/18/2014,Y,74,1061,10,14,8,5,1,3,64,3,1,5,1,21,21,227,22,30.30275,-97.73816,,NA,NA,NA,GUADALUPE ST,3801,NA,NA,NA,NA,NA,,NA,NA,W 38TH ST,NA,NA,NA,NA,Y,N,N,1,9,Y,TUE,NA,NA,NA,NA,NA,NA,NA,NA,NA,NA,NA,NA,NA,NA,NA,NA,NA,NA,NA,NA,NA,NA,NA,NA,NA,NA,NA,NA,NA,NA,NA,NA,NA,NA,NA,NA,NA,NA,NA,NA,NA,NA,NA,NA,NA,NA,NA,NA,NA,NA,NA,NA,NA,NA,NA,1,0,0,1,0,1,0,90,137203242,1372032421
AUS_1372044621,537,341,48,453,901,2,4.85E+11,1500US484530009012,Block Group 2,G5030,S,558875,0,30.2664785,-97.7273354,13720446,AUS_13720446,30.26430651,-97.72130896,2,1,3,16,3,30,1,1,4,11,1,1,N,4,NA,NA,4,97,97,,,0,0,1,0,0,1,0,N,N,N,N,N,N,N,2/17/2014,3:26 PM,227,22,N,N,NA,NA,19,NA,,1,907,,CHICON,ST,N,N,35,N,N,901 CHICON ST,N,19,NA,,NA,,E,E 9TH,ST,NA,NA,,,E 9TH ST/CHICON ST,NA,12,4,0,NA,2,1,11,3:26 PM,DISPATCH,3:51 PM,2/17/2014,Y,74,NA,34,48,8,5,4,1,64,3,1,5,1,21,21,227,22,30.26430651,-97.72130896,,NA,NA,NA,CHICON ST,912,NA,NA,NA,NA,NA,,NA,NA,N/A,NA,NA,NA,NA,Y,N,N,3,9,Y,MON,NA,NA,NA,NA,NA,NA,NA,NA,NA,NA,NA,NA,NA,NA,NA,NA,NA,NA,NA,NA,NA,NA,NA,NA,NA,NA,NA,NA,NA,NA,NA,NA,NA,NA,NA,NA,NA,NA,NA,NA,NA,NA,NA,NA,NA,NA,NA,NA,NA,NA,NA,NA,NA,NA,NA,0,0,1,1,0,1,0,90,137204462,1372044621
AUS_1372066321,1185,42,48,453,1501,4,4.85E+11,1500US484530015014,Block Group 4,G5030,S,1330394,0,30.3423193,-97.7425443,13720663,AUS_13720663,30.34392,-97.74571,2,1,3,16,2,54,1,1,4,11,1,2,N,4,NA,NA,4,97,97,,,0,1,0,0,0,1,0,N,N,N,N,N,N,N,2/21/2014,6:55 PM,227,22,N,N,NA,NA,19,NA,,1,NA,,SHOAL CREEK BLVD,,N,N,-1,N,N,,Y,19,NA,,1,,,CAVILEER AVE,AVE,NA,NA,,,,NA,11,2,2,NA,2,1,8,7:09 PM,DISPATCH,7:27 PM,2/21/2014,Y,74,1061,10,14,8,5,1,3,64,3,1,5,1,21,21,227,22,30.34392,-97.74571,,NA,NA,NA,SHOAL CREEK BLVD,6499,NA,NA,NA,NA,NA,,NA,NA,CAVILEER AVE,NA,NA,NA,NA,Y,N,N,2,9,Y,FRI,NA,NA,NA,NA,NA,NA,NA,NA,NA,NA,NA,NA,NA,NA,NA,NA,NA,NA,NA,NA,NA,NA,NA,NA,NA,NA,NA,NA,NA,NA,NA,NA,NA,NA,NA,NA,NA,NA,NA,NA,NA,NA,NA,NA,NA,NA,NA,NA,NA,NA,NA,NA,NA,NA,NA,0,1,0,1,0,1,0,90,137206632,1372066321
AUS_1372067121,918,259,48,453,603,5,4.85E+11,1500US484530006035,Block Group 5,G5030,S,130272,0,30.2926805,-97.7429143,13720671,AUS_13720671,30.29331655,-97.7418348,2,1,3,16,3,27,1,1,4,11,1,4,N,4,NA,NA,4,97,97,,,0,0,1,0,0,1,0,N,N,N,N,N,N,N,2/22/2014,1:58 AM,227,22,N,N,NA,NA,19,NA,,1,2800,,GUADALUPE ST,,N,N,-1,N,N,,N,19,NA,,NA,,,W 28TH ST,,NA,NA,,,,NA,11,4,98,NA,1,1,1,1:58 AM,DISPATCH,2:15 AM,2/22/2014,Y,74,1061,10,14,8,5,3,1,64,14,1,5,1,32,21,227,22,30.29331655,-97.7418348,,NA,NA,NA,GUADALUPE ST,2731,NA,NA,NA,NA,NA,,NA,NA,N/A,NA,NA,NA,NA,Y,N,N,3,9,Y,SAT,NA,NA,NA,NA,NA,NA,NA,NA,NA,NA,NA,NA,NA,NA,NA,NA,NA,NA,NA,NA,NA,NA,NA,NA,NA,NA,NA,NA,NA,NA,NA,NA,NA,NA,NA,NA,NA,NA,NA,NA,NA,NA,NA,NA,NA,NA,NA,NA,NA,NA,NA,NA,NA,NA,NA,0,0,1,1,0,1,0,90,137206712,1372067121
AUS_1372077421,374,462,48,453,1910,3,4.85E+11,1500US484530019103,Block Group 3,G5030,S,2122433,0,30.2595428,-97.801771,13720774,AUS_13720774,30.25406127,-97.80294367,2,1,3,16,3,42,1,1,4,11,1,2,N,4,NA,NA,4,97,97,,,0,0,1,0,0,1,0,N,N,N,N,N,N,N,2/22/2014,12:30 PM,227,22,N,N,NA,NA,19,NA,,2,2500,S,MOPAC SB SVRD,,N,N,-1,N,N,,N,19,NA,,NA,,,TAMMARON,,NA,NA,,,,NA,11,1,0,2,2,1,9,12:32 PM,DISPATCH,12:49 PM,2/22/2014,Y,74,1043,93,112,8,5,4,1,64,54,2,2,1,21,21,227,22,30.25406127,-97.80294367,SL,1,NA,17.69,SL0001,NA,3136,1,17.827,442,-0.1,,NA,NA,N/A,NA,NA,NA,NA,Y,Y,N,3,9,Y,SAT,5,0,6,10,512,2,6,999,104,72,4,1,0,2,12,5,2,20,5,3,500,4,12,133650,2012,133650,1.5,0.3,1.8,1,445,2,2,0,NA,NA,NA,NA,NA,NA,NA,NA,NA,NA,NA,NA,NA,NA,NA,NA,NA,NA,NA,NA,NA,0,0,1,1,0,1,0,90,137207742,1372077421
AUS_1372239421,1205,192,48,453,1718,3,4.85E+11,1500US484530017183,Block Group 3,G5030,S,736242,0,30.3544498,-97.7627766,13722394,AUS_13722394,30.354762,-97.76971753,2,1,3,16,2,73,1,1,4,11,1,1,N,4,NA,NA,4,97,97,,,0,1,0,0,0,1,0,N,N,N,N,N,N,N,2/28/2014,3:31 PM,227,22,N,N,NA,NA,19,NA,,1,6500,,MESA DR,DR,N,N,35,N,N,,N,19,NA,,NA,,,SIERRA DR,DR,NA,NA,,,,NA,11,1,0,NA,4,1,16,3:33 PM,DISPATCH,3:48 PM,2/28/2014,Y,74,1061,10,14,8,5,2,1,64,54,1,5,1,21,21,227,22,30.354762,-97.76971753,,NA,NA,NA,MESA DR,6605,NA,NA,NA,NA,NA,,NA,NA,UNKNOWN,NA,NA,NA,NA,Y,N,N,2,9,Y,FRI,NA,NA,NA,NA,NA,NA,NA,NA,NA,NA,NA,NA,NA,NA,NA,NA,NA,NA,NA,NA,NA,NA,NA,NA,NA,NA,NA,NA,NA,NA,NA,NA,NA,NA,NA,NA,NA,NA,NA,NA,NA,NA,NA,NA,NA,NA,NA,NA,NA,NA,NA,NA,NA,NA,NA,0,1,0,2,0,1,0,90,137223942,1372239421