Crash_UP_ID,FID,FID_Austin,STATEFP,COUNTYFP,TRACTCE,BLKGRPCE,GEOID1,GEOID,NAMELSAD,MTFCC,FUNCSTAT,ALAND,AWATER,INTPTLAT,INTPTLON,CrashID,CrashID1,Latitude,Longitude,Unit_Nbr,Prsn_Nbr,Prsn_Type_ID,Prsn_Occpnt_Pos_ID,Prsn_Injry_Sev_ID,Prsn_Age,Prsn_Ethnicity_ID,Prsn_Gndr_ID,Prsn_Ejct_ID,Prsn_Rest_ID,Prsn_Airbag_ID,Prsn_Helmet_ID,Prsn_Sol_Fl,Prsn_Alc_Spec_Type_ID,Prsn_Alc_Rslt_ID,Prsn_Bac_Test_Rslt,Prsn_Drg_Spec_Type_ID,Prsn_Drg_Rslt_ID,Drvr_Drg_Cat_1_ID,Prsn_Death_Date,Prsn_Death_Time,Incap_Injry_Cnt.x,Nonincap_Injry_Cnt.x,Poss_Injry_Cnt.x,Non_Injry_Cnt.x,Unkn_Injry_Cnt.x,Tot_Injry_Cnt.x,Death_Cnt.x,Crash_Fatal_Fl,Cmv_Involv_Fl,Schl_Bus_Fl,Rr_Relat_Fl,Medical_Advisory_Fl,Amend_Supp_Fl,Active_School_Zone_Fl,Crash_Date,Crash_Time,Rpt_CRIS_Cnty_ID,Rpt_City_ID,Rpt_Outside_City_Limit_Fl,Thousand_Damage_Fl,Rpt_Latitude,Rpt_Longitude,Rpt_Rdwy_Sys_ID,Rpt_Hwy_Num,Rpt_Hwy_Sfx,Rpt_Road_Part_ID,Rpt_Block_Num,Rpt_Street_Pfx,Rpt_Street_Name,Rpt_Street_Sfx,Private_Dr_Fl,Toll_Road_Fl,Crash_Speed_Limit,Road_Constr_Zone_Fl,Road_Constr_Zone_Wrkr_Fl,Rpt_Street_Desc,At_Intrsct_Fl,Rpt_Sec_Rdwy_Sys_ID,Rpt_Sec_Hwy_Num,Rpt_Sec_Hwy_Sfx,Rpt_Sec_Road_Part_ID,Rpt_Sec_Block_Num,Rpt_Sec_Street_Pfx,Rpt_Sec_Street_Name,Rpt_Sec_Street_Sfx,Rpt_Ref_Mark_Offset_Amt,Rpt_Ref_Mark_Dist_Uom,Rpt_Ref_Mark_Dir,Rpt_Ref_Mark_Nbr,Rpt_Sec_Street_Desc,Rpt_CrossingNumber,Wthr_Cond_ID,Light_Cond_ID,Entr_Road_ID,Road_Type_ID,Road_Algn_ID,Surf_Cond_ID,Traffic_Cntl_ID,Investigat_Notify_Time,Investigat_Notify_Meth,Investigat_Arrv_Time,Report_Date,Investigat_Comp_Fl,Investigat_Agency_ID,Investigat_Area_ID,Investigat_District_ID,Investigat_Region_ID,Bridge_Detail_ID,Harm_Evnt_ID,Intrsct_Relat_ID,FHE_Collsn_ID,Obj_Struck_ID,Othr_Factr_ID,Road_Part_Adj_ID,Road_Cls_ID,Road_Relat_ID,Phys_Featr_1_ID,Phys_Featr_2_ID,Cnty_ID,City_ID,Latitude.1,Longitude.1,Hwy_Sys,Hwy_Nbr,Hwy_Sfx,Dfo,Street_Name,Street_Nbr,Control,Section,Milepoint,Ref_Mark_Nbr,Ref_Mark_Displ,Hwy_Sys_2,Hwy_Nbr_2,Hwy_Sfx_2,Street_Name_2,Street_Nbr_2,Control_2,Section_2,Milepoint_2,Txdot_Rptable_Fl,Onsys_Fl,Rural_Fl,Crash_Sev_ID,Pop_Group_ID,Located_Fl,Day_of_Week,Hwy_Dsgn_Lane_ID,Hwy_Dsgn_Hrt_ID,Hp_Shldr_Left,Hp_Shldr_Right,Hp_Median_Width,Base_Type_ID,Nbr_Of_Lane,Row_Width_Usual,Roadbed_Width,Surf_Width,Surf_Type_ID,Curb_Type_Left_ID,Curb_Type_Right_ID,Shldr_Type_Left_ID,Shldr_Width_Left,Shldr_Use_Left_ID,Shldr_Type_Right_ID,Shldr_Width_Right,Shldr_Use_Right_ID,Median_Type_ID,Median_Width,Rural_Urban_Type_ID,Func_Sys_ID,Adt_Curnt_Amt,Adt_Curnt_Year,Adt_Adj_Curnt_Amt,Pct_Single_Trk_Adt,Pct_Combo_Trk_Adt,Trk_Aadt_Pct,Curve_Type_ID,Curve_Lngth,Cd_Degr,Delta_Left_Right_ID,Dd_Degr,Feature_Crossed,Structure_Number,I_R_Min_Vert_Clear,Approach_Width,Bridge_Median_ID,Bridge_Loading_Type_ID,Bridge_Loading_In_1000_Lbs,Bridge_Srvc_Type_On_ID,Bridge_Srvc_Type_Under_ID,Culvert_Type_ID,Roadway_Width,Deck_Width,Bridge_Dir_Of_Traffic_ID,Bridge_Rte_Struct_Func_ID,Bridge_IR_Struct_Func_ID,CrossingNumber,RRCo,Poscrossing_ID,WDCode_ID,Standstop,Yield,Incap_Injry_Cnt.y,Nonincap_Injry_Cnt.y,Poss_Injry_Cnt.y,Non_Injry_Cnt.y,Unkn_Injry_Cnt.y,Tot_Injry_Cnt.y,Death_Cnt.y,MPO_ID,Unit_ID,Unit_Prsn_ID
AUS_1374812821,343,462,48,453,1910,3,4.85E+11,1500US484530019103,Block Group 3,G5030,S,2122433,0,30.2595428,-97.801771,13748128,AUS_13748128,30.24893166,-97.80512148,2,1,3,16,2,50,3,1,4,11,1,4,N,4,NA,NA,4,97,97,,,0,1,0,0,0,1,0,N,N,N,N,N,N,N,3/20/2014,2:20 PM,227,22,N,N,NA,NA,11,360,I,1,NA,,NOT REPORTED,HWY,N,N,60,N,N,,N,11,1,,NA,,,NOT REPORTED,,NA,NA,,,,NA,11,1,98,2,2,1,20,2:20 PM,DISPATCH,2:28 PM,3/20/2014,N,74,1043,93,112,8,5,2,1,64,54,1,2,1,21,21,227,22,30.24893166,-97.80512148,SL,360,NA,12.619,SL0360,NA,113,13,23.658,444,0.616,SL,1,NA,SL0001,NA,NA,NA,NA,Y,Y,N,2,9,Y,THU,3,0,4,10,56,2,4,350,76,48,4,0,0,2,8,5,2,20,5,3,48,4,12,70000,2012,70000,2.4,0.3,2.7,NA,NA,NA,NA,NA,NA,NA,NA,NA,NA,NA,NA,NA,NA,NA,NA,NA,NA,NA,NA,NA,NA,NA,NA,NA,NA,0,1,0,1,0,1,0,90,137481282,1374812821
AUS_1375515421,423,342,48,453,902,1,4.85E+11,1500US484530009021,Block Group 1,G5030,S,694941,0,30.2609284,-97.7067363,13755154,AUS_13755154,30.25851001,-97.70009,2,1,3,16,2,45,2,1,4,11,1,4,N,4,NA,NA,4,97,97,,,0,1,0,0,0,1,0,N,N,N,N,N,N,N,3/15/2014,7:35 AM,227,22,N,N,NA,NA,19,NA,,1,800,,SPRINGDALE RD,RD,N,N,30,N,N,,N,19,NA,,NA,,,SPRINGDALE,,NA,NA,,,,NA,2,4,0,NA,1,2,20,7:35 AM,ON SIGHT,7:35 AM,3/15/2014,Y,74,NA,34,48,8,5,4,1,64,54,1,5,1,21,21,227,22,30.25851001,-97.70009,,NA,NA,NA,SPRINGDALE RD,800,NA,NA,NA,NA,NA,,NA,NA,N/A,NA,NA,NA,NA,Y,N,N,2,9,Y,SAT,NA,NA,NA,NA,NA,NA,NA,NA,NA,NA,NA,NA,NA,NA,NA,NA,NA,NA,NA,NA,NA,NA,NA,NA,NA,NA,NA,NA,NA,NA,NA,NA,NA,NA,NA,NA,NA,NA,NA,NA,NA,NA,NA,NA,NA,NA,NA,NA,NA,NA,NA,NA,NA,NA,NA,0,1,0,1,0,1,0,90,137551542,1375515421
AUS_1375603621,660,384,48,453,804,1,4.85E+11,1500US484530008041,Block Group 1,G5030,S,385739,0,30.2696968,-97.7174616,13756036,AUS_13756036,30.2697,-97.71903,2,1,3,16,3,26,1,1,4,11,2,2,N,4,NA,NA,4,97,97,,,0,0,1,0,0,1,0,N,N,N,N,N,N,N,11/21/2013,4:11 PM,227,22,N,N,NA,NA,19,NA,,1,1100,,CHICON,ST,N,N,35,N,N,,Y,19,NA,,NA,,,ROSEWOOD,AVE,NA,NA,,,,NA,12,1,0,NA,1,1,20,4:11 PM,DISPATCHED,4:15 PM,11/21/2013,Y,74,NA,34,48,8,5,2,3,64,54,1,5,1,21,21,227,22,30.2697,-97.71903,,NA,NA,NA,CHICON ST,1151,NA,NA,NA,NA,NA,,NA,NA,ROSEWOOD AVE,NA,NA,NA,NA,Y,N,N,3,9,Y,THU,NA,NA,NA,NA,NA,NA,NA,NA,NA,NA,NA,NA,NA,NA,NA,NA,NA,NA,NA,NA,NA,NA,NA,NA,NA,NA,NA,NA,NA,NA,NA,NA,NA,NA,NA,NA,NA,NA,NA,NA,NA,NA,NA,NA,NA,NA,NA,NA,NA,NA,NA,NA,NA,NA,NA,0,0,1,1,0,1,0,90,137560362,1375603621
AUS_1375782621,314,376,48,453,1401,2,4.85E+11,1500US484530014012,Block Group 2,G5030,S,605746,0,30.2451069,-97.74788,13757826,AUS_13757826,30.24547,-97.74873,2,1,3,16,2,31,1,1,4,11,1,4,N,4,NA,NA,4,97,97,,,0,1,0,0,0,1,0,N,N,N,N,N,N,N,3/15/2014,9:28 PM,227,22,N,N,NA,NA,19,NA,,1,NA,E,ANNIE,ST,N,N,30,N,N,,Y,19,NA,,1,,,BRACKENRIDGE,ST,NA,NA,,,,NA,11,6,4,NA,2,1,8,8:05 PM,DISPATCH,9:10 PM,3/15/2014,N,74,1043,93,112,8,5,1,1,64,54,1,5,1,21,21,227,22,30.24547,-97.74873,,NA,NA,NA,E ANNIE ST,300,NA,NA,NA,NA,NA,,NA,NA,BRACKENRIDGE ST,NA,NA,NA,NA,Y,N,N,2,9,Y,SAT,NA,NA,NA,NA,NA,NA,NA,NA,NA,NA,NA,NA,NA,NA,NA,NA,NA,NA,NA,NA,NA,NA,NA,NA,NA,NA,NA,NA,NA,NA,NA,NA,NA,NA,NA,NA,NA,NA,NA,NA,NA,NA,NA,NA,NA,NA,NA,NA,NA,NA,NA,NA,NA,NA,NA,0,1,0,2,0,1,0,90,137578262,1375782621
AUS_1376627121,638,433,48,453,1100,1,4.85E+11,1500US484530011001,Block Group 1,G5030,S,2044061,66635,30.2687002,-97.7433003,13766271,AUS_13766271,30.26895,-97.73866,2,1,3,16,2,NA,1,1,4,11,1,4,N,4,NA,NA,4,97,97,,,0,1,0,0,0,1,0,N,N,N,N,N,N,N,3/18/2014,1:52 PM,227,22,N,Y,NA,NA,19,NA,,1,NA,,E 8TH ST,ST,N,N,30,N,N,,Y,19,NA,,1,,,TRINITY ST,ST,NA,NA,,,,NA,11,1,0,NA,1,1,5,1:51 PM,DISPATCH,1:53 PM,3/18/2014,Y,74,36,67,282,8,5,1,1,64,54,1,5,1,21,21,227,22,30.26895,-97.73866,,NA,NA,NA,E 8TH ST,398,NA,NA,NA,NA,NA,,NA,NA,TRINITY ST,NA,NA,NA,NA,Y,N,N,2,9,Y,TUE,NA,NA,NA,NA,NA,NA,NA,NA,NA,NA,NA,NA,NA,NA,NA,NA,NA,NA,NA,NA,NA,NA,NA,NA,NA,NA,NA,NA,NA,NA,NA,NA,NA,NA,NA,NA,NA,NA,NA,NA,NA,NA,NA,NA,NA,NA,NA,NA,NA,NA,NA,NA,NA,NA,NA,0,1,0,1,0,1,0,90,137662712,1376627121
AUS_1376688521,1016,336,48,453,302,1,4.85E+11,1500US484530003021,Block Group 1,G5030,S,283406,0,30.3075179,-97.7321031,13766885,AUS_13766885,30.30528,-97.73056,2,1,3,16,3,29,1,1,4,11,1,3,N,4,NA,NA,4,97,97,,,0,0,1,0,0,1,0,N,N,N,N,N,N,N,3/18/2014,6:02 PM,227,22,N,N,NA,NA,19,NA,,1,NA,,SPEEDWAY,,N,N,30,N,N,,Y,19,NA,,1,,E,E 42ND ST,ST,NA,NA,,,,NA,11,1,4,NA,1,1,9,6:02 PM,DISPATCH,6:06 PM,3/18/2014,Y,74,1061,10,14,8,5,1,1,64,54,1,5,1,21,21,227,22,30.30528,-97.73056,,NA,NA,NA,SPEEDWAY,4199,NA,NA,NA,NA,NA,,NA,NA,W 42ND ST,NA,NA,NA,NA,Y,N,N,3,9,Y,TUE,NA,NA,NA,NA,NA,NA,NA,NA,NA,NA,NA,NA,NA,NA,NA,NA,NA,NA,NA,NA,NA,NA,NA,NA,NA,NA,NA,NA,NA,NA,NA,NA,NA,NA,NA,NA,NA,NA,NA,NA,NA,NA,NA,NA,NA,NA,NA,NA,NA,NA,NA,NA,NA,NA,NA,0,0,1,1,0,1,0,90,137668852,1376688521
AUS_1376837221,360,369,48,453,1305,3,4.85E+11,1500US484530013053,Block Group 3,G5030,S,655707,0,30.2452677,-97.7539204,13768372,AUS_13768372,30.25112,-97.74913,2,1,3,16,2,33,1,1,4,11,1,97,N,4,NA,NA,4,97,97,,,0,1,0,0,0,1,0,N,N,N,N,N,N,N,4/2/2014,12:23 AM,227,22,N,Y,NA,NA,19,NA,,1,1300,S,CONGRESS,AVE,N,N,30,N,N,,N,19,NA,,NA,,,THE CIRCLE,DR,NA,NA,,,,NA,11,4,0,NA,2,1,5,12:12 AM,DISPATCH,12:13 AM,4/2/2014,N,74,1043,93,112,8,5,3,1,64,14,1,5,1,32,21,227,22,30.25112,-97.74913,,NA,NA,NA,S CONGRESS AVE,1300,NA,NA,NA,NA,NA,,NA,NA,N/A,NA,NA,NA,NA,Y,N,N,2,9,Y,WED,NA,NA,NA,NA,NA,NA,NA,NA,NA,NA,NA,NA,NA,NA,NA,NA,NA,NA,NA,NA,NA,NA,NA,NA,NA,NA,NA,NA,NA,NA,NA,NA,NA,NA,NA,NA,NA,NA,NA,NA,NA,NA,NA,NA,NA,NA,NA,NA,NA,NA,NA,NA,NA,NA,NA,0,1,0,1,0,1,0,90,137683722,1376837221
AUS_1376942621,1234,505,48,453,1705,1,4.85E+11,1500US484530017051,Block Group 1,G5030,S,2463159,0,30.371385,-97.7789186,13769426,AUS_13769426,30.3627135,-97.79027458,2,1,3,16,1,55,1,1,4,11,1,3,N,4,NA,NA,4,97,97,,,1,0,0,0,0,1,0,N,N,N,N,N,N,N,4/2/2014,10:25 AM,227,22,N,Y,NA,NA,3,360,I,3,6100,N,CAPITAL OF TEXAS,HWY,N,N,65,N,N,,N,19,NA,,NA,,,FM 2222,,NA,NA,,,,NA,12,1,0,2,2,1,20,10:28 AM,DISPATCH,10:40 AM,4/2/2014,Y,74,NA,46,64,8,5,2,1,64,54,3,2,1,21,21,227,22,30.3627135,-97.79027458,SL,360,NA,3.6,SL0360,NA,113,13,14.764,436,-0.298,,NA,NA,FM 2222,NA,NA,NA,NA,Y,Y,N,1,9,Y,WED,4,0,4,10,56,2,4,291,76,48,4,0,0,2,8,5,2,20,5,3,48,4,14,45000,2012,45000,2.9,0.4,3.3,1,460,1,2,24,NA,NA,NA,NA,NA,NA,NA,NA,NA,NA,NA,NA,NA,NA,NA,NA,NA,NA,NA,NA,NA,1,0,0,1,0,1,0,90,137694262,1376942621
AUS_1376968121,437,370,48,453,1305,4,4.85E+11,1500US484530013054,Block Group 4,G5030,S,701550,0,30.2533559,-97.758127,13769681,AUS_13769681,30.25931994,-97.75616,2,1,3,16,2,28,1,1,4,11,1,97,N,4,NA,NA,4,97,97,,,0,1,0,0,0,1,0,N,N,N,N,N,N,N,3/21/2014,5:56 PM,227,22,N,N,NA,NA,19,NA,,1,NA,,DAWSON RD,RD,N,N,30,N,N,,Y,19,NA,,1,,,DANIEL DR,DR,NA,NA,,,,NA,11,1,2,NA,3,1,20,5:56 PM,DISPATCH,5:59 PM,3/21/2014,Y,74,1043,93,112,8,5,1,3,64,54,1,5,1,21,21,227,22,30.25931994,-97.75616,,NA,NA,NA,DAWSON RD,599,NA,NA,NA,NA,NA,,NA,NA,UNKNOWN,NA,NA,NA,NA,Y,N,N,2,9,Y,FRI,NA,NA,NA,NA,NA,NA,NA,NA,NA,NA,NA,NA,NA,NA,NA,NA,NA,NA,NA,NA,NA,NA,NA,NA,NA,NA,NA,NA,NA,NA,NA,NA,NA,NA,NA,NA,NA,NA,NA,NA,NA,NA,NA,NA,NA,NA,NA,NA,NA,NA,NA,NA,NA,NA,NA,0,1,0,1,0,1,0,90,137696812,1376968121
AUS_1377093521,259,22,48,453,2304,3,4.85E+11,1500US484530023043,Block Group 3,G5030,S,299987,0,30.2377879,-97.7232196,13770935,AUS_13770935,30.23877,-97.71958,2,1,3,16,3,33,1,1,4,11,1,4,N,4,NA,NA,4,97,97,,,0,0,1,0,0,1,0,N,N,N,N,N,N,N,3/24/2014,7:33 AM,227,22,N,N,NA,NA,19,NA,,1,NA,,S PLEASANT VALLEY RD,RD,N,N,-1,N,N,,Y,19,NA,,1,,,ELMONT DR,DR,NA,NA,,,,NA,12,1,4,NA,1,1,5,7:33 AM,DISPATCH,7:33 AM,3/24/2014,Y,74,1045,98,129,8,5,1,3,64,54,1,5,1,21,21,227,22,30.23877,-97.71958,,NA,NA,NA,S PLEASANT VALLEY RD,1405,NA,NA,NA,NA,NA,,NA,NA,ELMONT DR,NA,NA,NA,NA,Y,N,N,3,9,Y,MON,NA,NA,NA,NA,NA,NA,NA,NA,NA,NA,NA,NA,NA,NA,NA,NA,NA,NA,NA,NA,NA,NA,NA,NA,NA,NA,NA,NA,NA,NA,NA,NA,NA,NA,NA,NA,NA,NA,NA,NA,NA,NA,NA,NA,NA,NA,NA,NA,NA,NA,NA,NA,NA,NA,NA,0,0,1,1,0,1,0,90,137709352,1377093521
AUS_1377923021,1119,45,48,453,203,1,4.85E+11,1500US484530002031,Block Group 1,G5030,S,1209417,0,30.3126275,-97.7366586,13779230,AUS_13779230,30.32327,-97.73398,2,1,3,16,2,24,1,2,4,11,1,4,N,4,NA,NA,4,97,97,,,0,1,0,0,0,1,0,N,N,N,N,N,N,N,3/27/2014,9:55 AM,227,22,N,N,NA,NA,19,NA,,1,NA,,W NORTH LOOP BLVD,BLVD,N,N,30,N,N,,Y,19,NA,,1,,,GROVER AVE,AVE,NA,NA,,,,NA,2,1,4,NA,1,2,8,9:55 AM,DISPATCH,10:01 AM,3/27/2014,Y,74,1061,10,14,8,5,2,3,64,54,1,5,1,21,21,227,22,30.32327,-97.73398,,NA,NA,NA,W NORTH LOOP BLVD,1200,NA,NA,NA,NA,NA,,NA,NA,GROVER AVE,NA,NA,NA,NA,Y,N,N,2,9,Y,THU,NA,NA,NA,NA,NA,NA,NA,NA,NA,NA,NA,NA,NA,NA,NA,NA,NA,NA,NA,NA,NA,NA,NA,NA,NA,NA,NA,NA,NA,NA,NA,NA,NA,NA,NA,NA,NA,NA,NA,NA,NA,NA,NA,NA,NA,NA,NA,NA,NA,NA,NA,NA,NA,NA,NA,0,1,0,1,0,1,0,90,137792302,1377923021
AUS_1378292421,92,26,48,453,1737,2,4.85E+11,1500US484530017372,Block Group 2,G5030,S,4340354,0,30.2059815,-97.8810416,13782924,AUS_13782924,30.2075689,-97.87755085,2,1,3,16,2,12,4,1,4,11,1,97,N,4,NA,NA,4,97,97,,,0,1,0,0,0,1,0,N,N,N,N,N,N,N,4/2/2014,7:35 AM,227,22,N,N,NA,NA,19,NA,,1,9000,,ESCARPMENT,BLVD,N,N,40,N,N,,N,19,NA,,NA,,,HILLSIDE TERRACE,,NA,NA,,,,NA,11,1,2,NA,1,1,5,7:58 AM,DISPATCH,7:58 AM,4/2/2014,N,74,1043,93,112,8,5,2,3,64,54,1,5,1,21,21,227,22,30.2075689,-97.87755085,,NA,NA,NA,ESCARPMENT BLVD,9095,NA,NA,NA,NA,NA,,NA,NA,HILLSIDE TERRACE DR,NA,NA,NA,NA,Y,N,N,2,9,Y,WED,NA,NA,NA,NA,NA,NA,NA,NA,NA,NA,NA,NA,NA,NA,NA,NA,NA,NA,NA,NA,NA,NA,NA,NA,NA,NA,NA,NA,NA,NA,NA,NA,NA,NA,NA,NA,NA,NA,NA,NA,NA,NA,NA,NA,NA,NA,NA,NA,NA,NA,NA,NA,NA,NA,NA,0,1,0,1,0,1,0,90,137829242,1378292421
AUS_1378629921,1201,537,48,453,1818,3,4.85E+11,1500US484530018183,Block Group 3,G5030,S,658157,0,30.3577194,-97.7260027,13786299,AUS_13786299,30.35253647,-97.72321361,2,1,3,16,2,24,1,1,4,11,1,3,N,4,NA,NA,4,97,97,,,0,1,0,0,0,1,0,N,N,N,N,N,N,N,4/1/2014,10:06 PM,227,22,N,N,NA,NA,19,NA,,1,NA,,W ANDERSON LN,LN,N,N,35,N,N,,Y,19,NA,,1,,,WOODROW AVE,AVE,NA,NA,,,,NA,11,4,4,NA,1,1,21,10:06 PM,DISPATCH,10:07 PM,4/1/2014,Y,74,NA,121,95,8,5,2,3,64,54,1,5,1,21,21,227,22,30.35253647,-97.72321361,,NA,NA,NA,WOOTEN PARK DR,1701,NA,NA,NA,NA,NA,,NA,NA,UNKNOWN,NA,NA,NA,NA,Y,N,N,2,9,Y,TUE,NA,NA,NA,NA,NA,NA,NA,NA,NA,NA,NA,NA,NA,NA,NA,NA,NA,NA,NA,NA,NA,NA,NA,NA,NA,NA,NA,NA,NA,NA,NA,NA,NA,NA,NA,NA,NA,NA,NA,NA,NA,NA,NA,NA,NA,NA,NA,NA,NA,NA,NA,NA,NA,NA,NA,0,2,0,1,0,2,0,90,137862992,1378629921
AUS_1379033221,1138,334,48,453,205,2,4.85E+11,1500US484530002052,Block Group 2,G5030,S,651799,0,30.3250641,-97.7308921,13790332,AUS_13790332,30.32593416,-97.72634559,2,1,3,16,2,57,1,1,4,11,1,4,N,4,NA,NA,4,97,97,,,0,1,0,0,0,1,0,N,N,N,N,N,N,N,4/15/2014,10:36 PM,227,22,N,N,NA,NA,19,NA,,1,NA,N,LAMAR,BLVD,N,N,-1,N,N,,Y,19,NA,,1,,W,KOENIG,LN,NA,NA,,,,NA,11,4,4,3,2,1,5,10:36 PM,DISPATCH,10:38 PM,4/15/2014,N,74,NA,121,95,8,5,2,1,64,54,1,3,1,21,21,227,22,30.32593416,-97.72634559,RM,2222,NA,10.772,RM2222,NA,2100,1,10.89,536,0.849,,NA,NA,N LAMAR BLVD,NA,NA,NA,NA,Y,Y,N,2,9,Y,TUE,2,0,0,0,0,2,4,70,44,44,4,2,2,1,0,0,1,0,0,0,0,4,14,28000,2012,28000,0.9,0.3,1.2,1,120,0,NA,0,NA,NA,NA,NA,NA,NA,NA,NA,NA,NA,NA,NA,NA,NA,NA,NA,NA,NA,NA,NA,NA,0,1,0,1,0,1,0,90,137903322,1379033221
AUS_1379274321,1233,52,48,453,1817,2,4.85E+11,1500US484530018172,Block Group 2,G5030,S,1005726,0,30.3613966,-97.7367684,13792743,AUS_13792743,30.36229381,-97.7403157,2,1,3,16,2,49,5,1,4,11,1,1,N,4,NA,NA,4,97,97,,,0,1,0,0,0,1,0,N,N,N,N,N,N,N,4/4/2014,4:33 PM,227,22,N,Y,NA,NA,19,NA,,1,7900,,SHOAL CREEK BLVD,BLVD,N,N,-1,N,N,,N,19,NA,,NA,,,ANDERSON LN,LN,NA,NA,,,,NA,11,1,98,NA,1,1,16,4:38 PM,DISPATCH,4:42 PM,4/4/2014,Y,74,NA,46,64,8,5,3,3,64,13,1,5,2,32,21,227,22,30.36229381,-97.7403157,,NA,NA,NA,SHOAL CREEK BLVD,7945,NA,NA,NA,NA,NA,,NA,NA,N/A,NA,NA,NA,NA,Y,N,N,2,9,Y,FRI,NA,NA,NA,NA,NA,NA,NA,NA,NA,NA,NA,NA,NA,NA,NA,NA,NA,NA,NA,NA,NA,NA,NA,NA,NA,NA,NA,NA,NA,NA,NA,NA,NA,NA,NA,NA,NA,NA,NA,NA,NA,NA,NA,NA,NA,NA,NA,NA,NA,NA,NA,NA,NA,NA,NA,0,1,0,1,0,1,0,90,137927432,1379274321
AUS_1379432621,1298,147,48,453,1849,1,4.85E+11,1500US484530018491,Block Group 1,G5030,S,5102991,0,30.3912707,-97.7232055,13794326,AUS_13794326,30.38349,-97.72409999,2,1,3,16,3,29,1,2,4,11,1,4,N,4,NA,NA,4,97,97,,,0,0,1,0,0,1,0,N,N,N,N,N,N,N,4/3/2014,4:33 PM,227,22,N,N,NA,NA,19,NA,,1,NA,,BURNET RD,RD,N,N,40,N,N,,Y,19,NA,,1,,,RUTLAND DR,DR,NA,NA,,,,NA,11,1,4,NA,1,1,5,4:35 PM,DISPATCH,4:38 PM,4/3/2014,Y,74,NA,46,64,8,5,2,1,64,54,1,5,1,21,21,227,22,30.38349,-97.72409999,,NA,NA,NA,BURNET RD,9899,NA,NA,NA,NA,NA,,NA,NA,RUTLAND DR,NA,NA,NA,NA,Y,N,N,3,9,Y,THU,NA,NA,NA,NA,NA,NA,NA,NA,NA,NA,NA,NA,NA,NA,NA,NA,NA,NA,NA,NA,NA,NA,NA,NA,NA,NA,NA,NA,NA,NA,NA,NA,NA,NA,NA,NA,NA,NA,NA,NA,NA,NA,NA,NA,NA,NA,NA,NA,NA,NA,NA,NA,NA,NA,NA,0,0,1,1,0,1,0,90,137943262,1379432621
AUS_1379677421,39,174,48,453,1728,4,4.85E+11,1500US484530017284,Block Group 4,G5030,S,1377405,0,30.189904,-97.8199033,13796774,AUS_13796774,30.18593511,-97.81631805,2,1,3,16,2,56,1,2,4,11,1,97,N,4,NA,NA,4,97,97,,,0,1,0,0,0,1,0,N,N,N,N,N,N,N,1/16/2014,11:41 AM,227,22,N,N,NA,NA,19,NA,,1,NA,,MANCHACA,RD,N,N,45,N,N,,Y,19,NA,,1,,,DAVIS,LN,NA,NA,,,,NA,11,1,4,3,1,1,5,10:08 AM,ON SIGHT,10:15 AM,1/16/2014,N,74,1042,99,130,8,5,1,1,64,54,1,3,1,21,21,227,22,30.18593511,-97.81631805,FM,2304,NA,1.106,FM2304,8599,2689,1,4.119,446,-0.868,,NA,NA,DAVIS LN,NA,NA,NA,NA,Y,Y,N,2,9,Y,THU,2,0,6,10,0,2,4,100,72,48,4,2,2,2,6,5,2,10,5,0,0,4,14,30000,2012,30000,1.8,0.2,2,NA,NA,NA,NA,NA,NA,NA,NA,NA,NA,NA,NA,NA,NA,NA,NA,NA,NA,NA,NA,NA,NA,NA,NA,NA,NA,0,1,0,1,0,1,0,90,137967742,1379677421
AUS_1379754121,95,26,48,453,1737,2,4.85E+11,1500US484530017372,Block Group 2,G5030,S,4340354,0,30.2059815,-97.8810416,13797541,AUS_13797541,30.20896,-97.88403,2,1,3,16,2,NA,2,1,4,11,1,3,N,4,NA,NA,4,97,97,,,0,1,0,0,0,1,0,N,N,N,N,N,N,N,4/6/2014,7:41 AM,227,22,N,N,NA,NA,19,NA,,1,6500,,TAYLOR CREST,DR,N,N,25,N,N,,Y,19,NA,,1,,,HILLSIDE TERRACE,DR,NA,NA,,,,NA,11,1,4,NA,1,1,8,7:41 AM,DISPATCH,7:50 AM,4/9/2014,Y,74,1043,93,112,8,5,1,1,64,54,1,5,1,21,21,227,22,30.20896,-97.88403,,NA,NA,NA,TAYLORCREST DR,6599,NA,NA,NA,NA,NA,,NA,NA,HILLSIDE TERRACE DR,NA,NA,NA,NA,Y,N,N,2,9,Y,SUN,NA,NA,NA,NA,NA,NA,NA,NA,NA,NA,NA,NA,NA,NA,NA,NA,NA,NA,NA,NA,NA,NA,NA,NA,NA,NA,NA,NA,NA,NA,NA,NA,NA,NA,NA,NA,NA,NA,NA,NA,NA,NA,NA,NA,NA,NA,NA,NA,NA,NA,NA,NA,NA,NA,NA,0,1,0,1,0,1,0,90,137975412,1379754121