Crash_UP_ID,FID,FID_Austin,STATEFP,COUNTYFP,TRACTCE,BLKGRPCE,GEOID1,GEOID,NAMELSAD,MTFCC,FUNCSTAT,ALAND,AWATER,INTPTLAT,INTPTLON,CrashID,CrashID1,Latitude,Longitude,Unit_Nbr,Prsn_Nbr,Prsn_Type_ID,Prsn_Occpnt_Pos_ID,Prsn_Injry_Sev_ID,Prsn_Age,Prsn_Ethnicity_ID,Prsn_Gndr_ID,Prsn_Ejct_ID,Prsn_Rest_ID,Prsn_Airbag_ID,Prsn_Helmet_ID,Prsn_Sol_Fl,Prsn_Alc_Spec_Type_ID,Prsn_Alc_Rslt_ID,Prsn_Bac_Test_Rslt,Prsn_Drg_Spec_Type_ID,Prsn_Drg_Rslt_ID,Drvr_Drg_Cat_1_ID,Prsn_Death_Date,Prsn_Death_Time,Incap_Injry_Cnt.x,Nonincap_Injry_Cnt.x,Poss_Injry_Cnt.x,Non_Injry_Cnt.x,Unkn_Injry_Cnt.x,Tot_Injry_Cnt.x,Death_Cnt.x,Crash_Fatal_Fl,Cmv_Involv_Fl,Schl_Bus_Fl,Rr_Relat_Fl,Medical_Advisory_Fl,Amend_Supp_Fl,Active_School_Zone_Fl,Crash_Date,Crash_Time,Rpt_CRIS_Cnty_ID,Rpt_City_ID,Rpt_Outside_City_Limit_Fl,Thousand_Damage_Fl,Rpt_Latitude,Rpt_Longitude,Rpt_Rdwy_Sys_ID,Rpt_Hwy_Num,Rpt_Hwy_Sfx,Rpt_Road_Part_ID,Rpt_Block_Num,Rpt_Street_Pfx,Rpt_Street_Name,Rpt_Street_Sfx,Private_Dr_Fl,Toll_Road_Fl,Crash_Speed_Limit,Road_Constr_Zone_Fl,Road_Constr_Zone_Wrkr_Fl,Rpt_Street_Desc,At_Intrsct_Fl,Rpt_Sec_Rdwy_Sys_ID,Rpt_Sec_Hwy_Num,Rpt_Sec_Hwy_Sfx,Rpt_Sec_Road_Part_ID,Rpt_Sec_Block_Num,Rpt_Sec_Street_Pfx,Rpt_Sec_Street_Name,Rpt_Sec_Street_Sfx,Rpt_Ref_Mark_Offset_Amt,Rpt_Ref_Mark_Dist_Uom,Rpt_Ref_Mark_Dir,Rpt_Ref_Mark_Nbr,Rpt_Sec_Street_Desc,Rpt_CrossingNumber,Wthr_Cond_ID,Light_Cond_ID,Entr_Road_ID,Road_Type_ID,Road_Algn_ID,Surf_Cond_ID,Traffic_Cntl_ID,Investigat_Notify_Time,Investigat_Notify_Meth,Investigat_Arrv_Time,Report_Date,Investigat_Comp_Fl,Investigat_Agency_ID,Investigat_Area_ID,Investigat_District_ID,Investigat_Region_ID,Bridge_Detail_ID,Harm_Evnt_ID,Intrsct_Relat_ID,FHE_Collsn_ID,Obj_Struck_ID,Othr_Factr_ID,Road_Part_Adj_ID,Road_Cls_ID,Road_Relat_ID,Phys_Featr_1_ID,Phys_Featr_2_ID,Cnty_ID,City_ID,Latitude.1,Longitude.1,Hwy_Sys,Hwy_Nbr,Hwy_Sfx,Dfo,Street_Name,Street_Nbr,Control,Section,Milepoint,Ref_Mark_Nbr,Ref_Mark_Displ,Hwy_Sys_2,Hwy_Nbr_2,Hwy_Sfx_2,Street_Name_2,Street_Nbr_2,Control_2,Section_2,Milepoint_2,Txdot_Rptable_Fl,Onsys_Fl,Rural_Fl,Crash_Sev_ID,Pop_Group_ID,Located_Fl,Day_of_Week,Hwy_Dsgn_Lane_ID,Hwy_Dsgn_Hrt_ID,Hp_Shldr_Left,Hp_Shldr_Right,Hp_Median_Width,Base_Type_ID,Nbr_Of_Lane,Row_Width_Usual,Roadbed_Width,Surf_Width,Surf_Type_ID,Curb_Type_Left_ID,Curb_Type_Right_ID,Shldr_Type_Left_ID,Shldr_Width_Left,Shldr_Use_Left_ID,Shldr_Type_Right_ID,Shldr_Width_Right,Shldr_Use_Right_ID,Median_Type_ID,Median_Width,Rural_Urban_Type_ID,Func_Sys_ID,Adt_Curnt_Amt,Adt_Curnt_Year,Adt_Adj_Curnt_Amt,Pct_Single_Trk_Adt,Pct_Combo_Trk_Adt,Trk_Aadt_Pct,Curve_Type_ID,Curve_Lngth,Cd_Degr,Delta_Left_Right_ID,Dd_Degr,Feature_Crossed,Structure_Number,I_R_Min_Vert_Clear,Approach_Width,Bridge_Median_ID,Bridge_Loading_Type_ID,Bridge_Loading_In_1000_Lbs,Bridge_Srvc_Type_On_ID,Bridge_Srvc_Type_Under_ID,Culvert_Type_ID,Roadway_Width,Deck_Width,Bridge_Dir_Of_Traffic_ID,Bridge_Rte_Struct_Func_ID,Bridge_IR_Struct_Func_ID,CrossingNumber,RRCo,Poscrossing_ID,WDCode_ID,Standstop,Yield,Incap_Injry_Cnt.y,Nonincap_Injry_Cnt.y,Poss_Injry_Cnt.y,Non_Injry_Cnt.y,Unkn_Injry_Cnt.y,Tot_Injry_Cnt.y,Death_Cnt.y,MPO_ID,Unit_ID,Unit_Prsn_ID
AUS_1389331521,29,31,48,453,2430,1,4.85E+11,1500US484530024301,Block Group 1,G5030,S,399216,0,30.174095,-97.748157,13893315,AUS_13893315,30.17962,-97.74693,2,1,3,16,3,12,2,1,4,11,1,5,N,4,NA,NA,4,97,97,,,0,0,1,0,0,1,0,N,N,N,N,N,N,N,6/6/2014,10:54 AM,227,22,N,N,30.17967,-97.74689,19,NA,,1,NA,,E WILLIAM CANNON DR,DR,N,N,40,N,N,,Y,19,NA,,1,,,S PLEASANT VALLEY RD,RD,NA,NA,,,,NA,11,1,4,NA,3,1,5,10:54 AM,DISPATCH,10:56 AM,6/6/2014,Y,74,1042,99,130,8,5,2,1,64,3,1,5,1,21,21,227,22,30.17962,-97.74693,,NA,NA,NA,E WILLIAM CANNON DR,NA,NA,NA,NA,NA,NA,,NA,NA,UNKNOWN,NA,NA,NA,NA,Y,N,N,3,9,Y,FRI,NA,NA,NA,NA,NA,NA,NA,NA,NA,NA,NA,NA,NA,NA,NA,NA,NA,NA,NA,NA,NA,NA,NA,NA,NA,NA,NA,NA,NA,NA,NA,NA,NA,NA,NA,NA,NA,NA,NA,NA,NA,NA,NA,NA,NA,NA,NA,NA,NA,NA,NA,NA,NA,NA,NA,0,0,1,1,0,1,0,90,138933152,1389331521
AUS_1389335421,1390,200,48,453,1745,1,4.85E+11,1500US484530017451,Block Group 1,G5030,S,2502737,0,30.4268186,-97.7388789,13893354,AUS_13893354,30.43625459,-97.73465935,2,1,3,16,2,72,1,1,4,11,1,5,N,4,NA,NA,4,97,97,,,0,1,0,0,0,1,0,N,N,N,N,N,N,N,6/7/2014,5:00 PM,227,1792,Y,N,NA,NA,19,NA,,1,5300,W,PARMER LN,LN,N,N,-1,N,N,,N,19,NA,,NA,,,RIATA VISTA CIR,,NA,NA,,,,NA,11,1,2,NA,1,1,20,9:57 PM,DISPATCH,10:30 PM,6/7/2014,Y,74,NA,46,64,8,5,4,1,64,54,1,5,1,21,21,227,22,30.43625459,-97.73465935,,NA,NA,NA,W PARMER LN,NA,NA,NA,NA,NA,NA,,NA,NA,N/A,NA,NA,NA,NA,Y,N,N,2,9,Y,SAT,NA,NA,NA,NA,NA,NA,NA,NA,NA,NA,NA,NA,NA,NA,NA,NA,NA,NA,NA,NA,NA,NA,NA,NA,NA,NA,NA,NA,NA,NA,NA,NA,NA,NA,NA,NA,NA,NA,NA,NA,NA,NA,NA,NA,NA,NA,NA,NA,NA,NA,NA,NA,NA,NA,NA,0,1,0,0,1,1,0,90,138933542,1389335421
AUS_1389337721,966,48,48,453,307,1,4.85E+11,1500US484530003071,Block Group 1,G5030,S,1214064,0,30.2970324,-97.7125662,13893377,AUS_13893377,30.29993487,-97.71648563,2,1,3,16,2,NA,1,1,4,11,1,4,N,4,NA,NA,4,97,97,,,0,1,0,0,0,1,0,N,N,N,N,N,N,N,6/7/2014,12:14 PM,227,22,N,Y,NA,NA,19,NA,,1,4200,,CLARKSON AVE,AVE,N,N,-1,N,N,,Y,1,35,,2,,,NOT REPORTED,,NA,NA,,,,NA,11,1,3,2,1,1,8,12:14 PM,BY CITIZEN,12:14 PM,6/7/2014,Y,74,1061,10,14,8,5,1,2,64,54,2,1,1,21,21,227,22,30.29993487,-97.71648563,IH,35,NA,236.456,IH0035,NA,15,13,20.339,237,0.301,,NA,NA,CLARKSON AVE,NA,NA,NA,NA,Y,Y,N,2,9,Y,SAT,5,0,2,10,7,2,8,310,182,96,4,0,0,2,20,5,2,40,5,2,3,4,11,191460,2012,191460,2.5,6.6,9.1,NA,NA,NA,NA,NA,NA,NA,NA,NA,NA,NA,NA,NA,NA,NA,NA,NA,NA,NA,NA,NA,NA,NA,NA,NA,NA,0,1,0,1,0,1,0,90,138933772,1389337721
AUS_1389366421,883,365,48,453,603,4,4.85E+11,1500US484530006034,Block Group 4,G5030,S,91890,0,30.2891904,-97.7429845,13893664,AUS_13893664,30.28979,-97.74141,2,1,3,16,2,34,1,2,4,11,1,5,N,4,NA,NA,4,97,97,,,0,1,0,0,0,1,0,N,N,N,N,N,N,N,6/8/2014,10:04 AM,227,22,N,N,NA,NA,19,NA,,1,2500,,GUADALUPE ST,ST,N,N,-1,N,N,,Y,19,NA,,1,,,W DEAN KEETON ST,ST,NA,NA,,,,NA,11,1,2,NA,1,1,5,10:06 AM,DISPATCH,10:30 AM,6/9/2014,Y,74,1061,10,14,8,5,1,3,64,54,1,5,1,21,21,227,22,30.28979,-97.74141,,NA,NA,NA,GUADALUPE ST,2525,NA,NA,NA,NA,NA,,NA,NA,W DEAN KEETON ST,NA,NA,NA,NA,Y,N,N,2,9,Y,SUN,NA,NA,NA,NA,NA,NA,NA,NA,NA,NA,NA,NA,NA,NA,NA,NA,NA,NA,NA,NA,NA,NA,NA,NA,NA,NA,NA,NA,NA,NA,NA,NA,NA,NA,NA,NA,NA,NA,NA,NA,NA,NA,NA,NA,NA,NA,NA,NA,NA,NA,NA,NA,NA,NA,NA,0,1,0,1,0,1,0,90,138936642,1389366421
AUS_1389655521,163,415,48,453,2318,2,4.85E+11,1500US484530023182,Block Group 2,G5030,S,680530,0,30.23123,-97.702823,13896555,AUS_13896555,30.22586368,-97.70288736,2,1,3,16,2,NA,5,1,4,11,1,97,N,4,NA,NA,4,97,97,,,0,1,0,0,0,1,0,N,N,N,N,N,N,N,6/10/2014,5:44 AM,227,22,N,N,NA,NA,19,NA,,1,1800,,MONTOPOLIS DR,DR,N,N,35,N,N,,N,19,NA,,NA,,,KASPER ST,ST,NA,NA,,,,NA,11,4,0,NA,1,1,20,5:44 AM,DISPATCH,5:47 AM,6/10/2014,Y,74,1045,98,129,8,5,4,1,64,3,1,5,1,21,21,227,22,30.22586368,-97.70288736,,NA,NA,NA,MONTOPOLIS DR,1882,NA,NA,NA,NA,NA,,NA,NA,N/A,NA,NA,NA,NA,Y,N,N,2,9,Y,TUE,NA,NA,NA,NA,NA,NA,NA,NA,NA,NA,NA,NA,NA,NA,NA,NA,NA,NA,NA,NA,NA,NA,NA,NA,NA,NA,NA,NA,NA,NA,NA,NA,NA,NA,NA,NA,NA,NA,NA,NA,NA,NA,NA,NA,NA,NA,NA,NA,NA,NA,NA,NA,NA,NA,NA,0,1,0,0,1,1,0,90,138965552,1389655521
AUS_1389701621,155,421,48,453,2312,3,4.85E+11,1500US484530023123,Block Group 3,G5030,S,2831123,0,30.2233674,-97.6943834,13897016,AUS_13897016,30.22396,-97.70116,2,1,3,16,2,25,1,1,4,11,1,4,N,4,NA,NA,4,97,97,,,0,1,0,0,0,1,0,N,N,N,N,N,N,N,6/12/2014,10:11 PM,227,22,N,Y,NA,NA,19,NA,,1,NA,,E RIVERSIDE DR,DR,N,N,45,N,N,,Y,19,NA,,1,,,VARGAS RD,RD,NA,NA,,,,NA,11,3,2,NA,1,1,8,10:11 PM,DISPATCH,10:13 PM,6/12/2014,Y,74,1045,98,129,8,5,1,3,64,3,1,5,1,21,21,227,22,30.22396,-97.70116,,NA,NA,NA,E RIVERSIDE DR,NA,NA,NA,NA,NA,NA,,NA,NA,VARGAS RD,NA,NA,NA,NA,Y,N,N,2,9,Y,THU,NA,NA,NA,NA,NA,NA,NA,NA,NA,NA,NA,NA,NA,NA,NA,NA,NA,NA,NA,NA,NA,NA,NA,NA,NA,NA,NA,NA,NA,NA,NA,NA,NA,NA,NA,NA,NA,NA,NA,NA,NA,NA,NA,NA,NA,NA,NA,NA,NA,NA,NA,NA,NA,NA,NA,0,1,0,2,0,1,0,90,138970162,1389701621
AUS_1389953721,674,560,48,453,2111,1,4.85E+11,1500US484530021111,Block Group 1,G5030,S,837993,0,30.2683446,-97.6925165,13899537,AUS_13899537,30.270625,-97.69232,2,1,3,16,3,7,2,2,4,11,1,97,N,4,NA,NA,4,97,97,,,0,0,1,0,0,1,0,N,N,N,N,N,N,N,6/15/2014,7:30 PM,227,22,N,N,NA,NA,19,NA,,1,1050,,SPRINGDALE RD,RD,N,N,-1,N,N,,N,19,NA,,NA,,,PROCK LN,LN,NA,NA,,,,NA,11,1,7,NA,1,1,1,7:33 PM,DISPATCH,7:36 PM,6/16/2014,Y,74,NA,34,48,8,5,4,1,64,54,1,5,1,21,21,227,22,30.270625,-97.69232,,NA,NA,NA,SPRINGDALE RD,1050,NA,NA,NA,NA,NA,,NA,NA,N/A,NA,NA,NA,NA,Y,N,N,3,9,Y,SUN,NA,NA,NA,NA,NA,NA,NA,NA,NA,NA,NA,NA,NA,NA,NA,NA,NA,NA,NA,NA,NA,NA,NA,NA,NA,NA,NA,NA,NA,NA,NA,NA,NA,NA,NA,NA,NA,NA,NA,NA,NA,NA,NA,NA,NA,NA,NA,NA,NA,NA,NA,NA,NA,NA,NA,0,0,1,1,0,1,0,90,138995372,1389953721
AUS_1389960821,120,486,48,453,2403,1,4.85E+11,1500US484530024031,Block Group 1,G5030,S,1971214,0,30.2141453,-97.7608437,13899608,AUS_13899608,30.21655999,-97.75392001,2,1,3,16,3,38,1,1,4,11,1,4,N,4,NA,NA,4,97,97,,,0,0,1,0,0,1,0,N,N,N,N,N,N,N,6/16/2014,11:05 AM,227,22,N,N,NA,NA,19,NA,,1,4100,,SANTIAGO ST,ST,N,N,-1,N,N,,Y,19,NA,,2,,,E BEN WHITE BLVD SVRD EB,,NA,NA,,,,NA,11,1,2,NA,1,1,8,11:05 AM,DISPATCH,11:14 AM,6/16/2014,Y,74,1043,93,112,8,5,2,1,64,3,2,5,1,21,21,227,22,30.21655999,-97.75392001,,NA,NA,NA,SANTIAGO ST,4100,NA,NA,NA,NA,NA,,NA,NA,UNKNOWN,NA,NA,NA,NA,Y,N,N,3,9,Y,MON,NA,NA,NA,NA,NA,NA,NA,NA,NA,NA,NA,NA,NA,NA,NA,NA,NA,NA,NA,NA,NA,NA,NA,NA,NA,NA,NA,NA,NA,NA,NA,NA,NA,NA,NA,NA,NA,NA,NA,NA,NA,NA,NA,NA,NA,NA,NA,NA,NA,NA,NA,NA,NA,NA,NA,0,0,1,1,0,1,0,90,138996082,1389960821
AUS_1389985521,756,451,48,453,1200,2,4.85E+11,1500US484530012002,Block Group 2,G5030,S,1541732,189156,30.2719319,-97.7602566,13899855,AUS_13899855,30.27696525,-97.75169765,2,1,3,16,2,21,1,2,4,11,1,1,N,4,NA,NA,4,97,97,,,0,1,0,0,0,1,0,N,N,N,N,N,N,N,6/23/2014,11:15 AM,227,22,N,N,NA,NA,19,NA,,1,1000,W,12TH,ST,N,N,30,N,N,,N,19,NA,,NA,,N,LAMAR,BLVD,NA,NA,,,,NA,12,1,0,NA,2,1,11,1:32 PM,DISPATCH,1:46 PM,6/23/2014,Y,74,1061,10,14,8,5,3,2,64,13,1,5,1,32,21,227,22,30.27696525,-97.75169765,,NA,NA,NA,W 12TH ST,1003,NA,NA,NA,NA,NA,,NA,NA,N/A,NA,NA,NA,NA,Y,N,N,2,9,Y,MON,NA,NA,NA,NA,NA,NA,NA,NA,NA,NA,NA,NA,NA,NA,NA,NA,NA,NA,NA,NA,NA,NA,NA,NA,NA,NA,NA,NA,NA,NA,NA,NA,NA,NA,NA,NA,NA,NA,NA,NA,NA,NA,NA,NA,NA,NA,NA,NA,NA,NA,NA,NA,NA,NA,NA,0,1,0,0,1,1,0,90,138998552,1389985521
AUS_1390139721,16,322,48,453,2421,1,4.85E+11,1500US484530024211,Block Group 1,G5030,S,4372744,0,30.1654124,-97.8032333,13901397,AUS_13901397,30.17411,-97.80409,2,1,3,16,3,33,2,1,4,11,1,4,N,4,NA,NA,4,97,97,,,0,0,1,0,0,1,0,N,N,N,N,N,N,N,6/25/2014,12:56 PM,227,1792,Y,N,NA,NA,19,NA,,1,750,W,SLAUGHTER,LN,N,N,45,N,N,,Y,19,NA,,1,,,760 SIMONETTI,DR,NA,NA,,,,NA,11,1,2,NA,2,1,8,12:57 PM,DISPATCH,1:04 PM,6/25/2014,Y,74,1042,99,130,8,5,2,2,64,54,1,4,1,21,21,227,22,30.17411,-97.80409,,NA,NA,NA,W SLAUGHTER LN,750,NA,NA,NA,NA,NA,,NA,NA,UNKNOWN,NA,NA,NA,NA,Y,N,N,3,9,Y,WED,NA,NA,NA,NA,NA,NA,NA,NA,NA,NA,NA,NA,NA,NA,NA,NA,NA,NA,NA,NA,NA,NA,NA,NA,NA,NA,NA,NA,NA,NA,NA,NA,NA,NA,NA,NA,NA,NA,NA,NA,NA,NA,NA,NA,NA,NA,NA,NA,NA,NA,NA,NA,NA,NA,NA,0,0,1,1,0,1,0,90,139013972,1390139721
AUS_1390404021,675,433,48,453,1100,1,4.85E+11,1500US484530011001,Block Group 1,G5030,S,2044061,66635,30.2687002,-97.7433003,13904040,AUS_13904040,30.27086,-97.74177,2,1,3,16,2,36,1,1,4,11,1,5,N,4,NA,NA,4,97,97,,,0,1,0,0,0,1,0,N,N,N,N,N,N,N,6/17/2014,4:09 PM,227,22,N,N,NA,NA,19,NA,,1,NA,,CONGRESS,,N,N,-1,N,N,,Y,19,NA,,1,,E,E 9TH ST,ST,NA,NA,,,,NA,11,1,4,NA,1,1,5,4:09 PM,DISPATCH,4:16 PM,6/17/2014,Y,74,36,67,282,8,5,2,1,64,36,1,5,1,21,21,227,22,30.27086,-97.74177,,NA,NA,NA,CONGRESS AVE,899,NA,NA,NA,NA,NA,,NA,NA,E 9TH ST,NA,NA,NA,NA,Y,N,N,2,9,Y,TUE,NA,NA,NA,NA,NA,NA,NA,NA,NA,NA,NA,NA,NA,NA,NA,NA,NA,NA,NA,NA,NA,NA,NA,NA,NA,NA,NA,NA,NA,NA,NA,NA,NA,NA,NA,NA,NA,NA,NA,NA,NA,NA,NA,NA,NA,NA,NA,NA,NA,NA,NA,NA,NA,NA,NA,0,1,0,2,0,1,0,90,139040402,1390404021
AUS_1390446021,1360,525,48,453,2500,4,4.85E+11,1500US484530025004,Block Group 4,G5030,S,662885,0,30.4157263,-97.7523567,13904460,AUS_13904460,30.41620756,-97.74889394,2,1,3,16,2,40,1,1,4,11,1,97,N,4,NA,NA,4,97,97,,,0,1,0,0,0,1,0,N,N,N,N,N,N,N,6/20/2014,8:36 AM,227,22,N,N,NA,NA,19,NA,,7,11500,,JOLLIVILLE,RD,N,N,45,N,N,,N,19,NA,,NA,5300,,THUNDER CREEK,RD,NA,NA,,,,NA,12,1,0,NA,1,1,20,8:36 AM,DISPATCH,8:43 AM,6/20/2014,Y,74,NA,46,64,8,5,3,1,64,14,1,5,1,32,21,227,22,30.41620756,-97.74889394,,NA,NA,NA,JOLLYVILLE RD,11591,NA,NA,NA,NA,NA,,NA,NA,N/A,NA,NA,NA,NA,Y,N,N,2,9,Y,FRI,NA,NA,NA,NA,NA,NA,NA,NA,NA,NA,NA,NA,NA,NA,NA,NA,NA,NA,NA,NA,NA,NA,NA,NA,NA,NA,NA,NA,NA,NA,NA,NA,NA,NA,NA,NA,NA,NA,NA,NA,NA,NA,NA,NA,NA,NA,NA,NA,NA,NA,NA,NA,NA,NA,NA,0,1,0,1,0,1,0,90,139044602,1390446021
AUS_1390718921,22,285,48,453,1747,2,4.85E+11,1500US484530017472,Block Group 2,G5030,S,438233,0,30.1805367,-97.8268722,13907189,AUS_13907189,30.17748279,-97.82169557,2,1,3,16,2,21,1,1,4,11,1,4,N,4,NA,NA,4,97,97,,,0,1,0,0,0,1,0,N,N,N,N,N,N,N,5/30/2014,10:06 PM,227,22,N,Y,NA,NA,19,NA,,1,9500,,MANCHACA,RD,N,N,45,N,N,,N,19,NA,,NA,,,CROWNSPOINT,DR,NA,NA,,,,NA,11,4,0,3,1,1,1,10:06 PM,DISPATCH,10:10 PM,5/30/2014,Y,74,1042,99,130,8,5,4,1,64,54,1,3,1,21,21,227,22,30.17748279,-97.82169557,FM,2304,NA,1.769,FM2304,9514,2689,1,4.792,446,-0.205,,NA,NA,N/A,NA,NA,NA,NA,Y,Y,N,2,9,Y,FRI,2,0,0,12,0,2,4,100,76,48,4,2,2,1,0,0,2,12,5,0,0,4,14,28000,2012,28000,1.7,0.3,2,NA,NA,NA,NA,NA,NA,NA,NA,NA,NA,NA,NA,NA,NA,NA,NA,NA,NA,NA,NA,NA,NA,NA,NA,NA,NA,0,1,0,1,0,1,0,90,139071892,1390718921
AUS_1390806521,1188,191,48,453,1718,2,4.85E+11,1500US484530017182,Block Group 2,G5030,S,1012595,0,30.3447694,-97.7589346,13908065,AUS_13908065,30.34522048,-97.75230242,2,1,3,16,2,44,1,1,4,11,1,3,N,4,NA,NA,4,97,97,,,0,1,0,0,0,1,0,N,N,N,N,N,N,N,6/27/2014,5:00 PM,227,22,N,N,NA,NA,19,NA,,1,6400,,HART,LN,N,N,-1,N,N,,N,19,NA,,NA,6400,,BALCONES,DR,NA,NA,,,,NA,11,1,0,NA,3,1,20,5:00 PM,DISPATCH,5:25 PM,6/27/2014,Y,74,1061,10,14,8,5,3,1,64,54,1,5,1,32,21,227,22,30.34522048,-97.75230242,,NA,NA,NA,HART LN,6406,NA,NA,NA,NA,NA,,NA,NA,N/A,NA,NA,NA,NA,Y,N,N,2,9,Y,FRI,NA,NA,NA,NA,NA,NA,NA,NA,NA,NA,NA,NA,NA,NA,NA,NA,NA,NA,NA,NA,NA,NA,NA,NA,NA,NA,NA,NA,NA,NA,NA,NA,NA,NA,NA,NA,NA,NA,NA,NA,NA,NA,NA,NA,NA,NA,NA,NA,NA,NA,NA,NA,NA,NA,NA,0,1,0,1,0,1,0,90,139080652,1390806521
AUS_1391076421,894,65,48,453,401,2,4.85E+11,1500US484530004012,Block Group 2,G5030,S,1342888,0,30.2880599,-97.7281679,13910764,AUS_13910764,30.29104,-97.72713,2,1,3,16,2,19,4,1,4,11,1,97,N,4,NA,NA,4,97,97,,,0,1,0,0,0,1,0,N,N,N,N,N,N,N,6/20/2014,2:26 PM,227,22,N,N,NA,NA,19,NA,,1,NA,E,E 32ND ST,ST,N,N,35,N,N,,Y,19,NA,,1,,,RED RIVER ST,ST,NA,NA,,,,NA,11,1,4,NA,2,1,5,2:27 PM,DISPATCH,2:38 PM,6/20/2014,Y,74,1061,10,14,8,5,1,1,64,54,1,5,1,21,21,227,22,30.29104,-97.72713,,NA,NA,NA,E 32ND ST,898,NA,NA,NA,NA,NA,,NA,NA,RED RIVER ST,NA,NA,NA,NA,Y,N,N,2,9,Y,FRI,NA,NA,NA,NA,NA,NA,NA,NA,NA,NA,NA,NA,NA,NA,NA,NA,NA,NA,NA,NA,NA,NA,NA,NA,NA,NA,NA,NA,NA,NA,NA,NA,NA,NA,NA,NA,NA,NA,NA,NA,NA,NA,NA,NA,NA,NA,NA,NA,NA,NA,NA,NA,NA,NA,NA,0,1,0,1,0,1,0,90,139107642,1391076421
AUS_1391287421,1299,147,48,453,1849,1,4.85E+11,1500US484530018491,Block Group 1,G5030,S,5102991,0,30.3912707,-97.7232055,13912874,AUS_13912874,30.38375908,-97.72403932,2,1,3,16,2,48,1,1,4,11,1,97,N,4,NA,NA,4,97,97,,,0,1,0,0,0,1,0,N,N,N,N,N,N,N,6/27/2014,5:29 PM,227,22,N,N,NA,NA,19,NA,,1,10000,,BURNET RD,RD,N,N,30,N,N,,N,19,NA,,NA,,,RUTLAND DR,DR,NA,NA,,,N C/L,NA,11,1,0,NA,1,1,1,5:29 PM,DISPATCH,5:35 PM,6/27/2014,Y,74,NA,46,64,8,5,4,1,64,42,1,5,1,21,21,227,22,30.38375908,-97.72403932,,NA,NA,NA,BURNET RD,9927,NA,NA,NA,NA,NA,,NA,NA,N/A,NA,NA,NA,NA,Y,N,N,2,9,Y,FRI,NA,NA,NA,NA,NA,NA,NA,NA,NA,NA,NA,NA,NA,NA,NA,NA,NA,NA,NA,NA,NA,NA,NA,NA,NA,NA,NA,NA,NA,NA,NA,NA,NA,NA,NA,NA,NA,NA,NA,NA,NA,NA,NA,NA,NA,NA,NA,NA,NA,NA,NA,NA,NA,NA,NA,0,1,0,3,0,1,0,90,139128742,1391287421
AUS_1391663521,1160,101,48,453,1811,1,4.85E+11,1500US484530018111,Block Group 1,G5030,S,789696,0,30.3257908,-97.6885519,13916635,AUS_13916635,30.33224,-97.68666,2,1,3,16,3,18,2,1,4,11,1,4,N,4,NA,NA,4,97,97,,,0,0,1,0,0,1,0,N,Y,N,N,N,N,N,6/26/2014,10:11 PM,227,22,N,N,NA,NA,19,NA,,1,NA,,CAMERON RD,RD,N,N,45,N,N,,Y,19,NA,,1,,,E ANDERSON LN WB,LN,NA,NA,,,,NA,11,4,4,NA,1,1,5,10:11 PM,DISPATCH,10:20 PM,6/26/2014,Y,74,63,123,143,8,5,1,1,64,3,1,5,1,21,21,227,22,30.33224,-97.68666,,NA,NA,NA,CAMERON RD,NA,NA,NA,NA,NA,NA,,NA,NA,ANDERSON LN E,NA,NA,NA,NA,Y,N,N,3,9,Y,THU,NA,NA,NA,NA,NA,NA,NA,NA,NA,NA,NA,NA,NA,NA,NA,NA,NA,NA,NA,NA,NA,NA,NA,NA,NA,NA,NA,NA,NA,NA,NA,NA,NA,NA,NA,NA,NA,NA,NA,NA,NA,NA,NA,NA,NA,NA,NA,NA,NA,NA,NA,NA,NA,NA,NA,0,0,1,2,0,1,0,90,139166352,1391663521
AUS_1391878921,1045,336,48,453,302,1,4.85E+11,1500US484530003021,Block Group 1,G5030,S,283406,0,30.3075179,-97.7321031,13918789,AUS_13918789,30.30864,-97.72842,2,1,3,16,5,30,1,2,4,11,1,4,N,4,NA,NA,4,97,97,,,0,0,0,1,0,0,0,N,N,N,N,N,N,N,7/5/2014,3:20 PM,227,22,N,N,NA,NA,19,NA,,1,NA,S,SPEEDWAY,,N,N,-1,N,N,,Y,19,NA,,1,,W,45TH,,NA,NA,,,,NA,11,1,98,NA,1,1,5,1:46 PM,DISPATCH,3:10 PM,7/7/2014,Y,74,NA,46,64,8,5,1,1,64,54,1,5,1,21,21,227,22,30.30864,-97.72842,,NA,NA,NA,SPEEDWAY,4501,NA,NA,NA,NA,NA,,NA,NA,W 45TH ST,NA,NA,NA,NA,N,N,N,5,9,Y,SAT,NA,NA,NA,NA,NA,NA,NA,NA,NA,NA,NA,NA,NA,NA,NA,NA,NA,NA,NA,NA,NA,NA,NA,NA,NA,NA,NA,NA,NA,NA,NA,NA,NA,NA,NA,NA,NA,NA,NA,NA,NA,NA,NA,NA,NA,NA,NA,NA,NA,NA,NA,NA,NA,NA,NA,0,0,0,2,0,0,0,90,139187892,1391878921
AUS_1391906521,1369,541,48,453,1828,1,4.85E+11,1500US484530018281,Block Group 1,G5030,S,1085692,0,30.422059,-97.7203424,13919065,AUS_13919065,30.42301585,-97.72548497,2,1,3,16,2,13,1,1,4,11,1,2,N,4,NA,NA,4,97,97,,,0,1,0,0,0,1,0,N,N,N,N,N,N,N,7/7/2014,4:50 PM,227,1792,Y,Y,NA,NA,19,NA,,7,12300,,WYCLIFF LN,LN,N,N,35,N,N,,N,19,NA,,NA,4600,,HAWKHAVEN LN,LN,NA,NA,,,,NA,11,1,2,NA,2,1,20,5:51 PM,DISPATCH,6:01 PM,7/7/2014,Y,74,NA,46,64,8,5,3,4,64,14,1,5,1,32,21,227,22,30.42301585,-97.72548497,,NA,NA,NA,WYCLIFF LN,12357,NA,NA,NA,NA,NA,,NA,NA,N/A,NA,NA,NA,NA,Y,N,N,2,9,Y,MON,NA,NA,NA,NA,NA,NA,NA,NA,NA,NA,NA,NA,NA,NA,NA,NA,NA,NA,NA,NA,NA,NA,NA,NA,NA,NA,NA,NA,NA,NA,NA,NA,NA,NA,NA,NA,NA,NA,NA,NA,NA,NA,NA,NA,NA,NA,NA,NA,NA,NA,NA,NA,NA,NA,NA,0,1,0,1,0,1,0,90,139190652,1391906521