Crash_UP_ID,FID,FID_Austin,STATEFP,COUNTYFP,TRACTCE,BLKGRPCE,GEOID1,GEOID,NAMELSAD,MTFCC,FUNCSTAT,ALAND,AWATER,INTPTLAT,INTPTLON,CrashID,CrashID1,Latitude,Longitude,Unit_Nbr,Prsn_Nbr,Prsn_Type_ID,Prsn_Occpnt_Pos_ID,Prsn_Injry_Sev_ID,Prsn_Age,Prsn_Ethnicity_ID,Prsn_Gndr_ID,Prsn_Ejct_ID,Prsn_Rest_ID,Prsn_Airbag_ID,Prsn_Helmet_ID,Prsn_Sol_Fl,Prsn_Alc_Spec_Type_ID,Prsn_Alc_Rslt_ID,Prsn_Bac_Test_Rslt,Prsn_Drg_Spec_Type_ID,Prsn_Drg_Rslt_ID,Drvr_Drg_Cat_1_ID,Prsn_Death_Date,Prsn_Death_Time,Incap_Injry_Cnt.x,Nonincap_Injry_Cnt.x,Poss_Injry_Cnt.x,Non_Injry_Cnt.x,Unkn_Injry_Cnt.x,Tot_Injry_Cnt.x,Death_Cnt.x,Crash_Fatal_Fl,Cmv_Involv_Fl,Schl_Bus_Fl,Rr_Relat_Fl,Medical_Advisory_Fl,Amend_Supp_Fl,Active_School_Zone_Fl,Crash_Date,Crash_Time,Rpt_CRIS_Cnty_ID,Rpt_City_ID,Rpt_Outside_City_Limit_Fl,Thousand_Damage_Fl,Rpt_Latitude,Rpt_Longitude,Rpt_Rdwy_Sys_ID,Rpt_Hwy_Num,Rpt_Hwy_Sfx,Rpt_Road_Part_ID,Rpt_Block_Num,Rpt_Street_Pfx,Rpt_Street_Name,Rpt_Street_Sfx,Private_Dr_Fl,Toll_Road_Fl,Crash_Speed_Limit,Road_Constr_Zone_Fl,Road_Constr_Zone_Wrkr_Fl,Rpt_Street_Desc,At_Intrsct_Fl,Rpt_Sec_Rdwy_Sys_ID,Rpt_Sec_Hwy_Num,Rpt_Sec_Hwy_Sfx,Rpt_Sec_Road_Part_ID,Rpt_Sec_Block_Num,Rpt_Sec_Street_Pfx,Rpt_Sec_Street_Name,Rpt_Sec_Street_Sfx,Rpt_Ref_Mark_Offset_Amt,Rpt_Ref_Mark_Dist_Uom,Rpt_Ref_Mark_Dir,Rpt_Ref_Mark_Nbr,Rpt_Sec_Street_Desc,Rpt_CrossingNumber,Wthr_Cond_ID,Light_Cond_ID,Entr_Road_ID,Road_Type_ID,Road_Algn_ID,Surf_Cond_ID,Traffic_Cntl_ID,Investigat_Notify_Time,Investigat_Notify_Meth,Investigat_Arrv_Time,Report_Date,Investigat_Comp_Fl,Investigat_Agency_ID,Investigat_Area_ID,Investigat_District_ID,Investigat_Region_ID,Bridge_Detail_ID,Harm_Evnt_ID,Intrsct_Relat_ID,FHE_Collsn_ID,Obj_Struck_ID,Othr_Factr_ID,Road_Part_Adj_ID,Road_Cls_ID,Road_Relat_ID,Phys_Featr_1_ID,Phys_Featr_2_ID,Cnty_ID,City_ID,Latitude.1,Longitude.1,Hwy_Sys,Hwy_Nbr,Hwy_Sfx,Dfo,Street_Name,Street_Nbr,Control,Section,Milepoint,Ref_Mark_Nbr,Ref_Mark_Displ,Hwy_Sys_2,Hwy_Nbr_2,Hwy_Sfx_2,Street_Name_2,Street_Nbr_2,Control_2,Section_2,Milepoint_2,Txdot_Rptable_Fl,Onsys_Fl,Rural_Fl,Crash_Sev_ID,Pop_Group_ID,Located_Fl,Day_of_Week,Hwy_Dsgn_Lane_ID,Hwy_Dsgn_Hrt_ID,Hp_Shldr_Left,Hp_Shldr_Right,Hp_Median_Width,Base_Type_ID,Nbr_Of_Lane,Row_Width_Usual,Roadbed_Width,Surf_Width,Surf_Type_ID,Curb_Type_Left_ID,Curb_Type_Right_ID,Shldr_Type_Left_ID,Shldr_Width_Left,Shldr_Use_Left_ID,Shldr_Type_Right_ID,Shldr_Width_Right,Shldr_Use_Right_ID,Median_Type_ID,Median_Width,Rural_Urban_Type_ID,Func_Sys_ID,Adt_Curnt_Amt,Adt_Curnt_Year,Adt_Adj_Curnt_Amt,Pct_Single_Trk_Adt,Pct_Combo_Trk_Adt,Trk_Aadt_Pct,Curve_Type_ID,Curve_Lngth,Cd_Degr,Delta_Left_Right_ID,Dd_Degr,Feature_Crossed,Structure_Number,I_R_Min_Vert_Clear,Approach_Width,Bridge_Median_ID,Bridge_Loading_Type_ID,Bridge_Loading_In_1000_Lbs,Bridge_Srvc_Type_On_ID,Bridge_Srvc_Type_Under_ID,Culvert_Type_ID,Roadway_Width,Deck_Width,Bridge_Dir_Of_Traffic_ID,Bridge_Rte_Struct_Func_ID,Bridge_IR_Struct_Func_ID,CrossingNumber,RRCo,Poscrossing_ID,WDCode_ID,Standstop,Yield,Incap_Injry_Cnt.y,Nonincap_Injry_Cnt.y,Poss_Injry_Cnt.y,Non_Injry_Cnt.y,Unkn_Injry_Cnt.y,Tot_Injry_Cnt.y,Death_Cnt.y,MPO_ID,Unit_ID,Unit_Prsn_ID
AUS_1397847021,755,368,48,453,802,2,4.85E+11,1500US484530008022,Block Group 2,G5030,S,380331,0,30.274356,-97.7038305,13978470,AUS_13978470,30.27685,-97.70033,2,1,3,16,2,NA,3,1,4,11,1,4,N,4,NA,NA,4,97,97,,,0,1,0,0,0,1,0,N,N,N,N,N,N,N,8/1/2014,12:45 PM,227,22,N,N,NA,NA,19,NA,,1,3200,E,E 12TH ST,ST,N,N,30,N,N,,Y,19,NA,,1,1200,,AIRPORT BLVD,BLVD,NA,NA,,,,NA,12,1,0,NA,2,1,5,2:12 PM,DISPATCH,2:30 PM,8/1/2014,Y,74,NA,34,48,8,5,2,3,64,54,1,5,1,21,21,227,22,30.27685,-97.70033,,NA,NA,NA,E 12TH ST,3199,NA,NA,NA,NA,NA,,NA,NA,AIRPORT BLVD,NA,NA,NA,NA,Y,N,N,2,9,Y,FRI,NA,NA,NA,NA,NA,NA,NA,NA,NA,NA,NA,NA,NA,NA,NA,NA,NA,NA,NA,NA,NA,NA,NA,NA,NA,NA,NA,NA,NA,NA,NA,NA,NA,NA,NA,NA,NA,NA,NA,NA,NA,NA,NA,NA,NA,NA,NA,NA,NA,NA,NA,NA,NA,NA,NA,0,1,0,0,1,1,0,90,139784702,1397847021
AUS_1397936521,497,433,48,453,1100,1,4.85E+11,1500US484530011001,Block Group 1,G5030,S,2044061,66635,30.2687002,-97.7433003,13979365,AUS_13979365,30.26275349,-97.74212095,2,1,3,16,2,61,3,1,4,11,1,4,N,4,NA,NA,4,97,97,,,0,1,0,0,0,1,0,N,N,N,N,N,N,N,7/30/2014,1:39 PM,227,22,N,N,NA,NA,19,NA,,1,NA,E,CESAR CHAVEZ,ST,N,N,30,N,N,,Y,19,NA,,1,,,SAN JACINTO,BLVD,NA,NA,,,,NA,11,1,2,3,1,1,5,1:39 PM,DISPATCH,1:50 PM,7/30/2014,N,74,36,67,282,8,5,1,2,64,54,1,2,1,21,21,227,22,30.26275349,-97.74212095,SL,343,NA,4.689,SL0343,298,113,12,5.937,568,0.371,,NA,NA,SAN JACINTO BLVD,NA,NA,NA,NA,Y,Y,N,2,9,Y,WED,1,0,10,10,0,9,4,80,68,48,6,0,0,2,10,5,2,10,5,0,0,4,14,29000,2012,29000,0.9,0.3,1.2,NA,NA,NA,NA,NA,NA,NA,NA,NA,NA,NA,NA,NA,NA,NA,NA,NA,NA,NA,NA,NA,NA,NA,NA,NA,NA,0,1,0,1,0,1,0,90,139793652,1397936521
AUS_1398092321,744,67,48,453,700,1,4.85E+11,1500US484530007001,Block Group 1,G5030,S,1615130,0,30.2777004,-97.7411232,13980923,AUS_13980923,30.27617,-97.73713,2,1,3,16,2,41,1,1,4,11,1,4,N,4,NA,NA,4,97,97,,,0,1,0,0,0,1,0,N,N,N,N,N,Y,N,8/16/2014,9:10 AM,227,22,N,N,NA,NA,19,NA,,1,NA,E,15TH,ST,N,N,35,N,N,,Y,19,NA,,1,,,SAN JACINTO,BLVD,NA,NA,,,,NA,11,1,4,NA,2,1,5,9:10 AM,DISPATCH,9:12 AM,8/16/2014,Y,74,1061,10,14,8,5,2,1,64,54,1,5,1,21,21,227,22,30.27617,-97.73713,,NA,NA,NA,E 15TH ST,NA,NA,NA,NA,NA,NA,,NA,NA,SAN JACINTO BLVD,NA,NA,NA,NA,Y,N,N,2,9,Y,SAT,NA,NA,NA,NA,NA,NA,NA,NA,NA,NA,NA,NA,NA,NA,NA,NA,NA,NA,NA,NA,NA,NA,NA,NA,NA,NA,NA,NA,NA,NA,NA,NA,NA,NA,NA,NA,NA,NA,NA,NA,NA,NA,NA,NA,NA,NA,NA,NA,NA,NA,NA,NA,NA,NA,NA,0,1,0,1,0,1,0,90,139809232,1398092321
AUS_1398204921,1076,506,48,453,305,2,4.85E+11,1500US484530003052,Block Group 2,G5030,S,621511,0,30.3138589,-97.7287013,13982049,AUS_13982049,30.31283,-97.73165,2,1,3,16,3,35,1,1,4,11,1,2,N,4,NA,NA,4,97,97,,,0,0,1,0,0,1,0,N,N,N,N,N,N,N,8/14/2014,9:33 AM,227,22,N,N,NA,NA,19,NA,,1,4600,,GUADALUPE,ST,N,N,35,N,N,,N,19,NA,,NA,500,W,45TH,ST,NA,NA,,,,NA,11,1,0,NA,1,1,20,9:33 AM,DISPATCH,9:40 AM,8/14/2014,Y,74,1061,10,14,8,5,3,2,64,13,1,5,1,32,21,227,22,30.31283,-97.73165,,NA,NA,NA,GUADALUPE ST,4600,NA,NA,NA,NA,NA,,NA,NA,N/A,NA,NA,NA,NA,Y,N,N,3,9,Y,THU,NA,NA,NA,NA,NA,NA,NA,NA,NA,NA,NA,NA,NA,NA,NA,NA,NA,NA,NA,NA,NA,NA,NA,NA,NA,NA,NA,NA,NA,NA,NA,NA,NA,NA,NA,NA,NA,NA,NA,NA,NA,NA,NA,NA,NA,NA,NA,NA,NA,NA,NA,NA,NA,NA,NA,0,0,1,1,0,1,0,90,139820492,1398204921
AUS_1398401521,783,67,48,453,700,1,4.85E+11,1500US484530007001,Block Group 1,G5030,S,1615130,0,30.2777004,-97.7411232,13984015,AUS_13984015,30.279936,-97.74224813,2,1,3,16,5,23,1,1,4,11,1,4,N,4,NA,NA,4,97,97,,,0,0,0,1,0,0,0,N,N,N,N,N,N,N,8/19/2014,12:56 PM,227,22,N,Y,NA,NA,19,NA,,1,1700,,GUADALUPE,ST,N,N,-1,N,N,,N,19,NA,,NA,400,W,17TH,ST,NA,NA,,,DRIVE WAY,NA,11,1,0,NA,1,1,16,12:56 PM,ON SIGHT,12:56 PM,8/19/2014,Y,74,1061,10,14,8,5,4,2,64,3,1,5,1,11,21,227,22,30.279936,-97.74224813,,NA,NA,NA,GUADALUPE ST,1702,NA,NA,NA,NA,NA,,NA,NA,N/A,NA,NA,NA,NA,Y,N,N,5,9,Y,TUE,NA,NA,NA,NA,NA,NA,NA,NA,NA,NA,NA,NA,NA,NA,NA,NA,NA,NA,NA,NA,NA,NA,NA,NA,NA,NA,NA,NA,NA,NA,NA,NA,NA,NA,NA,NA,NA,NA,NA,NA,NA,NA,NA,NA,NA,NA,NA,NA,NA,NA,NA,NA,NA,NA,NA,0,0,0,3,0,0,0,90,139840152,1398401521
AUS_1398594621,955,2,48,453,204,1,4.85E+11,1500US484530002041,Block Group 1,G5030,S,514125,0,30.3003058,-97.7429373,13985946,AUS_13985946,30.29788,-97.74124,2,1,3,16,2,22,4,1,4,11,1,4,N,4,NA,NA,4,97,97,,,0,1,0,0,0,1,0,N,N,N,N,N,N,N,7/24/2014,5:51 PM,227,22,N,Y,NA,NA,19,NA,,1,NA,W,31ST,ST,N,N,35,N,N,,Y,19,NA,,1,,,GUADALUPE,ST,NA,NA,,,,NA,11,1,4,NA,1,1,20,5:51 PM,DISPATCH,5:55 PM,7/24/2014,Y,74,1061,10,14,8,5,1,3,64,54,1,5,1,21,21,227,22,30.29788,-97.74124,,NA,NA,NA,W 31ST ST,600,NA,NA,NA,NA,NA,,NA,NA,GUADALUPE ST,NA,NA,NA,NA,Y,N,N,2,9,Y,THU,NA,NA,NA,NA,NA,NA,NA,NA,NA,NA,NA,NA,NA,NA,NA,NA,NA,NA,NA,NA,NA,NA,NA,NA,NA,NA,NA,NA,NA,NA,NA,NA,NA,NA,NA,NA,NA,NA,NA,NA,NA,NA,NA,NA,NA,NA,NA,NA,NA,NA,NA,NA,NA,NA,NA,0,1,0,1,0,1,0,90,139859462,1398594621
AUS_1398644821,648,433,48,453,1100,1,4.85E+11,1500US484530011001,Block Group 1,G5030,S,2044061,66635,30.2687002,-97.7433003,13986448,AUS_13986448,30.26926,-97.73973,2,1,3,16,2,25,1,1,4,11,1,2,N,4,NA,NA,4,97,97,,,0,1,0,0,0,1,0,N,N,N,N,N,N,N,8/6/2014,4:09 PM,227,22,N,N,NA,NA,19,NA,,1,NA,,SAN JACINTO BLVD,BLVD,N,N,35,N,N,,Y,19,NA,,1,,E,E 8TH ST,ST,NA,NA,,,,NA,11,1,4,NA,1,1,5,4:09 PM,DISPATCH,4:12 PM,8/6/2014,Y,74,36,67,282,8,5,1,2,64,54,1,5,1,21,21,227,22,30.26926,-97.73973,,NA,NA,NA,SAN JACINTO BLVD,799,NA,NA,NA,NA,NA,,NA,NA,E 8TH ST,NA,NA,NA,NA,Y,N,N,2,9,Y,WED,NA,NA,NA,NA,NA,NA,NA,NA,NA,NA,NA,NA,NA,NA,NA,NA,NA,NA,NA,NA,NA,NA,NA,NA,NA,NA,NA,NA,NA,NA,NA,NA,NA,NA,NA,NA,NA,NA,NA,NA,NA,NA,NA,NA,NA,NA,NA,NA,NA,NA,NA,NA,NA,NA,NA,0,1,0,1,0,1,0,90,139864482,1398644821
AUS_1399264521,153,185,48,453,1712,1,4.85E+11,1500US484530017121,Block Group 1,G5030,S,1230676,0,30.2277107,-97.7961015,13992645,AUS_13992645,30.2234728,-97.7924265,2,1,3,16,3,52,1,2,4,11,1,97,N,4,NA,NA,4,97,97,,,0,0,1,0,0,1,0,N,N,N,N,N,N,N,8/8/2014,1:35 PM,227,22,N,N,NA,NA,19,NA,,1,4800,,LANSING,DR,N,N,35,N,N,,N,19,NA,,NA,4800,,MANCHACA,RD,NA,NA,,,,NA,11,1,2,NA,1,1,15,1:37 PM,DISPATCH,1:42 PM,8/8/2014,Y,74,1043,93,112,8,5,2,2,64,3,1,5,1,21,21,227,22,30.2234728,-97.7924265,,NA,NA,NA,LANSING DR,4802,NA,NA,NA,NA,NA,,NA,NA,MANCHACA RD,NA,NA,NA,NA,Y,N,N,3,9,Y,FRI,NA,NA,NA,NA,NA,NA,NA,NA,NA,NA,NA,NA,NA,NA,NA,NA,NA,NA,NA,NA,NA,NA,NA,NA,NA,NA,NA,NA,NA,NA,NA,NA,NA,NA,NA,NA,NA,NA,NA,NA,NA,NA,NA,NA,NA,NA,NA,NA,NA,NA,NA,NA,NA,NA,NA,0,0,1,1,0,1,0,90,139926452,1399264521
AUS_1399276321,814,67,48,453,700,1,4.85E+11,1500US484530007001,Block Group 1,G5030,S,1615130,0,30.2777004,-97.7411232,13992763,AUS_13992763,30.28284,-97.74588,2,1,3,16,1,21,1,2,4,11,1,97,N,4,NA,NA,4,97,97,,,1,0,0,0,0,1,0,N,N,N,N,N,N,N,8/8/2014,7:07 PM,227,22,N,Y,NA,NA,19,NA,,1,NA,,MARTIN LUTHER KING JR,BLVD,N,N,30,N,N,,Y,19,NA,,1,,,WEST AVE,,NA,NA,,,,NA,11,1,2,NA,1,1,1,7:07 PM,DISPATCH,7:18 PM,8/8/2014,Y,74,1061,10,14,8,5,1,3,64,54,1,5,1,21,21,227,22,30.28284,-97.74588,,NA,NA,NA,W MARTIN LUTHER KING JR BLVD,706,NA,NA,NA,NA,NA,,NA,NA,WEST AVE,NA,NA,NA,NA,Y,N,N,1,9,Y,FRI,NA,NA,NA,NA,NA,NA,NA,NA,NA,NA,NA,NA,NA,NA,NA,NA,NA,NA,NA,NA,NA,NA,NA,NA,NA,NA,NA,NA,NA,NA,NA,NA,NA,NA,NA,NA,NA,NA,NA,NA,NA,NA,NA,NA,NA,NA,NA,NA,NA,NA,NA,NA,NA,NA,NA,1,0,0,1,0,1,0,90,139927632,1399276321
AUS_1399432421,691,448,48,453,802,3,4.85E+11,1500US484530008023,Block Group 3,G5030,S,830366,0,30.2700814,-97.7111778,13994324,AUS_13994324,30.27238033,-97.70764454,2,1,3,16,2,34,1,2,4,11,1,4,N,4,NA,NA,4,97,97,,,0,1,0,0,0,1,0,N,N,N,N,N,N,N,8/10/2014,10:58 AM,227,22,N,N,NA,NA,19,NA,,7,2500,,ROSEWOOD,,N,N,30,N,N,,N,19,NA,,NA,,,BEDFORD,ST,NA,NA,,,,NA,11,1,0,NA,2,1,16,10:58 AM,DISPATCH,11:02 AM,8/10/2014,Y,74,NA,34,48,8,5,4,1,64,3,1,5,2,21,21,227,22,30.27238033,-97.70764454,,NA,NA,NA,ROSEWOOD AVE,2521,NA,NA,NA,NA,NA,,NA,NA,N/A,NA,NA,NA,NA,Y,N,N,2,9,Y,SUN,NA,NA,NA,NA,NA,NA,NA,NA,NA,NA,NA,NA,NA,NA,NA,NA,NA,NA,NA,NA,NA,NA,NA,NA,NA,NA,NA,NA,NA,NA,NA,NA,NA,NA,NA,NA,NA,NA,NA,NA,NA,NA,NA,NA,NA,NA,NA,NA,NA,NA,NA,NA,NA,NA,NA,0,2,0,1,0,2,0,90,139943242,1399432421
AUS_1399432431,690,448,48,453,802,3,4.85E+11,1500US484530008023,Block Group 3,G5030,S,830366,0,30.2700814,-97.7111778,13994324,AUS_13994324,30.27238033,-97.70764454,3,1,3,16,2,36,2,1,4,11,1,4,N,4,NA,NA,4,97,97,,,0,1,0,0,0,1,0,N,N,N,N,N,N,N,8/10/2014,10:58 AM,227,22,N,N,NA,NA,19,NA,,7,2500,,ROSEWOOD,,N,N,30,N,N,,N,19,NA,,NA,,,BEDFORD,ST,NA,NA,,,,NA,11,1,0,NA,2,1,16,10:58 AM,DISPATCH,11:02 AM,8/10/2014,Y,74,NA,34,48,8,5,4,1,64,3,1,5,2,21,21,227,22,30.27238033,-97.70764454,,NA,NA,NA,ROSEWOOD AVE,2521,NA,NA,NA,NA,NA,,NA,NA,N/A,NA,NA,NA,NA,Y,N,N,2,9,Y,SUN,NA,NA,NA,NA,NA,NA,NA,NA,NA,NA,NA,NA,NA,NA,NA,NA,NA,NA,NA,NA,NA,NA,NA,NA,NA,NA,NA,NA,NA,NA,NA,NA,NA,NA,NA,NA,NA,NA,NA,NA,NA,NA,NA,NA,NA,NA,NA,NA,NA,NA,NA,NA,NA,NA,NA,0,2,0,1,0,2,0,90,139943243,1399432431
AUS_1399710421,121,486,48,453,2403,1,4.85E+11,1500US484530024031,Block Group 1,G5030,S,1971214,0,30.2141453,-97.7608437,13997104,AUS_13997104,30.21655999,-97.75392001,2,1,3,16,2,26,3,1,4,11,1,97,N,4,NA,NA,4,97,97,,,0,1,0,0,0,1,0,N,N,N,N,N,N,N,8/28/2014,12:36 PM,227,22,N,N,NA,NA,19,NA,,1,4100,,SANTIAGO,ST,N,N,30,N,N,,Y,19,NA,,1,900,E,BEN WHITE BLVD SVRD,BLVD,NA,NA,,,,NA,11,1,0,NA,1,1,20,12:17 PM,DISPATCH,12:25 PM,8/28/2014,Y,74,1043,93,112,8,5,2,1,64,54,1,5,1,21,21,227,22,30.21655999,-97.75392001,,NA,NA,NA,SANTIAGO ST,4100,NA,NA,NA,NA,NA,,NA,NA,UNKNOWN,NA,NA,NA,NA,Y,N,N,2,9,Y,THU,NA,NA,NA,NA,NA,NA,NA,NA,NA,NA,NA,NA,NA,NA,NA,NA,NA,NA,NA,NA,NA,NA,NA,NA,NA,NA,NA,NA,NA,NA,NA,NA,NA,NA,NA,NA,NA,NA,NA,NA,NA,NA,NA,NA,NA,NA,NA,NA,NA,NA,NA,NA,NA,NA,NA,0,1,0,1,0,1,0,90,139971042,1399710421
AUS_1400155421,341,376,48,453,1401,2,4.85E+11,1500US484530014012,Block Group 2,G5030,S,605746,0,30.2451069,-97.74788,14001554,AUS_14001554,30.24863806,-97.75003355,2,1,3,16,3,25,1,2,4,11,1,3,N,4,NA,NA,4,97,97,,,0,0,1,0,0,1,0,N,N,N,N,N,N,N,9/1/2014,10:57 AM,227,22,N,Y,NA,NA,19,NA,,1,1400,S,CONGRESS,,N,N,35,N,N,,N,19,NA,,NA,,W,ELIZABETH,ST,NA,NA,,,,NA,11,1,98,NA,3,1,20,10:57 AM,DISPATCH,10:57 AM,9/1/2014,N,74,NA,34,48,8,5,3,3,64,13,1,5,1,32,20,227,22,30.24863806,-97.75003355,,NA,NA,NA,S CONGRESS AVE,1527,NA,NA,NA,NA,NA,,NA,NA,N/A,NA,NA,NA,NA,Y,N,N,3,9,Y,MON,NA,NA,NA,NA,NA,NA,NA,NA,NA,NA,NA,NA,NA,NA,NA,NA,NA,NA,NA,NA,NA,NA,NA,NA,NA,NA,NA,NA,NA,NA,NA,NA,NA,NA,NA,NA,NA,NA,NA,NA,NA,NA,NA,NA,NA,NA,NA,NA,NA,NA,NA,NA,NA,NA,NA,0,0,1,2,0,1,0,90,140015542,1400155421
AUS_1400319321,1336,548,48,453,1826,2,4.85E+11,1500US484530018262,Block Group 2,G5030,S,830600,0,30.4085544,-97.6869965,14003193,AUS_14003193,30.40674,-97.67975,2,1,3,16,2,25,1,1,4,11,1,5,N,4,NA,NA,4,97,97,,,0,1,0,0,0,1,0,N,N,N,N,N,N,N,8/26/2014,8:04 AM,227,22,N,Y,NA,NA,19,NA,,1,12400,,BLUESTONE,CIR,N,N,30,N,N,,Y,19,NA,,1,11300,W,PARMER,LN,NA,NA,,,,NA,11,1,0,NA,1,1,8,8:05 AM,DISPATCH,8:15 AM,9/3/2014,Y,74,63,123,143,8,5,2,1,64,3,1,5,1,21,21,227,22,30.40674,-97.67975,,NA,NA,NA,BLUESTONE CIR,12400,NA,NA,NA,NA,NA,,NA,NA,UNKNOWN,NA,NA,NA,NA,Y,N,N,2,9,Y,TUE,NA,NA,NA,NA,NA,NA,NA,NA,NA,NA,NA,NA,NA,NA,NA,NA,NA,NA,NA,NA,NA,NA,NA,NA,NA,NA,NA,NA,NA,NA,NA,NA,NA,NA,NA,NA,NA,NA,NA,NA,NA,NA,NA,NA,NA,NA,NA,NA,NA,NA,NA,NA,NA,NA,NA,0,1,0,1,0,1,0,90,140031932,1400319321
AUS_1400331321,1324,175,48,453,1722,2,4.85E+11,1500US484530017222,Block Group 2,G5030,S,1192674,0,30.3924165,-97.7490858,14003313,AUS_14003313,30.3999281,-97.74917871,2,1,3,16,2,59,1,1,4,11,1,97,N,4,NA,NA,4,97,97,,,0,1,0,0,0,1,0,N,N,N,N,N,N,N,9/2/2014,7:50 PM,227,22,N,Y,NA,NA,19,NA,,1,10800,N,JOLLYVILLE,RD,N,N,40,N,N,,N,19,NA,,NA,5000,W,BRAKER,LN,NA,NA,,,,NA,11,4,0,NA,1,1,16,7:55 PM,BY CITIZEN,8:00 PM,9/2/2014,Y,74,NA,46,64,8,5,3,1,64,13,1,5,2,32,21,227,22,30.3999281,-97.74917871,,NA,NA,NA,JOLLYVILLE RD,10613,NA,NA,NA,NA,NA,,NA,NA,N/A,NA,NA,NA,NA,Y,N,N,2,9,Y,TUE,NA,NA,NA,NA,NA,NA,NA,NA,NA,NA,NA,NA,NA,NA,NA,NA,NA,NA,NA,NA,NA,NA,NA,NA,NA,NA,NA,NA,NA,NA,NA,NA,NA,NA,NA,NA,NA,NA,NA,NA,NA,NA,NA,NA,NA,NA,NA,NA,NA,NA,NA,NA,NA,NA,NA,0,1,0,1,0,1,0,90,140033132,1400331321
AUS_1400644021,820,360,48,453,402,3,4.85E+11,1500US484530004023,Block Group 3,G5030,S,619665,0,30.2816518,-97.7219621,14006440,AUS_14006440,30.28377,-97.72221,2,1,3,16,1,27,1,1,4,11,1,2,N,4,NA,NA,4,97,97,,,1,0,0,0,0,1,0,N,N,N,N,N,N,N,8/15/2014,7:04 PM,227,22,N,Y,NA,NA,19,NA,,1,NA,,LAFAYETTE,AVE,N,N,-1,N,N,,Y,19,NA,,1,,,MANOR,RD,NA,NA,,,,NA,11,1,4,NA,5,1,5,7:04 PM,DISPATCH,7:09 PM,8/15/2014,Y,74,NA,34,48,8,5,1,3,64,54,1,5,1,21,21,227,22,30.28377,-97.72221,,NA,NA,NA,LAFAYETTE AVE,2301,NA,NA,NA,NA,NA,,NA,NA,MANOR RD,NA,NA,NA,NA,Y,N,N,1,9,Y,FRI,NA,NA,NA,NA,NA,NA,NA,NA,NA,NA,NA,NA,NA,NA,NA,NA,NA,NA,NA,NA,NA,NA,NA,NA,NA,NA,NA,NA,NA,NA,NA,NA,NA,NA,NA,NA,NA,NA,NA,NA,NA,NA,NA,NA,NA,NA,NA,NA,NA,NA,NA,NA,NA,NA,NA,1,0,0,0,1,1,0,90,140064402,1400644021
AUS_1400648121,585,433,48,453,1100,1,4.85E+11,1500US484530011001,Block Group 1,G5030,S,2044061,66635,30.2687002,-97.7433003,14006481,AUS_14006481,30.26634694,-97.7461002,2,1,3,16,5,26,1,1,4,11,1,4,N,4,NA,NA,4,97,97,,,0,0,0,1,0,0,0,N,N,N,N,N,N,N,8/15/2014,10:47 PM,227,22,N,N,NA,NA,19,NA,,1,300,,LAVACA,ST,N,N,-1,N,N,,N,19,NA,,NA,,,4TH,ST,NA,NA,,,,NA,11,4,4,NA,3,1,5,10:47 PM,DISPATCH,11:00 PM,8/15/2014,Y,74,36,67,282,8,5,4,1,64,54,1,5,1,21,21,227,22,30.26634694,-97.7461002,,NA,NA,NA,LAVACA ST,341,NA,NA,NA,NA,NA,,NA,NA,N/A,NA,NA,NA,NA,N,N,N,5,9,Y,FRI,NA,NA,NA,NA,NA,NA,NA,NA,NA,NA,NA,NA,NA,NA,NA,NA,NA,NA,NA,NA,NA,NA,NA,NA,NA,NA,NA,NA,NA,NA,NA,NA,NA,NA,NA,NA,NA,NA,NA,NA,NA,NA,NA,NA,NA,NA,NA,NA,NA,NA,NA,NA,NA,NA,NA,0,0,0,2,1,0,0,90,140064812,1400648121
AUS_1400998821,175,470,48,453,2005,2,4.85E+11,1500US484530020052,Block Group 2,G5030,S,438371,0,30.2303841,-97.7798033,14009988,AUS_14009988,30.22783041,-97.77947055,2,1,3,16,3,27,1,1,4,11,1,2,N,4,NA,NA,4,97,97,,,0,0,1,0,0,1,0,N,N,N,N,N,N,N,9/4/2014,8:33 AM,227,1792,Y,N,NA,NA,19,NA,,1,4200,,BANISTER,LN,N,N,30,N,N,,Y,2,290,E,2,,,NOT REPORTED,,NA,NA,,,,NA,11,1,0,2,3,1,5,8:33 AM,DISPATCH,8:36 AM,9/5/2014,N,74,1043,93,112,8,5,2,1,64,54,2,2,1,21,21,227,22,30.22783041,-97.77947055,US,290,NA,115.28,US0290,NA,113,13,1.445,576,0.248,,NA,NA,BANISTER LN,NA,NA,NA,NA,Y,Y,N,3,9,Y,THU,5,0,10,10,42,9,8,380,136,96,5,0,2,2,20,5,2,20,5,2,22,4,12,139430,2012,139430,1.9,2.6,4.5,1,331,1,1,26,NA,NA,NA,NA,NA,NA,NA,NA,NA,NA,NA,NA,NA,NA,NA,NA,NA,NA,NA,NA,NA,0,0,1,0,0,1,0,90,140099882,1400998821