Crash_UP_ID,FID,FID_Austin,STATEFP,COUNTYFP,TRACTCE,BLKGRPCE,GEOID1,GEOID,NAMELSAD,MTFCC,FUNCSTAT,ALAND,AWATER,INTPTLAT,INTPTLON,CrashID,CrashID1,Latitude,Longitude,Unit_Nbr,Prsn_Nbr,Prsn_Type_ID,Prsn_Occpnt_Pos_ID,Prsn_Injry_Sev_ID,Prsn_Age,Prsn_Ethnicity_ID,Prsn_Gndr_ID,Prsn_Ejct_ID,Prsn_Rest_ID,Prsn_Airbag_ID,Prsn_Helmet_ID,Prsn_Sol_Fl,Prsn_Alc_Spec_Type_ID,Prsn_Alc_Rslt_ID,Prsn_Bac_Test_Rslt,Prsn_Drg_Spec_Type_ID,Prsn_Drg_Rslt_ID,Drvr_Drg_Cat_1_ID,Prsn_Death_Date,Prsn_Death_Time,Incap_Injry_Cnt.x,Nonincap_Injry_Cnt.x,Poss_Injry_Cnt.x,Non_Injry_Cnt.x,Unkn_Injry_Cnt.x,Tot_Injry_Cnt.x,Death_Cnt.x,Crash_Fatal_Fl,Cmv_Involv_Fl,Schl_Bus_Fl,Rr_Relat_Fl,Medical_Advisory_Fl,Amend_Supp_Fl,Active_School_Zone_Fl,Crash_Date,Crash_Time,Rpt_CRIS_Cnty_ID,Rpt_City_ID,Rpt_Outside_City_Limit_Fl,Thousand_Damage_Fl,Rpt_Latitude,Rpt_Longitude,Rpt_Rdwy_Sys_ID,Rpt_Hwy_Num,Rpt_Hwy_Sfx,Rpt_Road_Part_ID,Rpt_Block_Num,Rpt_Street_Pfx,Rpt_Street_Name,Rpt_Street_Sfx,Private_Dr_Fl,Toll_Road_Fl,Crash_Speed_Limit,Road_Constr_Zone_Fl,Road_Constr_Zone_Wrkr_Fl,Rpt_Street_Desc,At_Intrsct_Fl,Rpt_Sec_Rdwy_Sys_ID,Rpt_Sec_Hwy_Num,Rpt_Sec_Hwy_Sfx,Rpt_Sec_Road_Part_ID,Rpt_Sec_Block_Num,Rpt_Sec_Street_Pfx,Rpt_Sec_Street_Name,Rpt_Sec_Street_Sfx,Rpt_Ref_Mark_Offset_Amt,Rpt_Ref_Mark_Dist_Uom,Rpt_Ref_Mark_Dir,Rpt_Ref_Mark_Nbr,Rpt_Sec_Street_Desc,Rpt_CrossingNumber,Wthr_Cond_ID,Light_Cond_ID,Entr_Road_ID,Road_Type_ID,Road_Algn_ID,Surf_Cond_ID,Traffic_Cntl_ID,Investigat_Notify_Time,Investigat_Notify_Meth,Investigat_Arrv_Time,Report_Date,Investigat_Comp_Fl,Investigat_Agency_ID,Investigat_Area_ID,Investigat_District_ID,Investigat_Region_ID,Bridge_Detail_ID,Harm_Evnt_ID,Intrsct_Relat_ID,FHE_Collsn_ID,Obj_Struck_ID,Othr_Factr_ID,Road_Part_Adj_ID,Road_Cls_ID,Road_Relat_ID,Phys_Featr_1_ID,Phys_Featr_2_ID,Cnty_ID,City_ID,Latitude.1,Longitude.1,Hwy_Sys,Hwy_Nbr,Hwy_Sfx,Dfo,Street_Name,Street_Nbr,Control,Section,Milepoint,Ref_Mark_Nbr,Ref_Mark_Displ,Hwy_Sys_2,Hwy_Nbr_2,Hwy_Sfx_2,Street_Name_2,Street_Nbr_2,Control_2,Section_2,Milepoint_2,Txdot_Rptable_Fl,Onsys_Fl,Rural_Fl,Crash_Sev_ID,Pop_Group_ID,Located_Fl,Day_of_Week,Hwy_Dsgn_Lane_ID,Hwy_Dsgn_Hrt_ID,Hp_Shldr_Left,Hp_Shldr_Right,Hp_Median_Width,Base_Type_ID,Nbr_Of_Lane,Row_Width_Usual,Roadbed_Width,Surf_Width,Surf_Type_ID,Curb_Type_Left_ID,Curb_Type_Right_ID,Shldr_Type_Left_ID,Shldr_Width_Left,Shldr_Use_Left_ID,Shldr_Type_Right_ID,Shldr_Width_Right,Shldr_Use_Right_ID,Median_Type_ID,Median_Width,Rural_Urban_Type_ID,Func_Sys_ID,Adt_Curnt_Amt,Adt_Curnt_Year,Adt_Adj_Curnt_Amt,Pct_Single_Trk_Adt,Pct_Combo_Trk_Adt,Trk_Aadt_Pct,Curve_Type_ID,Curve_Lngth,Cd_Degr,Delta_Left_Right_ID,Dd_Degr,Feature_Crossed,Structure_Number,I_R_Min_Vert_Clear,Approach_Width,Bridge_Median_ID,Bridge_Loading_Type_ID,Bridge_Loading_In_1000_Lbs,Bridge_Srvc_Type_On_ID,Bridge_Srvc_Type_Under_ID,Culvert_Type_ID,Roadway_Width,Deck_Width,Bridge_Dir_Of_Traffic_ID,Bridge_Rte_Struct_Func_ID,Bridge_IR_Struct_Func_ID,CrossingNumber,RRCo,Poscrossing_ID,WDCode_ID,Standstop,Yield,Incap_Injry_Cnt.y,Nonincap_Injry_Cnt.y,Poss_Injry_Cnt.y,Non_Injry_Cnt.y,Unkn_Injry_Cnt.y,Tot_Injry_Cnt.y,Death_Cnt.y,MPO_ID,Unit_ID,Unit_Prsn_ID
AUS_1434341721,211,327,48,453,2315,2,4.85E+11,1500US484530023152,Block Group 2,G5030,S,173895,0,30.2327529,-97.7305802,14343417,AUS_14343417,30.23246847,-97.73246977,2,1,3,16,2,36,1,1,4,11,1,4,N,4,NA,NA,4,97,97,,,0,1,0,0,0,1,0,N,N,N,N,N,N,N,3/18/2015,12:36 AM,227,22,N,Y,NA,NA,19,NA,,1,2100,,BURTON,DR,N,N,30,N,N,,N,19,NA,,1,,E,OLTORF,ST,NA,NA,,,,NA,11,4,0,NA,2,2,1,12:36 AM,DISPATCH,12:38 AM,3/18/2015,Y,74,NA,NA,98,8,5,4,1,64,54,1,5,1,21,21,227,22,30.23246847,-97.73246977,,NA,NA,NA,BURTON DR,2088,NA,NA,NA,NA,NA,,NA,NA,N/A,NA,NA,NA,NA,Y,N,N,2,9,Y,WED,NA,NA,NA,NA,NA,NA,NA,NA,NA,NA,NA,NA,NA,NA,NA,NA,NA,NA,NA,NA,NA,NA,NA,NA,NA,NA,NA,NA,NA,NA,NA,NA,NA,NA,NA,NA,NA,NA,NA,NA,NA,NA,NA,NA,NA,NA,NA,NA,NA,NA,NA,NA,NA,NA,NA,0,1,0,1,0,1,0,90,NA,NA
AUS_1434549921,1005,351,48,453,2106,3,4.85E+11,1500US484530021063,Block Group 3,G5030,S,724396,0,30.3057571,-97.6933877,14345499,AUS_14345499,30.30407609,-97.69876598,2,1,3,16,2,40,1,1,4,11,1,3,N,4,NA,NA,4,97,97,,,0,1,0,0,0,1,0,N,N,N,N,N,N,N,3/25/2015,8:51 AM,227,22,N,Y,NA,NA,19,NA,,1,4900,,BERKMAN,DR,N,N,-1,N,N,,N,19,NA,,1,1700,E,51ST,ST,NA,NA,,,,NA,11,1,0,NA,2,1,11,8:51 AM,DISPATCH,9:05 AM,3/25/2015,Y,74,NA,NA,121,8,5,3,3,64,13,1,5,2,32,21,227,22,30.30407609,-97.69876598,,NA,NA,NA,BERKMAN DR,5115,NA,NA,NA,NA,NA,,NA,NA,N/A,NA,NA,NA,NA,Y,N,N,2,9,Y,WED,NA,NA,NA,NA,NA,NA,NA,NA,NA,NA,NA,NA,NA,NA,NA,NA,NA,NA,NA,NA,NA,NA,NA,NA,NA,NA,NA,NA,NA,NA,NA,NA,NA,NA,NA,NA,NA,NA,NA,NA,NA,NA,NA,NA,NA,NA,NA,NA,NA,NA,NA,NA,NA,NA,NA,0,1,0,1,0,1,0,90,NA,NA
AUS_1434940921,1015,331,48,453,101,3,4.85E+11,1500US484530001013,Block Group 3,G5030,S,1069512,0,30.3134519,-97.7527007,14349409,AUS_14349409,30.30507477,-97.74925246,2,1,3,16,1,23,1,2,4,11,1,4,N,4,NA,NA,4,97,97,,,1,0,0,0,0,1,0,N,N,N,N,N,N,N,3/19/2015,9:05 PM,227,22,N,Y,NA,NA,19,NA,,1,3400,W,34TH,ST,N,N,30,N,N,,Y,19,NA,,1,,W,35TH,ST,NA,NA,,,,NA,11,4,0,NA,5,1,1,9:05 PM,DISPATCH,9:12 PM,3/19/2015,Y,74,NA,NA,120,8,5,1,3,64,54,1,5,1,21,21,227,22,30.30507477,-97.74925246,,NA,NA,NA,W 34TH ST,NA,NA,NA,NA,NA,NA,,NA,NA,W 35TH ST,NA,NA,NA,NA,Y,N,N,1,9,Y,THU,NA,NA,NA,NA,NA,NA,NA,NA,NA,NA,NA,NA,NA,NA,NA,NA,NA,NA,NA,NA,NA,NA,NA,NA,NA,NA,NA,NA,NA,NA,NA,NA,NA,NA,NA,NA,NA,NA,NA,NA,NA,NA,NA,NA,NA,NA,NA,NA,NA,NA,NA,NA,NA,NA,NA,1,0,0,1,0,1,0,90,NA,NA
AUS_1435261321,1174,527,48,453,1813,1,4.85E+11,1500US484530018131,Block Group 1,G5030,S,1287404,0,30.3487772,-97.6880936,14352613,AUS_14352613,30.3392898,-97.70004109,2,1,3,16,3,23,1,1,4,11,1,4,N,4,NA,NA,4,97,97,,,0,0,1,0,0,1,0,N,N,N,N,N,N,N,3/16/2015,4:10 PM,227,22,N,N,NA,NA,2,35,,2,7800,N,IH 35,,N,N,50,N,N,,N,2,183,,2,,,ANDERSON,,NA,NA,,,,NA,11,1,0,2,5,1,9,4:10 PM,DISPATCH,4:23 PM,3/16/2015,Y,74,NA,NA,123,8,5,2,1,64,54,2,1,1,21,21,227,22,30.3392898,-97.70004109,IH,35,NA,239.613,IH0035,NA,15,13,23.192,240,0.145,US,183,NA,US0183,NA,NA,NA,NA,Y,Y,N,3,9,Y,MON,5,0,10,10,23,2,6,300,112,72,4,0,0,2,20,5,2,20,5,2,3,4,11,130691,2014,130691,3.3,9.4,12.7,NA,NA,NA,NA,NA,NA,NA,NA,NA,NA,NA,NA,NA,NA,NA,NA,NA,NA,NA,NA,NA,NA,NA,NA,NA,NA,0,0,1,3,0,1,0,90,NA,NA
AUS_1435314921,174,394,48,453,2308,3,4.85E+11,1500US484530023083,Block Group 3,G5030,S,935764,0,30.2296904,-97.7527154,14353149,AUS_14353149,30.22780479,-97.75630246,2,1,3,16,2,32,2,1,4,11,1,5,N,4,NA,NA,4,97,97,,,0,1,0,0,0,1,0,N,N,N,N,N,N,N,3/23/2015,12:21 PM,227,22,N,N,NA,NA,19,NA,,1,3400,,WILLOW SPRINGS,RD,N,N,25,N,N,,Y,19,NA,,1,300,,WOODWARD,ST,NA,NA,,,,NA,11,1,2,NA,1,1,16,12:21 PM,DISPATCH,12:30 PM,3/23/2015,Y,74,NA,NA,93,8,5,1,1,64,54,1,5,1,21,21,227,22,30.22780479,-97.75630246,,NA,NA,NA,WILLOW SPRINGS RD,3401,NA,NA,NA,NA,NA,,NA,NA,WOODWARD ST,NA,NA,NA,NA,Y,N,N,2,9,Y,MON,NA,NA,NA,NA,NA,NA,NA,NA,NA,NA,NA,NA,NA,NA,NA,NA,NA,NA,NA,NA,NA,NA,NA,NA,NA,NA,NA,NA,NA,NA,NA,NA,NA,NA,NA,NA,NA,NA,NA,NA,NA,NA,NA,NA,NA,NA,NA,NA,NA,NA,NA,NA,NA,NA,NA,0,1,0,0,1,1,0,90,NA,NA
AUS_1435365221,659,384,48,453,804,1,4.85E+11,1500US484530008041,Block Group 1,G5030,S,385739,0,30.2696968,-97.7174616,14353652,AUS_14353652,30.26969478,-97.71902247,2,1,3,16,2,27,1,1,4,11,1,4,N,4,NA,NA,4,97,97,,,0,1,0,0,0,1,0,N,N,N,N,N,N,N,3/27/2015,8:16 PM,227,22,N,N,NA,NA,19,NA,,1,NA,,ROSEWOOD,AVE,N,N,35,N,N,,Y,19,NA,,1,,,CHICON,ST,NA,NA,,,,NA,11,4,4,NA,2,1,21,8:16 PM,DISPATCH,8:19 PM,3/27/2015,Y,74,NA,NA,34,8,5,2,3,64,54,1,5,1,21,21,227,22,30.26969478,-97.71902247,,NA,NA,NA,ROSEWOOD AVE,NA,NA,NA,NA,NA,NA,,NA,NA,CHICON ST,NA,NA,NA,NA,Y,N,N,2,9,Y,FRI,NA,NA,NA,NA,NA,NA,NA,NA,NA,NA,NA,NA,NA,NA,NA,NA,NA,NA,NA,NA,NA,NA,NA,NA,NA,NA,NA,NA,NA,NA,NA,NA,NA,NA,NA,NA,NA,NA,NA,NA,NA,NA,NA,NA,NA,NA,NA,NA,NA,NA,NA,NA,NA,NA,NA,0,1,0,2,0,1,0,90,NA,NA
AUS_1435423221,461,344,48,453,902,4,4.85E+11,1500US484530009024,Block Group 4,G5030,S,809825,0,30.2619393,-97.7293714,14354232,AUS_14354232,30.26115946,-97.72740462,2,1,3,16,2,29,1,1,4,11,1,4,N,4,NA,NA,4,97,97,,,0,1,0,0,0,1,0,N,N,N,N,N,N,N,3/15/2015,2:31 AM,227,22,N,Y,NA,NA,19,NA,,1,300,,COMAL,ST,N,N,30,N,N,,N,19,NA,,1,,E,4TH,ST,NA,NA,,,,NA,11,4,4,NA,2,1,11,2:32 AM,DISPATCH,2:34 AM,3/15/2015,N,74,NA,NA,67,8,5,2,1,64,54,1,5,1,21,21,227,22,30.26115946,-97.72740462,,NA,NA,NA,COMAL ST,390,NA,NA,NA,NA,NA,,NA,NA,E 4TH ST,NA,NA,NA,NA,Y,N,N,2,9,Y,SUN,NA,NA,NA,NA,NA,NA,NA,NA,NA,NA,NA,NA,NA,NA,NA,NA,NA,NA,NA,NA,NA,NA,NA,NA,NA,NA,NA,NA,NA,NA,NA,NA,NA,NA,NA,NA,NA,NA,NA,NA,NA,NA,NA,NA,NA,NA,NA,NA,NA,NA,NA,NA,NA,NA,NA,0,2,0,0,1,2,0,90,NA,NA
AUS_1435780521,486,344,48,453,902,4,4.85E+11,1500US484530009024,Block Group 4,G5030,S,809825,0,30.2619393,-97.7293714,14357805,AUS_14357805,30.26215478,-97.72695247,2,1,3,16,2,35,1,1,4,11,1,2,N,4,NA,NA,4,97,97,,,0,1,0,0,0,1,0,N,N,N,N,N,N,N,3/24/2015,8:14 AM,227,22,N,Y,NA,NA,19,NA,,1,500,,COMAL,ST,N,N,35,N,N,,Y,19,NA,,1,1500,E,5TH,ST,NA,NA,,,,NA,11,1,4,NA,1,1,8,8:14 AM,ROLLED UP,8:14 AM,3/24/2015,Y,74,NA,NA,115,8,5,1,1,64,54,1,5,1,21,21,227,22,30.26215478,-97.72695247,,NA,NA,NA,COMAL ST,499,NA,NA,NA,NA,NA,,NA,NA,E 5TH ST,NA,NA,NA,NA,Y,N,N,2,9,Y,TUE,NA,NA,NA,NA,NA,NA,NA,NA,NA,NA,NA,NA,NA,NA,NA,NA,NA,NA,NA,NA,NA,NA,NA,NA,NA,NA,NA,NA,NA,NA,NA,NA,NA,NA,NA,NA,NA,NA,NA,NA,NA,NA,NA,NA,NA,NA,NA,NA,NA,NA,NA,NA,NA,NA,NA,0,1,0,1,0,1,0,90,NA,NA
AUS_1435823321,388,447,48,453,1401,1,4.85E+11,1500US484530014011,Block Group 1,G5030,S,650840,121283,30.2552815,-97.7457665,14358233,AUS_14358233,30.25582206,-97.74737139,2,1,3,16,5,22,1,1,4,11,1,3,N,4,NA,NA,4,97,97,,,0,0,0,1,0,0,0,N,N,N,N,N,N,N,4/1/2015,8:24 AM,227,22,N,N,NA,NA,19,NA,,1,600,S,CONGRESS,AVE,N,N,35,N,N,S. CONGRESS AVE,N,19,NA,,NA,,E,RIVERSIDE,DR,NA,NA,,,E. RIVERSIDE DR,NA,12,1,0,NA,1,1,1,8:56 AM,DISPATCH,8:59 AM,4/1/2015,Y,74,NA,NA,98,8,5,3,3,64,13,1,5,1,32,21,227,22,30.25582206,-97.74737139,,NA,NA,NA,CONGRESS AVE S,602,NA,NA,NA,NA,NA,,NA,NA,N/A,NA,NA,NA,NA,N,N,N,5,9,Y,WED,NA,NA,NA,NA,NA,NA,NA,NA,NA,NA,NA,NA,NA,NA,NA,NA,NA,NA,NA,NA,NA,NA,NA,NA,NA,NA,NA,NA,NA,NA,NA,NA,NA,NA,NA,NA,NA,NA,NA,NA,NA,NA,NA,NA,NA,NA,NA,NA,NA,NA,NA,NA,NA,NA,NA,0,0,0,2,0,0,0,90,NA,NA
AUS_1436195821,1375,137,48,453,1863,1,4.85E+11,1500US484530018631,Block Group 1,G5030,S,756324,0,30.4324014,-97.6807133,14361958,AUS_14361958,30.42728444,-97.67742598,2,1,3,16,3,29,1,2,4,11,1,4,N,4,NA,NA,4,97,97,,,0,0,1,0,0,1,0,N,N,N,N,N,N,N,1/22/2015,6:35 AM,227,22,N,N,NA,NA,19,NA,,7,1700,W,HOWARD,LN,N,N,50,N,N,,N,19,NA,,7,13700,N,THERMAL,LN,NA,NA,,,,NA,2,3,98,NA,1,1,20,6:35 AM,DISPATCH,7:15 AM,1/22/2015,Y,74,NA,NA,46,8,5,4,1,64,54,1,5,1,21,21,227,22,30.42728444,-97.67742598,,NA,NA,NA,W HOWARD LN,1648,NA,NA,NA,NA,NA,,NA,NA,N/A,NA,NA,NA,NA,Y,N,N,3,9,Y,THU,NA,NA,NA,NA,NA,NA,NA,NA,NA,NA,NA,NA,NA,NA,NA,NA,NA,NA,NA,NA,NA,NA,NA,NA,NA,NA,NA,NA,NA,NA,NA,NA,NA,NA,NA,NA,NA,NA,NA,NA,NA,NA,NA,NA,NA,NA,NA,NA,NA,NA,NA,NA,NA,NA,NA,0,0,1,1,0,1,0,90,NA,NA
AUS_1436211021,824,367,48,453,604,3,4.85E+11,1500US484530006043,Block Group 3,G5030,S,167793,0,30.285568,-97.7464636,14362110,AUS_14362110,30.28414478,-97.74661246,2,1,3,16,5,20,1,2,4,11,1,5,N,4,NA,NA,4,97,97,,,0,0,0,1,0,0,0,N,N,N,N,N,N,N,3/14/2015,5:47 PM,227,22,N,N,NA,NA,19,NA,,1,2000,,PEARL,ST,N,N,25,N,N,,Y,19,NA,,1,,W,21ST,ST,NA,NA,,,,NA,11,1,0,NA,1,1,17,5:41 PM,DISPATCH,5:48 PM,3/14/2015,Y,74,NA,NA,10,8,5,1,1,64,54,1,5,1,21,21,227,22,30.28414478,-97.74661246,,NA,NA,NA,PEARL ST,1999,NA,NA,NA,NA,NA,,NA,NA,W 21ST ST,NA,NA,NA,NA,N,N,N,5,9,Y,SAT,NA,NA,NA,NA,NA,NA,NA,NA,NA,NA,NA,NA,NA,NA,NA,NA,NA,NA,NA,NA,NA,NA,NA,NA,NA,NA,NA,NA,NA,NA,NA,NA,NA,NA,NA,NA,NA,NA,NA,NA,NA,NA,NA,NA,NA,NA,NA,NA,NA,NA,NA,NA,NA,NA,NA,0,0,0,2,0,0,0,90,NA,NA
AUS_1436213221,542,349,48,453,1303,1,4.85E+11,1500US484530013031,Block Group 1,G5030,S,710768,43869,30.2634026,-97.7612102,14362132,AUS_14362132,30.26449154,-97.75711525,2,1,3,16,2,30,1,1,4,11,1,5,N,4,NA,NA,4,97,97,,,0,1,0,0,0,1,0,N,N,N,N,N,N,N,3/18/2015,12:51 PM,227,22,N,N,NA,NA,19,NA,,1,200,S,LAMAR,BLVD,N,N,30,N,N,,Y,19,NA,,1,1300,W,RIVERSIDE,DR,NA,NA,,,,NA,11,1,4,2,1,1,5,12:51 PM,DISPATCH,12:58 PM,3/18/2015,Y,74,NA,NA,93,8,5,1,1,64,54,1,2,1,21,21,227,22,30.26449154,-97.75711525,SL,343,NA,3.709,SL0343,NA,113,12,1.292,568,-0.668,,NA,NA,W RIVERSIDE DR,NA,NA,NA,NA,Y,Y,N,2,9,Y,WED,3,0,0,0,22,2,6,120,72,72,4,1,1,1,0,0,1,0,0,1,22,4,14,33647,2014,33647,1.2,0.4,1.6,NA,NA,NA,NA,NA,NA,NA,NA,NA,NA,NA,NA,NA,NA,NA,NA,NA,NA,NA,NA,NA,NA,NA,NA,NA,NA,0,1,0,1,0,1,0,90,NA,NA
AUS_1436224221,600,433,48,453,1100,1,4.85E+11,1500US484530011001,Block Group 1,G5030,S,2044061,66635,30.2687002,-97.7433003,14362242,AUS_14362242,30.26663764,-97.74512103,2,1,3,16,5,32,1,2,4,11,1,4,N,4,NA,NA,4,97,97,,,0,0,0,1,0,0,0,N,N,N,N,N,N,N,3/22/2015,2:51 AM,227,22,N,N,NA,NA,19,NA,,1,200,W,4TH,ST,N,N,30,N,N,,N,19,NA,,1,300,,COLORADO,ST,NA,NA,,,,NA,11,0,0,NA,8,1,1,2:51 AM,DISPATCH,2:54 AM,3/22/2015,Y,74,NA,NA,115,8,5,4,1,64,3,1,5,1,21,21,227,22,30.26663764,-97.74512103,,NA,NA,NA,W 4TH ST,204,NA,NA,NA,NA,NA,,NA,NA,N/A,NA,NA,NA,NA,N,N,N,5,9,Y,SUN,NA,NA,NA,NA,NA,NA,NA,NA,NA,NA,NA,NA,NA,NA,NA,NA,NA,NA,NA,NA,NA,NA,NA,NA,NA,NA,NA,NA,NA,NA,NA,NA,NA,NA,NA,NA,NA,NA,NA,NA,NA,NA,NA,NA,NA,NA,NA,NA,NA,NA,NA,NA,NA,NA,NA,0,0,0,5,0,0,0,90,NA,NA
AUS_1436224231,599,433,48,453,1100,1,4.85E+11,1500US484530011001,Block Group 1,G5030,S,2044061,66635,30.2687002,-97.7433003,14362242,AUS_14362242,30.26663764,-97.74512103,3,1,3,16,5,31,1,2,4,11,1,4,N,4,NA,NA,4,97,97,,,0,0,0,1,0,0,0,N,N,N,N,N,N,N,3/22/2015,2:51 AM,227,22,N,N,NA,NA,19,NA,,1,200,W,4TH,ST,N,N,30,N,N,,N,19,NA,,1,300,,COLORADO,ST,NA,NA,,,,NA,11,0,0,NA,8,1,1,2:51 AM,DISPATCH,2:54 AM,3/22/2015,Y,74,NA,NA,115,8,5,4,1,64,3,1,5,1,21,21,227,22,30.26663764,-97.74512103,,NA,NA,NA,W 4TH ST,204,NA,NA,NA,NA,NA,,NA,NA,N/A,NA,NA,NA,NA,N,N,N,5,9,Y,SUN,NA,NA,NA,NA,NA,NA,NA,NA,NA,NA,NA,NA,NA,NA,NA,NA,NA,NA,NA,NA,NA,NA,NA,NA,NA,NA,NA,NA,NA,NA,NA,NA,NA,NA,NA,NA,NA,NA,NA,NA,NA,NA,NA,NA,NA,NA,NA,NA,NA,NA,NA,NA,NA,NA,NA,0,0,0,5,0,0,0,90,NA,NA
AUS_1436232221,663,451,48,453,1200,2,4.85E+11,1500US484530012002,Block Group 2,G5030,S,1541732,189156,30.2719319,-97.7602566,14362322,AUS_14362322,30.26977478,-97.75314246,2,1,3,16,3,31,1,1,4,11,1,3,N,4,NA,NA,4,97,97,,,0,0,1,0,0,1,0,N,N,N,N,N,N,N,3/24/2015,7:12 PM,227,22,N,N,NA,NA,19,NA,,1,400,,BOWIE,ST,N,N,-1,N,N,,Y,19,NA,,1,800,W,5TH,ST,NA,NA,,,,NA,11,1,4,NA,1,1,5,7:12 PM,DISPATCH,7:33 PM,3/24/2015,Y,74,NA,NA,115,8,5,1,1,64,54,1,5,1,21,21,227,22,30.26977478,-97.75314246,,NA,NA,NA,BOWIE ST,499,NA,NA,NA,NA,NA,,NA,NA,W 5TH ST,NA,NA,NA,NA,Y,N,N,3,9,Y,TUE,NA,NA,NA,NA,NA,NA,NA,NA,NA,NA,NA,NA,NA,NA,NA,NA,NA,NA,NA,NA,NA,NA,NA,NA,NA,NA,NA,NA,NA,NA,NA,NA,NA,NA,NA,NA,NA,NA,NA,NA,NA,NA,NA,NA,NA,NA,NA,NA,NA,NA,NA,NA,NA,NA,NA,0,0,1,1,0,1,0,90,NA,NA
AUS_1436234421,86,403,48,453,2431,1,4.85E+11,1500US484530024311,Block Group 1,G5030,S,6698685,0,30.2011402,-97.7211115,14362344,AUS_14362344,30.20422694,-97.71388055,2,1,3,16,2,55,3,1,4,11,1,4,N,4,NA,NA,4,97,97,,,0,1,0,0,0,1,0,N,N,N,N,N,N,N,3/25/2015,5:45 AM,227,22,N,N,NA,NA,19,NA,,1,6500,,BURLESON,RD,N,N,45,N,N,,N,19,NA,,1,6300,E,STASSNEY,LN,NA,NA,,,,NA,11,6,0,NA,1,1,20,5:48 AM,DISPATCH,5:53 AM,3/25/2015,Y,74,NA,NA,169,8,5,4,1,64,54,1,5,1,21,21,227,22,30.20422694,-97.71388055,,NA,NA,NA,BURLESON RD,6503,NA,NA,NA,NA,NA,,NA,NA,N/A,NA,NA,NA,NA,Y,N,N,2,9,Y,WED,NA,NA,NA,NA,NA,NA,NA,NA,NA,NA,NA,NA,NA,NA,NA,NA,NA,NA,NA,NA,NA,NA,NA,NA,NA,NA,NA,NA,NA,NA,NA,NA,NA,NA,NA,NA,NA,NA,NA,NA,NA,NA,NA,NA,NA,NA,NA,NA,NA,NA,NA,NA,NA,NA,NA,0,1,0,1,0,1,0,90,NA,NA
AUS_1436236821,9,490,48,453,2433,2,4.85E+11,1500US484530024332,Block Group 2,G5030,S,35212454,72454,30.1690033,-97.5807392,14362368,AUS_14362368,30.16797479,-97.6200825,2,1,3,16,2,8,3,1,4,11,1,4,N,4,NA,NA,4,97,97,,,0,1,0,0,0,1,0,N,N,N,N,N,N,N,3/25/2015,5:56 PM,227,22,N,N,NA,NA,19,NA,,1,NA,,PEARCE,LN,N,N,45,N,N,,Y,19,NA,,1,,,ALOMAR,CV,NA,NA,,,,NA,11,1,4,NA,1,1,8,5:50 PM,DISPATCH,6:05 PM,3/25/2015,Y,74,NA,NA,98,8,5,2,1,64,54,1,5,1,21,21,227,22,30.16797479,-97.6200825,,NA,NA,NA,PEARCE LN,13098,NA,NA,NA,NA,NA,,NA,NA,ALOMAR CV,NA,NA,NA,NA,Y,N,N,2,9,Y,WED,NA,NA,NA,NA,NA,NA,NA,NA,NA,NA,NA,NA,NA,NA,NA,NA,NA,NA,NA,NA,NA,NA,NA,NA,NA,NA,NA,NA,NA,NA,NA,NA,NA,NA,NA,NA,NA,NA,NA,NA,NA,NA,NA,NA,NA,NA,NA,NA,NA,NA,NA,NA,NA,NA,NA,0,1,0,1,0,1,0,90,NA,NA
AUS_1437045921,335,449,48,453,2304,2,4.85E+11,1500US484530023042,Block Group 2,G5030,S,401183,145886,30.2462908,-97.7297119,14370459,AUS_14370459,30.24802183,-97.73534685,2,1,3,16,1,29,1,2,4,11,1,4,N,4,NA,NA,4,97,97,,,1,0,0,0,0,1,0,N,N,N,N,N,N,N,4/1/2015,9:16 PM,227,22,N,Y,NA,NA,1,35,,2,NA,S,IH 35 SERVICE,RD,N,N,-1,N,N,,Y,19,NA,,1,,E,E RIVERSIDE,DR,NA,NA,,,,NA,11,4,4,2,1,1,5,9:18 PM,DISPATCH,9:25 PM,4/1/2015,Y,74,NA,NA,98,8,5,1,1,64,54,2,1,1,21,21,227,22,30.24802183,-97.73534685,IH,35,NA,232.837,IH0035,NA,15,13,16.444,233,0.404,SL,343,NA,SL0343,NA,NA,NA,NA,Y,Y,N,1,9,Y,WED,5,0,2,10,7,2,6,300,96,72,4,0,0,2,4,5,2,20,5,2,3,4,11,197636,2014,197636,3.3,9.4,12.7,NA,NA,NA,NA,NA,NA,NA,NA,NA,NA,NA,NA,NA,NA,NA,NA,NA,NA,NA,NA,NA,NA,NA,NA,NA,NA,1,0,0,1,0,1,0,90,NA,NA
AUS_1437454621,685,325,48,453,2110,2,4.85E+11,1500US484530021102,Block Group 2,G5030,S,608933,0,30.2691066,-97.6849447,14374546,AUS_14374546,30.27193478,-97.68563248,2,1,3,16,3,9,2,2,4,11,1,5,N,4,NA,NA,4,97,97,,,0,0,1,0,0,1,0,N,N,N,N,N,N,N,3/28/2015,12:43 PM,227,22,N,Y,NA,NA,19,NA,,1,5200,,LEDESMA,RD,N,N,30,N,N,,Y,19,NA,,1,1100,,RICHARDINE,AVE,NA,NA,,,,NA,11,1,4,NA,2,1,8,12:43 PM,DISPATCH,12:45 PM,3/28/2015,N,74,NA,NA,8,8,5,1,1,64,54,1,5,1,21,21,227,22,30.27193478,-97.68563248,,NA,NA,NA,LEDESMA RD,5200,NA,NA,NA,NA,NA,,NA,NA,RICHARDINE AVE,NA,NA,NA,NA,Y,N,N,3,9,Y,SAT,NA,NA,NA,NA,NA,NA,NA,NA,NA,NA,NA,NA,NA,NA,NA,NA,NA,NA,NA,NA,NA,NA,NA,NA,NA,NA,NA,NA,NA,NA,NA,NA,NA,NA,NA,NA,NA,NA,NA,NA,NA,NA,NA,NA,NA,NA,NA,NA,NA,NA,NA,NA,NA,NA,NA,0,0,1,1,0,1,0,90,NA,NA