Crash_UP_ID,FID,FID_Austin,STATEFP,COUNTYFP,TRACTCE,BLKGRPCE,GEOID1,GEOID,NAMELSAD,MTFCC,FUNCSTAT,ALAND,AWATER,INTPTLAT,INTPTLON,CrashID,CrashID1,Latitude,Longitude,Unit_Nbr,Prsn_Nbr,Prsn_Type_ID,Prsn_Occpnt_Pos_ID,Prsn_Injry_Sev_ID,Prsn_Age,Prsn_Ethnicity_ID,Prsn_Gndr_ID,Prsn_Ejct_ID,Prsn_Rest_ID,Prsn_Airbag_ID,Prsn_Helmet_ID,Prsn_Sol_Fl,Prsn_Alc_Spec_Type_ID,Prsn_Alc_Rslt_ID,Prsn_Bac_Test_Rslt,Prsn_Drg_Spec_Type_ID,Prsn_Drg_Rslt_ID,Drvr_Drg_Cat_1_ID,Prsn_Death_Date,Prsn_Death_Time,Incap_Injry_Cnt.x,Nonincap_Injry_Cnt.x,Poss_Injry_Cnt.x,Non_Injry_Cnt.x,Unkn_Injry_Cnt.x,Tot_Injry_Cnt.x,Death_Cnt.x,Crash_Fatal_Fl,Cmv_Involv_Fl,Schl_Bus_Fl,Rr_Relat_Fl,Medical_Advisory_Fl,Amend_Supp_Fl,Active_School_Zone_Fl,Crash_Date,Crash_Time,Rpt_CRIS_Cnty_ID,Rpt_City_ID,Rpt_Outside_City_Limit_Fl,Thousand_Damage_Fl,Rpt_Latitude,Rpt_Longitude,Rpt_Rdwy_Sys_ID,Rpt_Hwy_Num,Rpt_Hwy_Sfx,Rpt_Road_Part_ID,Rpt_Block_Num,Rpt_Street_Pfx,Rpt_Street_Name,Rpt_Street_Sfx,Private_Dr_Fl,Toll_Road_Fl,Crash_Speed_Limit,Road_Constr_Zone_Fl,Road_Constr_Zone_Wrkr_Fl,Rpt_Street_Desc,At_Intrsct_Fl,Rpt_Sec_Rdwy_Sys_ID,Rpt_Sec_Hwy_Num,Rpt_Sec_Hwy_Sfx,Rpt_Sec_Road_Part_ID,Rpt_Sec_Block_Num,Rpt_Sec_Street_Pfx,Rpt_Sec_Street_Name,Rpt_Sec_Street_Sfx,Rpt_Ref_Mark_Offset_Amt,Rpt_Ref_Mark_Dist_Uom,Rpt_Ref_Mark_Dir,Rpt_Ref_Mark_Nbr,Rpt_Sec_Street_Desc,Rpt_CrossingNumber,Wthr_Cond_ID,Light_Cond_ID,Entr_Road_ID,Road_Type_ID,Road_Algn_ID,Surf_Cond_ID,Traffic_Cntl_ID,Investigat_Notify_Time,Investigat_Notify_Meth,Investigat_Arrv_Time,Report_Date,Investigat_Comp_Fl,Investigat_Agency_ID,Investigat_Area_ID,Investigat_District_ID,Investigat_Region_ID,Bridge_Detail_ID,Harm_Evnt_ID,Intrsct_Relat_ID,FHE_Collsn_ID,Obj_Struck_ID,Othr_Factr_ID,Road_Part_Adj_ID,Road_Cls_ID,Road_Relat_ID,Phys_Featr_1_ID,Phys_Featr_2_ID,Cnty_ID,City_ID,Latitude.1,Longitude.1,Hwy_Sys,Hwy_Nbr,Hwy_Sfx,Dfo,Street_Name,Street_Nbr,Control,Section,Milepoint,Ref_Mark_Nbr,Ref_Mark_Displ,Hwy_Sys_2,Hwy_Nbr_2,Hwy_Sfx_2,Street_Name_2,Street_Nbr_2,Control_2,Section_2,Milepoint_2,Txdot_Rptable_Fl,Onsys_Fl,Rural_Fl,Crash_Sev_ID,Pop_Group_ID,Located_Fl,Day_of_Week,Hwy_Dsgn_Lane_ID,Hwy_Dsgn_Hrt_ID,Hp_Shldr_Left,Hp_Shldr_Right,Hp_Median_Width,Base_Type_ID,Nbr_Of_Lane,Row_Width_Usual,Roadbed_Width,Surf_Width,Surf_Type_ID,Curb_Type_Left_ID,Curb_Type_Right_ID,Shldr_Type_Left_ID,Shldr_Width_Left,Shldr_Use_Left_ID,Shldr_Type_Right_ID,Shldr_Width_Right,Shldr_Use_Right_ID,Median_Type_ID,Median_Width,Rural_Urban_Type_ID,Func_Sys_ID,Adt_Curnt_Amt,Adt_Curnt_Year,Adt_Adj_Curnt_Amt,Pct_Single_Trk_Adt,Pct_Combo_Trk_Adt,Trk_Aadt_Pct,Curve_Type_ID,Curve_Lngth,Cd_Degr,Delta_Left_Right_ID,Dd_Degr,Feature_Crossed,Structure_Number,I_R_Min_Vert_Clear,Approach_Width,Bridge_Median_ID,Bridge_Loading_Type_ID,Bridge_Loading_In_1000_Lbs,Bridge_Srvc_Type_On_ID,Bridge_Srvc_Type_Under_ID,Culvert_Type_ID,Roadway_Width,Deck_Width,Bridge_Dir_Of_Traffic_ID,Bridge_Rte_Struct_Func_ID,Bridge_IR_Struct_Func_ID,CrossingNumber,RRCo,Poscrossing_ID,WDCode_ID,Standstop,Yield,Incap_Injry_Cnt.y,Nonincap_Injry_Cnt.y,Poss_Injry_Cnt.y,Non_Injry_Cnt.y,Unkn_Injry_Cnt.y,Tot_Injry_Cnt.y,Death_Cnt.y,MPO_ID,Unit_ID,Unit_Prsn_ID
AUS_1437457631,1116,43,48,453,1503,1,4.85E+11,1500US484530015031,Block Group 1,G5030,S,641563,0,30.3200143,-97.7196087,14374576,AUS_14374576,30.32317477,-97.72807245,3,1,3,16,3,53,3,1,4,11,1,4,N,4,NA,NA,4,97,97,,,0,0,1,0,0,1,0,N,N,N,N,N,N,N,3/30/2015,5:49 PM,227,22,N,Y,NA,NA,19,NA,,1,5500,N,LAMAR,BLVD,N,N,45,N,N,,N,19,NA,,1,,,STARK,ST,NA,NA,,,,NA,11,1,0,NA,1,1,20,5:49 PM,DISPATCH,5:58 PM,3/30/2015,Y,74,NA,NA,121,8,2,4,30,64,54,1,5,1,21,21,227,22,30.32317477,-97.72807245,,NA,NA,NA,N LAMAR BLVD,5500,NA,NA,NA,NA,NA,,NA,NA,N/A,NA,NA,NA,NA,Y,N,N,3,9,Y,MON,NA,NA,NA,NA,NA,NA,NA,NA,NA,NA,NA,NA,NA,NA,NA,NA,NA,NA,NA,NA,NA,NA,NA,NA,NA,NA,NA,NA,NA,NA,NA,NA,NA,NA,NA,NA,NA,NA,NA,NA,NA,NA,NA,NA,NA,NA,NA,NA,NA,NA,NA,NA,NA,NA,NA,0,0,3,2,0,3,0,90,NA,NA
AUS_1437492921,554,344,48,453,902,4,4.85E+11,1500US484530009024,Block Group 4,G5030,S,809825,0,30.2619393,-97.7293714,14374929,AUS_14374929,30.26479309,-97.73498848,2,1,3,16,3,31,2,1,4,11,1,4,N,4,NA,NA,4,97,97,,,0,0,1,0,0,1,0,N,N,N,N,N,N,N,4/6/2015,9:20 AM,227,22,N,N,NA,NA,19,NA,,1,700,E,5TH,ST,N,N,30,N,N,,Y,1,35,,2,500,N,N IH 35 SVRD SB,,NA,NA,,,,NA,11,1,2,2,1,1,8,9:56 AM,DISPATCH,10:00 AM,4/6/2015,Y,74,NA,NA,115,8,5,1,2,64,54,2,1,1,21,21,227,22,30.26479309,-97.73498848,IH,35,NA,234.021,IH0035,NA,15,13,17.606,235,-0.438,,NA,NA,E 5TH ST,NA,NA,NA,NA,Y,Y,N,3,9,Y,MON,5,0,2,5,7,2,6,300,86,72,4,0,0,2,4,5,2,10,5,2,3,4,11,148494,2014,148494,3.3,9.4,12.7,NA,NA,NA,NA,NA,NA,NA,NA,NA,NA,NA,NA,NA,NA,NA,NA,NA,NA,NA,NA,NA,NA,NA,NA,NA,NA,0,0,1,0,1,1,0,90,NA,NA
AUS_1437824021,1134,43,48,453,1503,1,4.85E+11,1500US484530015031,Block Group 1,G5030,S,641563,0,30.3200143,-97.7196087,14378240,AUS_14378240,30.32584668,-97.72639296,2,1,3,16,2,27,1,1,4,11,1,4,N,4,NA,NA,4,97,97,,,0,1,0,0,0,1,0,N,N,N,N,N,N,N,4/10/2015,2:31 PM,227,22,N,N,NA,NA,19,NA,,1,5600,N,LAMAR,BLVD,N,N,-1,N,N,,N,19,NA,,NA,,W,KOENIG,LN,NA,NA,,,,NA,11,1,0,NA,1,1,1,2:31 PM,DISPATCH,2:37 PM,4/10/2015,Y,74,NA,NA,84,8,5,3,2,64,13,1,1,1,32,21,227,22,30.32584668,-97.72639296,,NA,NA,NA,N LAMAR BLVD,NA,NA,NA,NA,NA,NA,,NA,NA,N/A,NA,NA,NA,NA,Y,N,N,2,9,Y,FRI,NA,NA,NA,NA,NA,NA,NA,NA,NA,NA,NA,NA,NA,NA,NA,NA,NA,NA,NA,NA,NA,NA,NA,NA,NA,NA,NA,NA,NA,NA,NA,NA,NA,NA,NA,NA,NA,NA,NA,NA,NA,NA,NA,NA,NA,NA,NA,NA,NA,NA,NA,NA,NA,NA,NA,0,1,0,1,0,1,0,90,NA,NA
AUS_1437832721,1093,46,48,453,305,1,4.85E+11,1500US484530003051,Block Group 1,G5030,S,426300,0,30.3120757,-97.7234563,14378327,AUS_14378327,30.31769477,-97.72117247,2,1,3,16,2,20,2,1,4,11,1,4,N,4,NA,NA,4,97,97,,,0,1,0,0,0,1,0,N,N,N,N,N,N,N,4/10/2015,3:30 PM,227,22,N,N,NA,NA,19,NA,,1,100,E,NORTH,LOOP,N,N,35,N,N,,Y,19,NA,,1,5300,,AVENUE F,,NA,NA,,,,NA,11,1,4,NA,1,1,11,5:23 PM,DISPATCH,5:45 PM,4/10/2015,Y,74,NA,NA,121,8,5,1,2,64,54,1,5,1,21,21,227,22,30.31769477,-97.72117247,,NA,NA,NA,E NORTH LOOP BLVD,198,NA,NA,NA,NA,NA,,NA,NA,UNKNOWN,NA,NA,NA,NA,Y,N,N,2,9,Y,FRI,NA,NA,NA,NA,NA,NA,NA,NA,NA,NA,NA,NA,NA,NA,NA,NA,NA,NA,NA,NA,NA,NA,NA,NA,NA,NA,NA,NA,NA,NA,NA,NA,NA,NA,NA,NA,NA,NA,NA,NA,NA,NA,NA,NA,NA,NA,NA,NA,NA,NA,NA,NA,NA,NA,NA,0,1,0,1,0,1,0,90,NA,NA
AUS_1438041021,44,436,48,453,2427,3,4.85E+11,1500US484530024273,Block Group 3,G5030,S,1690421,0,30.1815026,-97.7698571,14380410,AUS_14380410,30.18818155,-97.76803608,2,1,3,16,2,35,1,2,4,11,1,5,N,4,NA,NA,4,97,97,,,0,1,0,0,0,1,0,N,N,N,N,N,N,N,3/28/2015,3:25 PM,227,22,N,Y,NA,NA,19,NA,,1,6600,,BLUFF SPRINGS,RD,N,N,40,N,N,,N,19,NA,,NA,,E,WILLIAM CANNON,DR,NA,NA,,,,NA,11,1,0,NA,1,1,11,3:25 PM,DISPATCH,4:33 PM,3/28/2015,Y,74,NA,NA,99,8,5,4,1,64,54,1,5,1,21,21,227,22,30.18818155,-97.76803608,,NA,NA,NA,BLUFF SPRINGS RD,6642,NA,NA,NA,NA,NA,,NA,NA,N/A,NA,NA,NA,NA,Y,N,N,2,9,Y,SAT,NA,NA,NA,NA,NA,NA,NA,NA,NA,NA,NA,NA,NA,NA,NA,NA,NA,NA,NA,NA,NA,NA,NA,NA,NA,NA,NA,NA,NA,NA,NA,NA,NA,NA,NA,NA,NA,NA,NA,NA,NA,NA,NA,NA,NA,NA,NA,NA,NA,NA,NA,NA,NA,NA,NA,0,1,0,5,0,1,0,90,NA,NA
AUS_1438082721,332,358,48,453,1304,4,4.85E+11,1500US484530013044,Block Group 4,G5030,S,473234,0,30.2495825,-97.7704511,14380827,AUS_14380827,30.24772289,-97.77247961,2,1,3,16,3,30,1,2,4,11,1,5,N,4,NA,NA,4,97,97,,,0,0,1,0,0,1,0,N,N,N,N,N,N,N,4/9/2015,2:13 PM,227,22,N,N,NA,NA,19,NA,,1,2100,S,LAMAR,BLVD,N,N,-1,N,N,,N,19,NA,,1,,,OXFORD,AVE,NA,NA,,,,NA,11,1,98,3,1,1,6,2:16 PM,DISPATCH,2:20 PM,4/9/2015,Y,74,NA,NA,105,8,5,4,1,64,3,1,2,1,21,21,227,22,30.24772289,-97.77247961,SL,343,NA,2.126,SL0343,2174,113,9,7.119,566,-0.295,,NA,NA,N/A,NA,NA,NA,NA,Y,Y,N,3,9,Y,THU,2,0,0,0,0,2,4,80,60,48,4,1,1,1,0,0,1,0,0,0,0,4,14,34215,2014,34215,1.2,0.4,1.6,1,94,2,1,9,NA,NA,NA,NA,NA,NA,NA,NA,NA,NA,NA,NA,NA,NA,NA,NA,NA,NA,NA,NA,NA,0,0,1,1,0,1,0,90,NA,NA
AUS_1438085921,449,370,48,453,1305,4,4.85E+11,1500US484530013054,Block Group 4,G5030,S,701550,0,30.2533559,-97.758127,14380859,AUS_14380859,30.26032478,-97.75569246,2,1,3,16,2,24,2,1,4,11,1,4,N,4,NA,NA,4,97,97,,,0,1,0,0,0,1,0,N,N,N,N,N,N,N,4/3/2015,7:00 PM,227,22,N,Y,NA,NA,19,NA,,1,1000,,BARTON SPRINGS,RD,N,N,30,N,N,,Y,19,NA,,7,500,,DAWSON,RD,NA,NA,,,,NA,11,1,4,NA,1,1,5,7:00 PM,DISPATCH,7:05 PM,4/3/2015,Y,74,NA,NA,93,8,5,1,3,64,3,1,5,1,21,21,227,22,30.26032478,-97.75569246,,NA,NA,NA,BARTON SPRINGS RD,1100,NA,NA,NA,NA,NA,,NA,NA,DAWSON RD,NA,NA,NA,NA,Y,N,N,2,9,Y,FRI,NA,NA,NA,NA,NA,NA,NA,NA,NA,NA,NA,NA,NA,NA,NA,NA,NA,NA,NA,NA,NA,NA,NA,NA,NA,NA,NA,NA,NA,NA,NA,NA,NA,NA,NA,NA,NA,NA,NA,NA,NA,NA,NA,NA,NA,NA,NA,NA,NA,NA,NA,NA,NA,NA,NA,0,1,0,1,0,1,0,90,NA,NA
AUS_1438334321,1357,525,48,453,2500,4,4.85E+11,1500US484530025004,Block Group 4,G5030,S,662885,0,30.4157263,-97.7523567,14383343,AUS_14383343,30.41569475,-97.74835245,2,1,3,16,3,29,1,1,4,11,1,3,N,4,NA,NA,4,97,97,,,0,0,1,0,0,1,0,N,N,N,N,N,N,N,4/14/2015,9:42 PM,227,22,N,Y,NA,NA,19,NA,,1,NA,,JOLLYVILLE,RD,N,N,45,N,N,,Y,19,NA,,1,,,THUNDER CREEK,RD,NA,NA,,,,NA,11,4,2,NA,1,1,8,9:43 PM,DISPATCH,9:48 PM,4/14/2015,Y,74,NA,NA,46,8,5,1,3,64,54,1,5,1,21,21,227,22,30.41569475,-97.74835245,,NA,NA,NA,JOLLYVILLE RD,11581,NA,NA,NA,NA,NA,,NA,NA,THUNDER CREEK RD,NA,NA,NA,NA,Y,N,N,3,9,Y,TUE,NA,NA,NA,NA,NA,NA,NA,NA,NA,NA,NA,NA,NA,NA,NA,NA,NA,NA,NA,NA,NA,NA,NA,NA,NA,NA,NA,NA,NA,NA,NA,NA,NA,NA,NA,NA,NA,NA,NA,NA,NA,NA,NA,NA,NA,NA,NA,NA,NA,NA,NA,NA,NA,NA,NA,0,0,1,1,0,1,0,90,NA,NA
AUS_1438594221,748,67,48,453,700,1,4.85E+11,1500US484530007001,Block Group 1,G5030,S,1615130,0,30.2777004,-97.7411232,14385942,AUS_14385942,30.27642478,-97.74984246,2,1,3,16,3,17,1,1,4,11,1,4,N,4,NA,NA,4,97,97,,,0,0,1,0,0,1,0,N,N,N,N,N,N,N,4/10/2015,4:21 PM,227,22,N,N,NA,NA,19,NA,,1,1200,,SHOAL CREEK,BLVD,N,N,30,N,N,PAVED ROAD,Y,19,NA,,1,800,W,12T,ST,NA,NA,,,,NA,11,1,0,NA,2,1,5,4:21 PM,DISPATCH,4:24 PM,4/10/2015,Y,74,NA,NA,120,8,5,2,1,64,54,1,5,1,21,21,227,22,30.27642478,-97.74984246,,NA,NA,NA,SHOAL CREEK BLVD,1199,NA,NA,NA,NA,NA,,NA,NA,W 12TH ST,NA,NA,NA,NA,Y,N,N,3,9,Y,FRI,NA,NA,NA,NA,NA,NA,NA,NA,NA,NA,NA,NA,NA,NA,NA,NA,NA,NA,NA,NA,NA,NA,NA,NA,NA,NA,NA,NA,NA,NA,NA,NA,NA,NA,NA,NA,NA,NA,NA,NA,NA,NA,NA,NA,NA,NA,NA,NA,NA,NA,NA,NA,NA,NA,NA,0,0,1,1,0,1,0,90,NA,NA
AUS_1438594621,689,451,48,453,1200,2,4.85E+11,1500US484530012002,Block Group 2,G5030,S,1541732,189156,30.2719319,-97.7602566,14385946,AUS_14385946,30.27208677,-97.75544061,2,1,3,16,2,33,1,1,4,11,1,5,N,4,NA,NA,4,97,97,,,0,1,0,0,0,1,0,N,N,N,N,N,N,N,4/10/2015,6:22 PM,227,22,N,N,NA,NA,19,NA,,1,1100,W,6TH,ST,N,N,30,N,N,,N,19,NA,,1,500,,BAYLOR,ST,NA,NA,,,,NA,11,1,0,NA,1,1,16,6:24 PM,DISPATCH,6:27 PM,4/10/2015,Y,74,NA,NA,120,8,5,3,2,64,13,1,5,1,32,21,227,22,30.27208677,-97.75544061,,NA,NA,NA,W 6TH ST,1109,NA,NA,NA,NA,NA,,NA,NA,N/A,NA,NA,NA,NA,Y,N,N,2,9,Y,FRI,NA,NA,NA,NA,NA,NA,NA,NA,NA,NA,NA,NA,NA,NA,NA,NA,NA,NA,NA,NA,NA,NA,NA,NA,NA,NA,NA,NA,NA,NA,NA,NA,NA,NA,NA,NA,NA,NA,NA,NA,NA,NA,NA,NA,NA,NA,NA,NA,NA,NA,NA,NA,NA,NA,NA,0,1,0,1,0,1,0,90,NA,NA
AUS_1438602221,1064,45,48,453,203,1,4.85E+11,1500US484530002031,Block Group 1,G5030,S,1209417,0,30.3126275,-97.7366586,14386022,AUS_14386022,30.31161664,-97.73429444,2,1,3,16,1,63,1,1,4,11,1,2,N,4,NA,NA,4,97,97,,,1,0,0,0,0,1,0,N,N,N,N,N,N,N,4/12/2015,7:58 PM,227,22,N,N,NA,NA,19,NA,,1,600,W,45TH,ST,N,N,35,N,N,,N,19,NA,,1,4500,,GUADALUPE,ST,NA,NA,,,,NA,12,1,0,NA,1,1,20,7:58 PM,DISPATCH,8:04 PM,4/12/2015,Y,74,NA,NA,120,8,5,4,1,64,9,1,5,1,21,21,227,22,30.31161664,-97.73429444,,NA,NA,NA,W 45TH ST,709,NA,NA,NA,NA,NA,,NA,NA,N/A,NA,NA,NA,NA,Y,N,N,1,9,Y,SUN,NA,NA,NA,NA,NA,NA,NA,NA,NA,NA,NA,NA,NA,NA,NA,NA,NA,NA,NA,NA,NA,NA,NA,NA,NA,NA,NA,NA,NA,NA,NA,NA,NA,NA,NA,NA,NA,NA,NA,NA,NA,NA,NA,NA,NA,NA,NA,NA,NA,NA,NA,NA,NA,NA,NA,1,0,0,2,0,1,0,90,NA,NA
AUS_1438738621,874,65,48,453,401,2,4.85E+11,1500US484530004012,Block Group 2,G5030,S,1342888,0,30.2880599,-97.7281679,14387386,AUS_14387386,30.28919194,-97.73039525,2,1,3,16,2,22,3,2,4,11,1,4,N,4,NA,NA,4,97,97,,,0,1,0,0,0,1,0,N,N,N,N,N,N,N,4/14/2015,1:13 PM,227,22,N,N,NA,NA,19,NA,,1,600,E,DEAN KEETON,ST,N,N,35,N,N,,N,19,NA,,1,2900,,BEANNA,ST,NA,NA,,,,NA,11,1,2,NA,2,1,1,1:13 PM,DISPATCH,1:13 PM,4/14/2015,Y,74,NA,NA,120,8,5,4,1,64,11,1,5,1,12,21,227,22,30.28919194,-97.73039525,,NA,NA,NA,E DEAN KEETON ST,805,NA,NA,NA,NA,NA,,NA,NA,N/A,NA,NA,NA,NA,Y,N,N,2,9,Y,TUE,NA,NA,NA,NA,NA,NA,NA,NA,NA,NA,NA,NA,NA,NA,NA,NA,NA,NA,NA,NA,NA,NA,NA,NA,NA,NA,NA,NA,NA,NA,NA,NA,NA,NA,NA,NA,NA,NA,NA,NA,NA,NA,NA,NA,NA,NA,NA,NA,NA,NA,NA,NA,NA,NA,NA,0,1,0,1,0,1,0,90,NA,NA
AUS_1439424321,327,357,48,453,1304,1,4.85E+11,1500US484530013041,Block Group 1,G5030,S,648074,0,30.2432154,-97.7739904,14394243,AUS_14394243,30.24729227,-97.77525007,2,1,3,16,2,28,1,1,4,11,1,5,N,4,NA,NA,4,97,97,,,0,1,0,0,0,1,0,N,N,N,N,N,N,N,3/22/2015,5:33 PM,227,22,N,Y,NA,NA,3,343,,1,2200,S,LAMAR,BLVD,N,N,45,N,N,,Y,19,NA,,1,2200,,DEL CURTO,RD,NA,NA,,,,NA,11,1,0,3,1,1,20,5:35 PM,DISPATCH,5:35 PM,3/22/2015,Y,74,NA,NA,93,8,5,1,3,64,54,1,2,1,21,21,227,22,30.24729227,-97.77525007,SL,343,NA,1.955,SL0343,2301,113,9,6.942,566,-0.466,SL,360,NA,SL0360,NA,NA,NA,NA,Y,Y,N,2,9,Y,SUN,2,0,0,0,0,2,4,80,60,48,4,1,1,1,0,0,1,0,0,0,0,4,14,34215,2014,34215,1.2,0.4,1.6,NA,NA,NA,NA,NA,NA,NA,NA,NA,NA,NA,NA,NA,NA,NA,NA,NA,NA,NA,NA,NA,NA,NA,NA,NA,NA,0,2,0,1,0,2,0,90,NA,NA
AUS_1439431421,430,447,48,453,1401,1,4.85E+11,1500US484530014011,Block Group 1,G5030,S,650840,121283,30.2552815,-97.7457665,14394314,AUS_14394314,30.25890478,-97.74621246,2,1,3,16,3,30,1,2,4,11,1,2,N,4,NA,NA,4,97,97,,,0,0,1,0,0,1,0,N,N,N,N,N,N,N,4/2/2015,7:47 PM,227,22,N,N,NA,NA,19,NA,,1,100,S,CONGRESS,AVE,N,N,40,N,N,,Y,19,NA,,4,,,BARTON SPRINGS,RD,NA,NA,,,,NA,11,1,2,NA,2,1,16,7:47 PM,DISPATCH,7:47 PM,4/2/2015,Y,74,NA,NA,93,8,5,2,2,64,54,4,5,1,21,21,227,22,30.25890478,-97.74621246,,NA,NA,NA,CONGRESS AVE S,301,NA,NA,NA,NA,NA,,NA,NA,BARTON SPRINGS RD,NA,NA,NA,NA,Y,N,N,3,9,Y,THU,NA,NA,NA,NA,NA,NA,NA,NA,NA,NA,NA,NA,NA,NA,NA,NA,NA,NA,NA,NA,NA,NA,NA,NA,NA,NA,NA,NA,NA,NA,NA,NA,NA,NA,NA,NA,NA,NA,NA,NA,NA,NA,NA,NA,NA,NA,NA,NA,NA,NA,NA,NA,NA,NA,NA,0,0,1,5,0,1,0,90,NA,NA
AUS_1439468321,460,561,48,453,2111,2,4.85E+11,1500US484530021112,Block Group 2,G5030,S,2174744,135639,30.2532607,-97.6940465,14394683,AUS_14394683,30.26110478,-97.69611248,2,1,3,16,5,52,2,1,4,11,1,4,N,4,NA,NA,4,97,97,,,0,0,0,1,0,0,0,N,N,N,N,N,N,N,4/17/2015,7:06 AM,227,22,N,N,NA,NA,19,NA,,1,NA,,MANSELL,AVE,N,N,-1,N,N,MAIN LANE,Y,19,NA,,1,,,BOLM,RD,NA,NA,,,MAIN LANE,NA,12,1,2,NA,1,1,20,7:06 AM,DISPATCH,7:06 AM,4/17/2015,Y,74,NA,NA,34,8,5,2,1,64,54,1,5,1,21,21,227,22,30.26110478,-97.69611248,,NA,NA,NA,MANSELL AVE,1099,NA,NA,NA,NA,NA,,NA,NA,BOLM RD,NA,NA,NA,NA,N,N,N,5,9,Y,FRI,NA,NA,NA,NA,NA,NA,NA,NA,NA,NA,NA,NA,NA,NA,NA,NA,NA,NA,NA,NA,NA,NA,NA,NA,NA,NA,NA,NA,NA,NA,NA,NA,NA,NA,NA,NA,NA,NA,NA,NA,NA,NA,NA,NA,NA,NA,NA,NA,NA,NA,NA,NA,NA,NA,NA,0,0,0,2,0,0,0,90,NA,NA
AUS_1439647121,696,165,48,453,2211,1,4.85E+11,1500US484530022111,Block Group 1,G5030,S,6799400,0,30.2742983,-97.6192558,14396471,AUS_14396471,30.27309487,-97.63434235,2,1,3,16,2,25,1,2,4,11,1,5,N,4,NA,NA,4,97,97,,,0,1,0,0,0,1,0,N,N,N,N,N,N,N,4/19/2015,2:00 PM,227,22,N,N,NA,NA,4,969,,1,9000,N,FM 969,RD,N,N,55,N,N,,Y,19,NA,,1,5000,,PARK AT WOODLANDS,DR,NA,NA,,,,NA,11,1,98,3,1,1,20,2:00 PM,ON SIGHT,2:00 PM,4/19/2015,Y,74,NA,NA,34,8,5,1,2,64,54,1,3,1,20,21,227,22,30.27309487,-97.63434235,FM,969,NA,4.45,FM0969,9100,1186,1,16.173,452,0.576,,NA,NA,PARK AT WOODLANDS DR,NA,NA,NA,NA,Y,Y,N,2,9,Y,SUN,2,0,0,0,0,2,4,100,46,46,4,0,0,1,0,0,1,0,0,0,0,4,14,18049,2014,18049,2.6,8.7,11.3,NA,NA,NA,NA,NA,NA,NA,NA,NA,NA,NA,NA,NA,NA,NA,NA,NA,NA,NA,NA,NA,NA,NA,NA,NA,NA,0,1,0,1,0,1,0,90,NA,NA
AUS_1439842821,552,349,48,453,1303,1,4.85E+11,1500US484530013031,Block Group 1,G5030,S,710768,43869,30.2634026,-97.7612102,14398428,AUS_14398428,30.26474478,-97.76495246,2,1,3,16,2,57,1,2,4,11,1,2,N,4,NA,NA,4,97,97,,,0,1,0,0,0,1,0,N,N,N,N,N,N,N,4/14/2015,11:00 PM,227,22,N,N,NA,NA,19,NA,,1,2000,,BARTON SPRINGS,RD,N,N,35,N,N,,Y,19,NA,,1,5000,,ROBERT E LEE,,NA,NA,,,,NA,11,4,2,NA,1,1,16,11:00 PM,DISPATCH,11:03 PM,4/14/2015,Y,74,NA,NA,105,8,5,1,1,64,3,1,5,1,21,21,227,22,30.26474478,-97.76495246,,NA,NA,NA,BARTON SPRINGS RD,NA,NA,NA,NA,NA,NA,,NA,NA,ROBERT E LEE RD,NA,NA,NA,NA,Y,N,N,2,9,Y,TUE,NA,NA,NA,NA,NA,NA,NA,NA,NA,NA,NA,NA,NA,NA,NA,NA,NA,NA,NA,NA,NA,NA,NA,NA,NA,NA,NA,NA,NA,NA,NA,NA,NA,NA,NA,NA,NA,NA,NA,NA,NA,NA,NA,NA,NA,NA,NA,NA,NA,NA,NA,NA,NA,NA,NA,0,1,0,1,0,1,0,90,NA,NA
AUS_1440879821,1309,155,48,453,1849,4,4.85E+11,1500US484530018494,Block Group 4,G5030,S,1098173,0,30.3964822,-97.7102904,14408798,AUS_14408798,30.39093475,-97.71406246,2,1,3,16,2,58,1,1,4,11,1,2,N,4,NA,NA,4,97,97,,,0,1,0,0,0,1,0,N,N,N,N,N,N,N,4/28/2015,8:43 AM,227,22,N,Y,NA,NA,19,NA,,1,2300,W,BRAKER,LN,N,N,45,N,N,2300 BLK W BRAKER LN,Y,19,NA,,1,2100,,KRAMER,LN,NA,NA,,,2100 KRAMWR LN,NA,12,1,4,NA,5,2,10,8:43 AM,DISPATCH,8:49 AM,4/28/2015,Y,74,NA,NA,46,8,5,2,2,64,3,1,5,1,21,21,227,22,30.39093475,-97.71406246,,NA,NA,NA,W BRAKER LN,NA,NA,NA,NA,NA,NA,,NA,NA,KRAMER LN,NA,NA,NA,NA,Y,N,N,2,9,Y,TUE,NA,NA,NA,NA,NA,NA,NA,NA,NA,NA,NA,NA,NA,NA,NA,NA,NA,NA,NA,NA,NA,NA,NA,NA,NA,NA,NA,NA,NA,NA,NA,NA,NA,NA,NA,NA,NA,NA,NA,NA,NA,NA,NA,NA,NA,NA,NA,NA,NA,NA,NA,NA,NA,NA,NA,0,1,0,1,0,1,0,90,NA,NA