Crash_UP_ID,FID,FID_Austin,STATEFP,COUNTYFP,TRACTCE,BLKGRPCE,GEOID1,GEOID,NAMELSAD,MTFCC,FUNCSTAT,ALAND,AWATER,INTPTLAT,INTPTLON,CrashID,CrashID1,Latitude,Longitude,Unit_Nbr,Prsn_Nbr,Prsn_Type_ID,Prsn_Occpnt_Pos_ID,Prsn_Injry_Sev_ID,Prsn_Age,Prsn_Ethnicity_ID,Prsn_Gndr_ID,Prsn_Ejct_ID,Prsn_Rest_ID,Prsn_Airbag_ID,Prsn_Helmet_ID,Prsn_Sol_Fl,Prsn_Alc_Spec_Type_ID,Prsn_Alc_Rslt_ID,Prsn_Bac_Test_Rslt,Prsn_Drg_Spec_Type_ID,Prsn_Drg_Rslt_ID,Drvr_Drg_Cat_1_ID,Prsn_Death_Date,Prsn_Death_Time,Incap_Injry_Cnt.x,Nonincap_Injry_Cnt.x,Poss_Injry_Cnt.x,Non_Injry_Cnt.x,Unkn_Injry_Cnt.x,Tot_Injry_Cnt.x,Death_Cnt.x,Crash_Fatal_Fl,Cmv_Involv_Fl,Schl_Bus_Fl,Rr_Relat_Fl,Medical_Advisory_Fl,Amend_Supp_Fl,Active_School_Zone_Fl,Crash_Date,Crash_Time,Rpt_CRIS_Cnty_ID,Rpt_City_ID,Rpt_Outside_City_Limit_Fl,Thousand_Damage_Fl,Rpt_Latitude,Rpt_Longitude,Rpt_Rdwy_Sys_ID,Rpt_Hwy_Num,Rpt_Hwy_Sfx,Rpt_Road_Part_ID,Rpt_Block_Num,Rpt_Street_Pfx,Rpt_Street_Name,Rpt_Street_Sfx,Private_Dr_Fl,Toll_Road_Fl,Crash_Speed_Limit,Road_Constr_Zone_Fl,Road_Constr_Zone_Wrkr_Fl,Rpt_Street_Desc,At_Intrsct_Fl,Rpt_Sec_Rdwy_Sys_ID,Rpt_Sec_Hwy_Num,Rpt_Sec_Hwy_Sfx,Rpt_Sec_Road_Part_ID,Rpt_Sec_Block_Num,Rpt_Sec_Street_Pfx,Rpt_Sec_Street_Name,Rpt_Sec_Street_Sfx,Rpt_Ref_Mark_Offset_Amt,Rpt_Ref_Mark_Dist_Uom,Rpt_Ref_Mark_Dir,Rpt_Ref_Mark_Nbr,Rpt_Sec_Street_Desc,Rpt_CrossingNumber,Wthr_Cond_ID,Light_Cond_ID,Entr_Road_ID,Road_Type_ID,Road_Algn_ID,Surf_Cond_ID,Traffic_Cntl_ID,Investigat_Notify_Time,Investigat_Notify_Meth,Investigat_Arrv_Time,Report_Date,Investigat_Comp_Fl,Investigat_Agency_ID,Investigat_Area_ID,Investigat_District_ID,Investigat_Region_ID,Bridge_Detail_ID,Harm_Evnt_ID,Intrsct_Relat_ID,FHE_Collsn_ID,Obj_Struck_ID,Othr_Factr_ID,Road_Part_Adj_ID,Road_Cls_ID,Road_Relat_ID,Phys_Featr_1_ID,Phys_Featr_2_ID,Cnty_ID,City_ID,Latitude.1,Longitude.1,Hwy_Sys,Hwy_Nbr,Hwy_Sfx,Dfo,Street_Name,Street_Nbr,Control,Section,Milepoint,Ref_Mark_Nbr,Ref_Mark_Displ,Hwy_Sys_2,Hwy_Nbr_2,Hwy_Sfx_2,Street_Name_2,Street_Nbr_2,Control_2,Section_2,Milepoint_2,Txdot_Rptable_Fl,Onsys_Fl,Rural_Fl,Crash_Sev_ID,Pop_Group_ID,Located_Fl,Day_of_Week,Hwy_Dsgn_Lane_ID,Hwy_Dsgn_Hrt_ID,Hp_Shldr_Left,Hp_Shldr_Right,Hp_Median_Width,Base_Type_ID,Nbr_Of_Lane,Row_Width_Usual,Roadbed_Width,Surf_Width,Surf_Type_ID,Curb_Type_Left_ID,Curb_Type_Right_ID,Shldr_Type_Left_ID,Shldr_Width_Left,Shldr_Use_Left_ID,Shldr_Type_Right_ID,Shldr_Width_Right,Shldr_Use_Right_ID,Median_Type_ID,Median_Width,Rural_Urban_Type_ID,Func_Sys_ID,Adt_Curnt_Amt,Adt_Curnt_Year,Adt_Adj_Curnt_Amt,Pct_Single_Trk_Adt,Pct_Combo_Trk_Adt,Trk_Aadt_Pct,Curve_Type_ID,Curve_Lngth,Cd_Degr,Delta_Left_Right_ID,Dd_Degr,Feature_Crossed,Structure_Number,I_R_Min_Vert_Clear,Approach_Width,Bridge_Median_ID,Bridge_Loading_Type_ID,Bridge_Loading_In_1000_Lbs,Bridge_Srvc_Type_On_ID,Bridge_Srvc_Type_Under_ID,Culvert_Type_ID,Roadway_Width,Deck_Width,Bridge_Dir_Of_Traffic_ID,Bridge_Rte_Struct_Func_ID,Bridge_IR_Struct_Func_ID,CrossingNumber,RRCo,Poscrossing_ID,WDCode_ID,Standstop,Yield,Incap_Injry_Cnt.y,Nonincap_Injry_Cnt.y,Poss_Injry_Cnt.y,Non_Injry_Cnt.y,Unkn_Injry_Cnt.y,Tot_Injry_Cnt.y,Death_Cnt.y,MPO_ID,Unit_ID,Unit_Prsn_ID
AUS_1440883821,229,22,48,453,2304,3,4.85E+11,1500US484530023043,Block Group 3,G5030,S,299987,0,30.2377879,-97.7232196,14408838,AUS_14408838,30.23442716,-97.72406475,2,1,3,16,5,38,1,1,4,11,1,5,N,4,NA,NA,4,97,97,,,0,0,0,1,0,0,0,N,N,N,N,N,N,N,4/28/2015,3:30 PM,227,22,N,N,NA,NA,19,NA,,1,2500,E,RIVERSIDE,DR,N,N,-1,N,N,,N,19,NA,,1,,S,PLEASANT VALLEY,RD,NA,NA,,,,NA,12,1,0,NA,1,1,1,3:30 PM,BY CITIZEN,3:30 PM,4/28/2015,Y,74,NA,NA,98,8,5,2,2,64,3,1,5,1,21,21,227,22,30.23442716,-97.72406475,,NA,NA,NA,E RIVERSIDE DR,NA,NA,NA,NA,NA,NA,,NA,NA,S PLEASANT VALLEY RD,NA,NA,NA,NA,N,N,N,5,9,Y,TUE,NA,NA,NA,NA,NA,NA,NA,NA,NA,NA,NA,NA,NA,NA,NA,NA,NA,NA,NA,NA,NA,NA,NA,NA,NA,NA,NA,NA,NA,NA,NA,NA,NA,NA,NA,NA,NA,NA,NA,NA,NA,NA,NA,NA,NA,NA,NA,NA,NA,NA,NA,NA,NA,NA,NA,0,0,0,3,0,0,0,90,NA,NA
AUS_1441262121,636,433,48,453,1100,1,4.85E+11,1500US484530011001,Block Group 1,G5030,S,2044061,66635,30.2687002,-97.7433003,14412621,AUS_14412621,30.26894477,-97.73865246,2,1,3,16,2,25,1,2,4,11,1,4,N,4,NA,NA,4,97,97,,,0,1,0,0,0,1,0,N,N,N,N,N,N,N,4/21/2015,2:30 AM,227,22,N,N,NA,NA,19,NA,,1,800,,TRINITY,,N,N,35,N,N,,N,19,NA,,1,,,9TH,ST,NA,NA,,,,NA,11,6,0,NA,1,1,1,2:30 AM,DISPATCH,2:40 AM,4/22/2015,Y,74,NA,NA,67,8,5,4,4,64,12,1,5,1,12,21,227,22,30.26894477,-97.73865246,,NA,NA,NA,TRINITY ST,800,NA,NA,NA,NA,NA,,NA,NA,N/A,NA,NA,NA,NA,Y,N,N,2,9,Y,TUE,NA,NA,NA,NA,NA,NA,NA,NA,NA,NA,NA,NA,NA,NA,NA,NA,NA,NA,NA,NA,NA,NA,NA,NA,NA,NA,NA,NA,NA,NA,NA,NA,NA,NA,NA,NA,NA,NA,NA,NA,NA,NA,NA,NA,NA,NA,NA,NA,NA,NA,NA,NA,NA,NA,NA,0,1,0,3,0,1,0,90,NA,NA
AUS_1441687421,126,20,48,453,2003,1,4.85E+11,1500US484530020031,Block Group 1,G5030,S,1127518,0,30.2190477,-97.7782358,14416874,AUS_14416874,30.21789364,-97.77488663,2,1,3,16,2,40,1,1,4,11,1,4,N,4,NA,NA,4,97,97,,,0,1,0,0,0,1,0,N,N,N,N,N,N,N,4/27/2015,1:49 PM,227,22,N,N,NA,NA,19,NA,,1,4600,,S 1ST,ST,N,N,40,N,N,,N,19,NA,,1,500,,PHILCO,DR,NA,NA,,,,NA,11,1,0,NA,1,1,20,1:49 PM,DISPATCH,1:55 PM,5/3/2015,Y,74,NA,NA,93,8,5,4,1,64,54,1,5,1,21,21,227,22,30.21789364,-97.77488663,,NA,NA,NA,S 1ST ST,4542,NA,NA,NA,NA,NA,,NA,NA,N/A,NA,NA,NA,NA,Y,N,N,2,9,Y,MON,NA,NA,NA,NA,NA,NA,NA,NA,NA,NA,NA,NA,NA,NA,NA,NA,NA,NA,NA,NA,NA,NA,NA,NA,NA,NA,NA,NA,NA,NA,NA,NA,NA,NA,NA,NA,NA,NA,NA,NA,NA,NA,NA,NA,NA,NA,NA,NA,NA,NA,NA,NA,NA,NA,NA,0,1,0,0,0,1,0,90,NA,NA
AUS_1441715221,159,270,48,453,1738,2,4.85E+11,1500US484530017382,Block Group 2,G5030,S,1328133,0,30.2208509,-97.8472192,14417152,AUS_14417152,30.22489479,-97.85500243,2,1,3,16,2,15,1,2,4,11,1,2,N,4,NA,NA,4,97,97,,,0,1,0,0,0,1,0,N,N,N,N,N,N,N,5/1/2015,7:28 PM,227,22,N,Y,NA,NA,19,NA,,1,6900,,BECKETT,RD,N,N,45,N,N,,Y,19,NA,,1,5300,W,WILLIAM CANNON TO MOPA SB RAMP,DR,NA,NA,,,,NA,11,1,4,NA,1,1,5,7:28 PM,DISPATCH,7:28 PM,5/1/2015,Y,74,NA,NA,105,8,5,1,1,64,3,1,5,1,21,21,227,22,30.22489479,-97.85500243,,NA,NA,NA,BECKETT RD,NA,NA,NA,NA,NA,NA,,NA,NA,W WILLIAM CANNON DR,NA,NA,NA,NA,Y,N,N,2,9,Y,FRI,NA,NA,NA,NA,NA,NA,NA,NA,NA,NA,NA,NA,NA,NA,NA,NA,NA,NA,NA,NA,NA,NA,NA,NA,NA,NA,NA,NA,NA,NA,NA,NA,NA,NA,NA,NA,NA,NA,NA,NA,NA,NA,NA,NA,NA,NA,NA,NA,NA,NA,NA,NA,NA,NA,NA,0,1,0,1,0,1,0,90,NA,NA
AUS_1441720521,1328,175,48,453,1722,2,4.85E+11,1500US484530017222,Block Group 2,G5030,S,1192674,0,30.3924165,-97.7490858,14417205,AUS_14417205,30.40071361,-97.74757153,2,1,3,16,1,60,1,2,4,11,1,1,N,4,NA,NA,4,97,97,,,1,0,0,0,0,1,0,N,Y,N,N,N,N,N,5/2/2015,6:37 PM,227,22,N,Y,NA,NA,19,NA,,1,4815,W,BRAKER,LN,N,N,-1,N,N,,N,19,NA,,1,10800,,JOLLYVILLE,RD,NA,NA,,,,NA,11,1,4,NA,1,1,1,6:37 PM,DISPATCH,6:38 PM,5/2/2015,Y,74,NA,NA,46,8,5,4,1,64,54,1,5,1,21,21,227,22,30.40071361,-97.74757153,,NA,NA,NA,W BRAKER LN,4851,NA,NA,NA,NA,NA,,NA,NA,N/A,NA,NA,NA,NA,Y,N,N,1,9,Y,SAT,NA,NA,NA,NA,NA,NA,NA,NA,NA,NA,NA,NA,NA,NA,NA,NA,NA,NA,NA,NA,NA,NA,NA,NA,NA,NA,NA,NA,NA,NA,NA,NA,NA,NA,NA,NA,NA,NA,NA,NA,NA,NA,NA,NA,NA,NA,NA,NA,NA,NA,NA,NA,NA,NA,NA,1,0,0,1,0,1,0,90,NA,NA
AUS_1441727821,145,392,48,453,2307,1,4.85E+11,1500US484530023071,Block Group 1,G5030,S,706857,0,30.222264,-97.7395819,14417278,AUS_14417278,30.22163931,-97.74217315,2,1,3,16,2,27,2,1,4,11,1,4,N,1,NA,NA,4,97,97,,,0,1,0,0,0,1,0,N,N,N,N,N,N,N,5/3/2015,10:30 PM,227,22,N,Y,NA,NA,19,NA,,1,3400,,PARKER,LN,N,N,30,N,N,BLACKRTOP,N,19,NA,,1,,,WOODWARD,ST,NA,NA,,,BLACKTOP,NA,0,6,0,NA,1,1,20,6:31 AM,DISPATCH,8:25 AM,5/4/2015,Y,74,NA,NA,98,8,5,4,1,64,3,1,5,1,21,21,227,22,30.22163931,-97.74217315,,NA,NA,NA,PARKER LN,3299,NA,NA,NA,NA,NA,,NA,NA,N/A,NA,NA,NA,NA,Y,N,N,2,9,Y,SUN,NA,NA,NA,NA,NA,NA,NA,NA,NA,NA,NA,NA,NA,NA,NA,NA,NA,NA,NA,NA,NA,NA,NA,NA,NA,NA,NA,NA,NA,NA,NA,NA,NA,NA,NA,NA,NA,NA,NA,NA,NA,NA,NA,NA,NA,NA,NA,NA,NA,NA,NA,NA,NA,NA,NA,0,1,0,0,1,1,0,90,NA,NA
AUS_1442098921,1192,102,48,453,1834,2,4.85E+11,1500US484530018342,Block Group 2,G5030,S,10992693,0,30.3565875,-97.656922,14420989,AUS_14420989,30.34844706,-97.67677062,2,1,3,16,2,41,1,1,4,11,1,4,N,4,NA,NA,4,97,97,,,0,1,0,0,0,1,0,N,N,N,N,N,N,N,5/6/2015,6:58 AM,227,22,N,N,NA,NA,19,NA,,1,9100,,CAMERON,RD,N,N,-1,N,N,INCIDENT HAPPENED IN RIGHT LANE,N,19,NA,,1,1400,,FERGUSON,,NA,NA,,,INTERSECTION OF FERGUSON AND CAMERON,NA,11,1,0,NA,1,1,1,6:59 AM,DISPATCH,7:15 AM,5/6/2015,Y,74,NA,NA,114,8,5,4,1,64,54,1,5,1,21,21,227,22,30.34844706,-97.67677062,,NA,NA,NA,CAMERON RD,NA,NA,NA,NA,NA,NA,,NA,NA,N/A,NA,NA,NA,NA,Y,N,N,2,9,Y,WED,NA,NA,NA,NA,NA,NA,NA,NA,NA,NA,NA,NA,NA,NA,NA,NA,NA,NA,NA,NA,NA,NA,NA,NA,NA,NA,NA,NA,NA,NA,NA,NA,NA,NA,NA,NA,NA,NA,NA,NA,NA,NA,NA,NA,NA,NA,NA,NA,NA,NA,NA,NA,NA,NA,NA,0,1,0,1,0,1,0,90,NA,NA
AUS_1442546821,7,322,48,453,2421,1,4.85E+11,1500US484530024211,Block Group 1,G5030,S,4372744,0,30.1654124,-97.8032333,14425468,AUS_14425468,30.16713419,-97.79092662,2,1,3,16,2,34,3,1,4,11,1,5,N,4,NA,NA,4,97,97,,,0,1,0,0,0,1,0,N,N,N,N,N,N,N,5/5/2015,8:15 AM,227,22,N,Y,NA,NA,17,NA,,7,135,W,SLAUGHTER,LN,N,N,-1,N,N,PARKING LOT,N,19,NA,,1,,,CULLEN,LN,NA,NA,,,,NA,12,1,0,NA,1,1,1,9:52 AM,DISPATCH,10:00 AM,5/5/2015,Y,74,NA,NA,99,8,5,3,2,64,13,1,3,2,32,21,227,22,30.16713419,-97.79092662,,NA,NA,NA,W SLAUGHTER LN,NA,NA,NA,NA,NA,NA,,NA,NA,N/A,NA,NA,NA,NA,Y,N,N,2,9,Y,TUE,NA,NA,NA,NA,NA,NA,NA,NA,NA,NA,NA,NA,NA,NA,NA,NA,NA,NA,NA,NA,NA,NA,NA,NA,NA,NA,NA,NA,NA,NA,NA,NA,NA,NA,NA,NA,NA,NA,NA,NA,NA,NA,NA,NA,NA,NA,NA,NA,NA,NA,NA,NA,NA,NA,NA,0,1,0,1,0,1,0,90,NA,NA
AUS_1443135631,166,119,48,453,2314,2,4.85E+11,1500US484530023142,Block Group 2,G5030,S,2019172,0,30.2236338,-97.713797,14431356,AUS_14431356,30.22699801,-97.70803027,3,1,3,16,5,59,3,1,4,11,1,2,N,4,NA,NA,4,97,97,,,0,0,0,1,0,0,0,N,N,N,N,N,N,N,5/11/2015,12:50 PM,227,22,N,Y,NA,NA,19,NA,,1,5900,E,RIVERSIDE,DR,N,N,40,N,N,ASPHALT,N,19,NA,,1,,,GROVE,BLVD,NA,NA,,,ASPHALT,NA,2,1,4,NA,1,2,21,12:50 PM,ON SIGHT,12:50 PM,5/11/2015,Y,74,NA,NA,190,8,2,2,22,64,39,1,5,1,21,21,227,22,30.22699801,-97.70803027,,NA,NA,NA,E RIVERSIDE DR,NA,NA,NA,NA,NA,NA,,NA,NA,GROVE BLVD,NA,NA,NA,NA,Y,N,N,3,9,Y,MON,NA,NA,NA,NA,NA,NA,NA,NA,NA,NA,NA,NA,NA,NA,NA,NA,NA,NA,NA,NA,NA,NA,NA,NA,NA,NA,NA,NA,NA,NA,NA,NA,NA,NA,NA,NA,NA,NA,NA,NA,NA,NA,NA,NA,NA,NA,NA,NA,NA,NA,NA,NA,NA,NA,NA,0,0,1,2,0,1,0,90,NA,NA
AUS_1443390521,51,509,48,453,2422,2,4.85E+11,1500US484530024222,Block Group 2,G5030,S,1427901,0,30.1823593,-97.7794176,14433905,AUS_14433905,30.19151666,-97.77386149,2,1,3,16,2,52,1,1,4,11,1,5,N,4,NA,NA,4,97,97,,,0,1,0,0,0,1,0,N,N,N,N,N,N,N,5/7/2015,4:13 PM,227,22,N,N,NA,NA,19,NA,,7,600,E,E WILLIAM CANNON,,N,N,15,N,N,,N,1,35,,7,,,NOT REPORTED,,NA,NA,,,,NA,12,1,0,NA,1,1,5,4:13 PM,DISPATCH,4:13 PM,5/7/2015,Y,74,NA,NA,99,8,5,2,3,64,54,1,5,1,21,21,227,22,30.19151666,-97.77386149,,NA,NA,NA,E WILLIAM CANNON DR,NA,NA,NA,NA,NA,NA,,NA,NA,UNKNOWN,NA,NA,NA,NA,Y,N,N,2,9,Y,THU,NA,NA,NA,NA,NA,NA,NA,NA,NA,NA,NA,NA,NA,NA,NA,NA,NA,NA,NA,NA,NA,NA,NA,NA,NA,NA,NA,NA,NA,NA,NA,NA,NA,NA,NA,NA,NA,NA,NA,NA,NA,NA,NA,NA,NA,NA,NA,NA,NA,NA,NA,NA,NA,NA,NA,0,1,0,1,0,1,0,90,NA,NA
AUS_1443606421,702,560,48,453,2111,1,4.85E+11,1500US484530021111,Block Group 1,G5030,S,837993,0,30.2683446,-97.6925165,14436064,AUS_14436064,30.2735516,-97.69092584,2,1,3,16,2,55,2,1,4,11,1,4,N,4,NA,NA,4,97,97,,,0,1,0,0,0,1,0,N,N,N,N,N,N,N,5/13/2015,3:46 PM,227,22,N,Y,NA,NA,19,NA,,1,3800,,OAK SPRINGS,DR,N,N,25,N,N,,N,19,NA,,1,,,SPRINGDALE,RD,NA,NA,,,,NA,2,1,0,NA,1,2,20,3:46 PM,DISPATCH,3:50 PM,5/13/2015,Y,74,NA,NA,34,8,5,4,1,64,17,1,5,1,21,21,227,22,30.2735516,-97.69092584,,NA,NA,NA,OAK SPRINGS DR,3842,NA,NA,NA,NA,NA,,NA,NA,N/A,NA,NA,NA,NA,Y,N,N,2,9,Y,WED,NA,NA,NA,NA,NA,NA,NA,NA,NA,NA,NA,NA,NA,NA,NA,NA,NA,NA,NA,NA,NA,NA,NA,NA,NA,NA,NA,NA,NA,NA,NA,NA,NA,NA,NA,NA,NA,NA,NA,NA,NA,NA,NA,NA,NA,NA,NA,NA,NA,NA,NA,NA,NA,NA,NA,0,1,0,1,0,1,0,90,NA,NA
AUS_1444605731,476,433,48,453,1100,1,4.85E+11,1500US484530011001,Block Group 1,G5030,S,2044061,66635,30.2687002,-97.7433003,14446057,AUS_14446057,30.2618442,-97.73886871,3,1,3,16,2,24,1,1,4,11,1,4,N,4,NA,NA,4,97,97,,,0,1,0,0,0,1,0,N,N,N,N,N,N,N,5/18/2015,3:35 PM,227,22,N,Y,NA,NA,19,NA,,1,100,E,CESAR CHAVEZ,ST,N,N,35,Y,N,,Y,19,NA,,1,500,,RED RIVER,ST,NA,NA,,,,NA,11,1,4,3,1,1,21,3:31 PM,DISPATCH,3:34 PM,5/18/2015,Y,74,NA,NA,115,8,2,1,20,64,49,1,2,1,21,21,227,22,30.2618442,-97.73886871,SL,343,NA,4.988,SL0343,598,113,12,6.153,568,0.611,,NA,NA,RED RIVER ST,NA,NA,NA,NA,Y,Y,N,2,9,Y,MON,2,0,10,10,0,9,4,80,68,48,6,0,0,2,10,5,2,10,5,0,0,4,14,20895,2014,20895,1.2,0.4,1.6,NA,NA,NA,NA,NA,NA,NA,NA,NA,NA,NA,NA,NA,NA,NA,NA,NA,NA,NA,NA,NA,NA,NA,NA,NA,NA,0,2,0,1,1,2,0,90,NA,NA
AUS_1445473421,1127,335,48,453,206,1,4.85E+11,1500US484530002061,Block Group 1,G5030,S,594006,0,30.3202718,-97.7435217,14454734,AUS_14454734,30.32500477,-97.74390246,2,1,3,16,3,47,1,2,4,11,1,5,N,4,NA,NA,4,97,97,,,0,0,1,0,0,1,0,N,N,N,N,N,N,N,5/13/2015,11:43 AM,227,22,N,Y,NA,NA,19,NA,,1,2400,,HANCOCK,DR,N,N,35,N,N,PAVED ROAD,Y,19,NA,,1,,,WOODVIEW,AVE,NA,NA,,,PAVED ROAD,NA,2,1,3,NA,1,2,16,11:43 AM,DISPATCH,11:46 AM,5/13/2015,Y,74,NA,NA,10,8,5,1,1,64,54,1,5,1,21,21,227,22,30.32500477,-97.74390246,,NA,NA,NA,HANCOCK DR,NA,NA,NA,NA,NA,NA,,NA,NA,WOODVIEW AVE,NA,NA,NA,NA,Y,N,N,3,9,Y,WED,NA,NA,NA,NA,NA,NA,NA,NA,NA,NA,NA,NA,NA,NA,NA,NA,NA,NA,NA,NA,NA,NA,NA,NA,NA,NA,NA,NA,NA,NA,NA,NA,NA,NA,NA,NA,NA,NA,NA,NA,NA,NA,NA,NA,NA,NA,NA,NA,NA,NA,NA,NA,NA,NA,NA,0,0,1,1,0,1,0,90,NA,NA
AUS_1445493521,1075,506,48,453,305,2,4.85E+11,1500US484530003052,Block Group 2,G5030,S,621511,0,30.3138589,-97.7287013,14454935,AUS_14454935,30.31282477,-97.73164246,2,1,3,16,3,58,1,1,4,11,1,2,N,4,NA,NA,4,97,97,,,0,0,1,0,0,1,0,N,N,N,N,N,N,N,4/17/2015,8:37 PM,227,22,N,N,NA,NA,19,NA,,1,4600,,GUADALUPE,ST,N,N,-1,N,N,,Y,19,NA,,1,,W,46TH,ST,NA,NA,,,,NA,2,4,4,NA,1,2,8,8:37 PM,DISPATCH,8:45 PM,4/17/2015,Y,74,NA,NA,10,8,5,1,1,64,54,1,5,1,21,21,227,22,30.31282477,-97.73164246,,NA,NA,NA,GUADALUPE ST,4599,NA,NA,NA,NA,NA,,NA,NA,W 46TH ST,NA,NA,NA,NA,Y,N,N,3,9,Y,FRI,NA,NA,NA,NA,NA,NA,NA,NA,NA,NA,NA,NA,NA,NA,NA,NA,NA,NA,NA,NA,NA,NA,NA,NA,NA,NA,NA,NA,NA,NA,NA,NA,NA,NA,NA,NA,NA,NA,NA,NA,NA,NA,NA,NA,NA,NA,NA,NA,NA,NA,NA,NA,NA,NA,NA,0,0,1,1,0,1,0,90,NA,NA
AUS_1445549621,1216,242,48,453,1806,2,4.85E+11,1500US484530018062,Block Group 2,G5030,S,419650,0,30.3544354,-97.6951484,14455496,AUS_14455496,30.35800476,-97.69916247,2,1,3,16,2,6,2,1,4,11,1,4,N,4,NA,NA,4,97,97,,,0,1,0,0,0,1,0,N,N,N,N,N,N,N,5/22/2015,6:39 PM,227,22,N,Y,NA,NA,19,NA,,1,700,,CARPENTER,AVE,N,N,-1,N,N,,Y,19,NA,,1,8900,,SHEPARD,DR,NA,NA,,,,NA,12,1,2,NA,1,1,1,6:39 PM,DISPATCH,6:42 PM,5/22/2015,Y,74,NA,NA,114,8,5,1,1,64,3,1,5,1,21,21,227,22,30.35800476,-97.69916247,,NA,NA,NA,CARPENTER AVE,706,NA,NA,NA,NA,NA,,NA,NA,SHEPARD DR,NA,NA,NA,NA,Y,N,N,2,9,Y,FRI,NA,NA,NA,NA,NA,NA,NA,NA,NA,NA,NA,NA,NA,NA,NA,NA,NA,NA,NA,NA,NA,NA,NA,NA,NA,NA,NA,NA,NA,NA,NA,NA,NA,NA,NA,NA,NA,NA,NA,NA,NA,NA,NA,NA,NA,NA,NA,NA,NA,NA,NA,NA,NA,NA,NA,0,1,0,1,0,1,0,90,NA,NA
AUS_1445649821,138,486,48,453,2403,1,4.85E+11,1500US484530024031,Block Group 1,G5030,S,1971214,0,30.2141453,-97.7608437,14456498,AUS_14456498,30.22048479,-97.75830246,2,1,3,16,3,20,2,1,4,11,1,5,N,4,NA,NA,4,97,97,,,0,0,1,0,0,1,0,N,N,N,N,N,N,N,5/21/2015,4:54 PM,227,22,N,Y,NA,NA,19,NA,,1,NA,,WAREHOUSE ROW,,N,N,45,N,N,,Y,19,NA,,2,,E,BEN WHITE BLVD SVRD,,NA,NA,,,,NA,12,1,2,NA,1,1,8,4:54 PM,DISPATCH,5:06 PM,5/21/2015,Y,74,NA,NA,93,8,5,2,2,64,54,2,5,1,21,21,227,22,30.22048479,-97.75830246,,NA,NA,NA,WAREHOUSE ROW,4099,NA,NA,NA,NA,NA,,NA,NA,E BEN WHITE BLVD,NA,NA,NA,NA,Y,N,N,3,9,Y,THU,NA,NA,NA,NA,NA,NA,NA,NA,NA,NA,NA,NA,NA,NA,NA,NA,NA,NA,NA,NA,NA,NA,NA,NA,NA,NA,NA,NA,NA,NA,NA,NA,NA,NA,NA,NA,NA,NA,NA,NA,NA,NA,NA,NA,NA,NA,NA,NA,NA,NA,NA,NA,NA,NA,NA,0,0,1,1,0,1,0,90,NA,NA
AUS_1445942221,1230,537,48,453,1818,3,4.85E+11,1500US484530018183,Block Group 3,G5030,S,658157,0,30.3577194,-97.7260027,14459422,AUS_14459422,30.36137936,-97.72945924,2,1,3,16,3,NA,0,2,4,11,1,5,N,4,NA,NA,4,97,97,,,0,0,1,0,0,1,0,N,N,N,N,N,N,N,5/14/2015,9:43 PM,227,22,N,Y,NA,NA,19,NA,,1,8200,,BURNET,RD,N,N,30,N,N,,N,19,NA,,1,,,STECK,AVE,NA,NA,,,,NA,11,4,0,NA,1,1,20,9:43 PM,DISPATCH,9:53 PM,5/14/2015,Y,74,NA,NA,10,8,5,3,3,64,13,1,5,1,32,21,227,22,30.36137936,-97.72945924,,NA,NA,NA,BURNET RD,8190,NA,NA,NA,NA,NA,,NA,NA,N/A,NA,NA,NA,NA,Y,N,N,3,9,Y,THU,NA,NA,NA,NA,NA,NA,NA,NA,NA,NA,NA,NA,NA,NA,NA,NA,NA,NA,NA,NA,NA,NA,NA,NA,NA,NA,NA,NA,NA,NA,NA,NA,NA,NA,NA,NA,NA,NA,NA,NA,NA,NA,NA,NA,NA,NA,NA,NA,NA,NA,NA,NA,NA,NA,NA,0,0,1,1,0,1,0,90,NA,NA
AUS_1445944321,394,68,48,453,1303,2,4.85E+11,1500US484530013032,Block Group 2,G5030,S,635029,0,30.2562161,-97.7625867,14459443,AUS_14459443,30.25603639,-97.76151136,2,1,3,16,2,23,1,1,4,11,1,4,N,4,NA,NA,4,97,97,,,0,1,0,0,0,1,0,N,N,N,N,N,N,N,5/16/2015,7:16 PM,227,22,N,Y,NA,NA,19,NA,,1,900,S,LAMAR,BLVD,N,N,35,N,N,,Y,19,NA,,1,1200,,TREADWELL,ST,NA,NA,,,,NA,11,1,2,3,1,1,1,7:16 PM,DISPATCH,7:20 PM,5/16/2015,Y,74,NA,NA,93,8,5,1,2,64,3,1,2,1,21,21,227,22,30.25603639,-97.76151136,SL,343,NA,3.047,SL0343,999,113,10,0.555,566,0.626,,NA,NA,TREADWELL ST,NA,NA,NA,NA,Y,Y,N,2,9,Y,SAT,2,0,0,0,0,2,4,80,60,60,4,1,1,1,0,0,1,0,0,0,0,4,14,33647,2014,33647,1.2,0.4,1.6,NA,NA,NA,NA,NA,NA,NA,NA,NA,NA,NA,NA,NA,NA,NA,NA,NA,NA,NA,NA,NA,NA,NA,NA,NA,NA,0,1,0,1,0,1,0,90,NA,NA
AUS_1446541721,464,561,48,453,2111,2,4.85E+11,1500US484530021112,Block Group 2,G5030,S,2174744,135639,30.2532607,-97.6940465,14465417,AUS_14465417,30.26120886,-97.6981663,2,1,3,16,2,50,1,2,4,11,1,5,N,4,NA,NA,4,97,97,,,0,1,0,0,0,1,0,N,N,N,N,N,N,N,5/31/2015,12:38 PM,227,22,N,N,NA,NA,19,NA,,1,4600,,BOLM,RD,N,N,30,N,N,,N,19,NA,,1,900,,SPRINGDALE,RD,NA,NA,,,,NA,11,1,0,NA,1,1,16,12:38 PM,DISPATCH,12:40 PM,5/31/2015,Y,74,NA,NA,34,8,5,3,3,64,13,1,5,1,32,21,227,22,30.26120886,-97.6981663,,NA,NA,NA,BOLM RD,4611,NA,NA,NA,NA,NA,,NA,NA,N/A,NA,NA,NA,NA,Y,N,N,2,9,Y,SUN,NA,NA,NA,NA,NA,NA,NA,NA,NA,NA,NA,NA,NA,NA,NA,NA,NA,NA,NA,NA,NA,NA,NA,NA,NA,NA,NA,NA,NA,NA,NA,NA,NA,NA,NA,NA,NA,NA,NA,NA,NA,NA,NA,NA,NA,NA,NA,NA,NA,NA,NA,NA,NA,NA,NA,0,1,0,3,0,1,0,90,NA,NA