Crash_UP_ID,FID,FID_Austin,STATEFP,COUNTYFP,TRACTCE,BLKGRPCE,GEOID1,GEOID,NAMELSAD,MTFCC,FUNCSTAT,ALAND,AWATER,INTPTLAT,INTPTLON,CrashID,CrashID1,Latitude,Longitude,Unit_Nbr,Prsn_Nbr,Prsn_Type_ID,Prsn_Occpnt_Pos_ID,Prsn_Injry_Sev_ID,Prsn_Age,Prsn_Ethnicity_ID,Prsn_Gndr_ID,Prsn_Ejct_ID,Prsn_Rest_ID,Prsn_Airbag_ID,Prsn_Helmet_ID,Prsn_Sol_Fl,Prsn_Alc_Spec_Type_ID,Prsn_Alc_Rslt_ID,Prsn_Bac_Test_Rslt,Prsn_Drg_Spec_Type_ID,Prsn_Drg_Rslt_ID,Drvr_Drg_Cat_1_ID,Prsn_Death_Date,Prsn_Death_Time,Incap_Injry_Cnt.x,Nonincap_Injry_Cnt.x,Poss_Injry_Cnt.x,Non_Injry_Cnt.x,Unkn_Injry_Cnt.x,Tot_Injry_Cnt.x,Death_Cnt.x,Crash_Fatal_Fl,Cmv_Involv_Fl,Schl_Bus_Fl,Rr_Relat_Fl,Medical_Advisory_Fl,Amend_Supp_Fl,Active_School_Zone_Fl,Crash_Date,Crash_Time,Rpt_CRIS_Cnty_ID,Rpt_City_ID,Rpt_Outside_City_Limit_Fl,Thousand_Damage_Fl,Rpt_Latitude,Rpt_Longitude,Rpt_Rdwy_Sys_ID,Rpt_Hwy_Num,Rpt_Hwy_Sfx,Rpt_Road_Part_ID,Rpt_Block_Num,Rpt_Street_Pfx,Rpt_Street_Name,Rpt_Street_Sfx,Private_Dr_Fl,Toll_Road_Fl,Crash_Speed_Limit,Road_Constr_Zone_Fl,Road_Constr_Zone_Wrkr_Fl,Rpt_Street_Desc,At_Intrsct_Fl,Rpt_Sec_Rdwy_Sys_ID,Rpt_Sec_Hwy_Num,Rpt_Sec_Hwy_Sfx,Rpt_Sec_Road_Part_ID,Rpt_Sec_Block_Num,Rpt_Sec_Street_Pfx,Rpt_Sec_Street_Name,Rpt_Sec_Street_Sfx,Rpt_Ref_Mark_Offset_Amt,Rpt_Ref_Mark_Dist_Uom,Rpt_Ref_Mark_Dir,Rpt_Ref_Mark_Nbr,Rpt_Sec_Street_Desc,Rpt_CrossingNumber,Wthr_Cond_ID,Light_Cond_ID,Entr_Road_ID,Road_Type_ID,Road_Algn_ID,Surf_Cond_ID,Traffic_Cntl_ID,Investigat_Notify_Time,Investigat_Notify_Meth,Investigat_Arrv_Time,Report_Date,Investigat_Comp_Fl,Investigat_Agency_ID,Investigat_Area_ID,Investigat_District_ID,Investigat_Region_ID,Bridge_Detail_ID,Harm_Evnt_ID,Intrsct_Relat_ID,FHE_Collsn_ID,Obj_Struck_ID,Othr_Factr_ID,Road_Part_Adj_ID,Road_Cls_ID,Road_Relat_ID,Phys_Featr_1_ID,Phys_Featr_2_ID,Cnty_ID,City_ID,Latitude.1,Longitude.1,Hwy_Sys,Hwy_Nbr,Hwy_Sfx,Dfo,Street_Name,Street_Nbr,Control,Section,Milepoint,Ref_Mark_Nbr,Ref_Mark_Displ,Hwy_Sys_2,Hwy_Nbr_2,Hwy_Sfx_2,Street_Name_2,Street_Nbr_2,Control_2,Section_2,Milepoint_2,Txdot_Rptable_Fl,Onsys_Fl,Rural_Fl,Crash_Sev_ID,Pop_Group_ID,Located_Fl,Day_of_Week,Hwy_Dsgn_Lane_ID,Hwy_Dsgn_Hrt_ID,Hp_Shldr_Left,Hp_Shldr_Right,Hp_Median_Width,Base_Type_ID,Nbr_Of_Lane,Row_Width_Usual,Roadbed_Width,Surf_Width,Surf_Type_ID,Curb_Type_Left_ID,Curb_Type_Right_ID,Shldr_Type_Left_ID,Shldr_Width_Left,Shldr_Use_Left_ID,Shldr_Type_Right_ID,Shldr_Width_Right,Shldr_Use_Right_ID,Median_Type_ID,Median_Width,Rural_Urban_Type_ID,Func_Sys_ID,Adt_Curnt_Amt,Adt_Curnt_Year,Adt_Adj_Curnt_Amt,Pct_Single_Trk_Adt,Pct_Combo_Trk_Adt,Trk_Aadt_Pct,Curve_Type_ID,Curve_Lngth,Cd_Degr,Delta_Left_Right_ID,Dd_Degr,Feature_Crossed,Structure_Number,I_R_Min_Vert_Clear,Approach_Width,Bridge_Median_ID,Bridge_Loading_Type_ID,Bridge_Loading_In_1000_Lbs,Bridge_Srvc_Type_On_ID,Bridge_Srvc_Type_Under_ID,Culvert_Type_ID,Roadway_Width,Deck_Width,Bridge_Dir_Of_Traffic_ID,Bridge_Rte_Struct_Func_ID,Bridge_IR_Struct_Func_ID,CrossingNumber,RRCo,Poscrossing_ID,WDCode_ID,Standstop,Yield,Incap_Injry_Cnt.y,Nonincap_Injry_Cnt.y,Poss_Injry_Cnt.y,Non_Injry_Cnt.y,Unkn_Injry_Cnt.y,Tot_Injry_Cnt.y,Death_Cnt.y,MPO_ID,Unit_ID,Unit_Prsn_ID
AUS_1446710921,522,344,48,453,902,4,4.85E+11,1500US484530009024,Block Group 4,G5030,S,809825,0,30.2619393,-97.7293714,14467109,AUS_14467109,30.26390097,-97.73535224,2,1,3,16,2,59,1,1,4,11,1,4,N,4,NA,NA,4,97,97,,,0,1,0,0,0,1,0,N,N,N,N,N,N,N,6/1/2015,4:35 PM,227,22,N,N,NA,NA,19,NA,,1,NA,E,4TH,ST,N,N,30,N,N,,Y,1,35,,2,,N,NOT REPORTED,,NA,NA,,,N IH 35 SVRD NB,NA,11,1,2,2,1,1,8,4:35 PM,DISPATCH,4:45 PM,6/1/2015,Y,74,NA,NA,67,8,5,2,1,64,3,1,1,1,21,21,227,22,30.26390097,-97.73535224,IH,35,NA,233.955,IH0035,NA,15,13,17.541,234,0.503,,NA,NA,E 4TH ST,NA,NA,NA,NA,Y,Y,N,2,9,Y,MON,5,0,2,5,7,2,6,300,86,72,4,0,0,2,4,5,2,10,5,2,3,4,11,148494,2014,148494,3.3,9.4,12.7,NA,NA,NA,NA,NA,NA,NA,NA,NA,NA,NA,NA,NA,NA,NA,NA,NA,NA,NA,NA,NA,NA,NA,NA,NA,NA,0,1,0,1,0,1,0,90,NA,NA
AUS_1446718321,766,67,48,453,700,1,4.85E+11,1500US484530007001,Block Group 1,G5030,S,1615130,0,30.2777004,-97.7411232,14467183,AUS_14467183,30.27804478,-97.73643246,2,1,3,16,1,36,1,1,4,11,1,4,N,4,NA,NA,4,97,97,,,1,0,0,0,0,1,0,N,N,N,N,N,N,N,5/30/2015,4:50 PM,227,22,N,Y,30.27794,-97.73638,19,NA,,1,1700,,SAN JACINTO,BLVD,N,N,30,N,N,,Y,19,NA,,1,200,E,17TH,ST,NA,NA,,,,NA,2,1,4,NA,1,2,16,5:00 PM,DPS COMMUNICATIONS,5:05 PM,5/31/2015,Y,10000,NA,NA,108,8,5,1,1,64,3,1,5,1,21,21,227,22,30.27804478,-97.73643246,,NA,NA,NA,SAN JACINTO BLVD,1701,NA,NA,NA,NA,NA,,NA,NA,E 17TH ST,NA,NA,NA,NA,Y,N,N,1,9,Y,SAT,NA,NA,NA,NA,NA,NA,NA,NA,NA,NA,NA,NA,NA,NA,NA,NA,NA,NA,NA,NA,NA,NA,NA,NA,NA,NA,NA,NA,NA,NA,NA,NA,NA,NA,NA,NA,NA,NA,NA,NA,NA,NA,NA,NA,NA,NA,NA,NA,NA,NA,NA,NA,NA,NA,NA,1,0,0,1,0,1,0,90,NA,NA
AUS_1446731521,1312,53,48,453,1753,1,4.85E+11,1500US484530017531,Block Group 1,G5030,S,2358870,0,30.3908022,-97.7388704,14467315,AUS_14467315,30.39404956,-97.74647834,2,1,3,16,2,50,1,2,4,11,1,4,N,4,NA,NA,4,97,97,,,0,1,0,0,0,1,0,N,N,N,N,N,N,N,6/2/2015,11:17 AM,227,22,N,N,NA,NA,19,NA,,1,10000,W,GREAT HILLS TO RESEARC SB RAMP,TRL,N,N,35,N,N,ASPHALT,Y,19,NA,,2,10000,S,RESEARCH,BLVD,NA,NA,,,ASPHALT,NA,11,1,4,2,1,1,5,11:19 AM,DISPATCH,11:30 AM,6/2/2015,Y,74,NA,NA,46,8,5,2,1,64,54,2,2,1,21,21,227,22,30.39404956,-97.74647834,US,183,NA,314.136,US0183,NA,151,6,3.329,510,-0.693,,NA,NA,GREAT HILLS TRL,NA,NA,NA,NA,Y,Y,N,2,9,Y,TUE,5,0,10,10,56,2,6,260,128,72,5,0,0,2,20,5,2,20,5,2,36,4,12,122507,2014,122507,2.3,2,4.3,NA,NA,NA,NA,NA,NA,NA,NA,NA,NA,NA,NA,NA,NA,NA,NA,NA,NA,NA,NA,NA,NA,NA,NA,NA,NA,0,1,0,0,2,1,0,90,NA,NA
AUS_1446898321,945,362,48,453,601,1,4.85E+11,1500US484530006011,Block Group 1,G5030,S,197089,0,30.2937354,-97.739645,14468983,AUS_14468983,30.29601502,-97.7424198,2,1,3,16,2,48,1,1,4,11,1,5,N,4,NA,NA,4,97,97,,,0,1,0,0,0,1,0,N,N,N,N,N,N,N,5/22/2015,4:55 PM,227,22,N,Y,NA,NA,19,NA,,1,3000,,GUADALUPE,ST,N,N,35,N,N,,N,19,NA,,1,,W,30TH,ST,NA,NA,,,,NA,12,1,0,NA,1,1,16,4:55 PM,DISPATCH,5:05 PM,5/22/2015,Y,74,NA,NA,10,8,5,4,3,64,3,1,5,1,21,21,227,22,30.29601502,-97.7424198,,NA,NA,NA,GUADALUPE ST,2918,NA,NA,NA,NA,NA,,NA,NA,N/A,NA,NA,NA,NA,Y,N,N,2,9,Y,FRI,NA,NA,NA,NA,NA,NA,NA,NA,NA,NA,NA,NA,NA,NA,NA,NA,NA,NA,NA,NA,NA,NA,NA,NA,NA,NA,NA,NA,NA,NA,NA,NA,NA,NA,NA,NA,NA,NA,NA,NA,NA,NA,NA,NA,NA,NA,NA,NA,NA,NA,NA,NA,NA,NA,NA,0,1,0,2,0,1,0,90,NA,NA
AUS_1447133521,1163,12,48,453,1503,2,4.85E+11,1500US484530015032,Block Group 2,G5030,S,330948,0,30.3355474,-97.7153915,14471335,AUS_14471335,30.33395477,-97.71692247,2,1,3,16,3,29,1,2,4,11,1,2,N,4,NA,NA,4,97,97,,,0,0,1,0,0,1,0,N,N,N,N,N,N,N,6/3/2015,4:29 PM,227,22,N,N,NA,NA,19,NA,,1,6800,,GUADALUPE,ST,N,N,-1,N,N,,Y,19,NA,,1,6800,,AIRPORT,BLVD,NA,NA,,,,NA,11,1,2,NA,1,1,20,4:29 PM,DISPATCH,4:33 PM,6/3/2015,Y,74,NA,NA,121,8,5,2,2,64,54,1,5,1,21,21,227,22,30.33395477,-97.71692247,,NA,NA,NA,GUADALUPE ST,6799,NA,NA,NA,NA,NA,,NA,NA,AIRPORT BLVD,NA,NA,NA,NA,Y,N,N,3,9,Y,WED,NA,NA,NA,NA,NA,NA,NA,NA,NA,NA,NA,NA,NA,NA,NA,NA,NA,NA,NA,NA,NA,NA,NA,NA,NA,NA,NA,NA,NA,NA,NA,NA,NA,NA,NA,NA,NA,NA,NA,NA,NA,NA,NA,NA,NA,NA,NA,NA,NA,NA,NA,NA,NA,NA,NA,0,0,2,0,0,2,0,90,NA,NA
AUS_1447721721,941,65,48,453,401,2,4.85E+11,1500US484530004012,Block Group 2,G5030,S,1342888,0,30.2880599,-97.7281679,14477217,AUS_14477217,30.29560477,-97.72339247,2,1,3,16,5,39,2,1,4,11,1,4,N,4,NA,NA,4,97,97,,,0,0,0,1,0,0,0,N,N,N,N,N,N,N,6/7/2015,10:31 AM,227,22,N,N,NA,NA,19,NA,,1,3800,,RED RIVER,ST,N,N,35,N,N,,Y,19,NA,,1,,E,38TH,ST,NA,NA,,,,NA,11,1,4,NA,1,1,8,10:31 AM,DISPATCH,10:38 AM,6/7/2015,Y,74,NA,NA,10,8,5,1,2,64,54,1,5,1,21,21,227,22,30.29560477,-97.72339247,,NA,NA,NA,RED RIVER ST,NA,NA,NA,NA,NA,NA,,NA,NA,E 38TH ST,NA,NA,NA,NA,N,N,N,5,9,Y,SUN,NA,NA,NA,NA,NA,NA,NA,NA,NA,NA,NA,NA,NA,NA,NA,NA,NA,NA,NA,NA,NA,NA,NA,NA,NA,NA,NA,NA,NA,NA,NA,NA,NA,NA,NA,NA,NA,NA,NA,NA,NA,NA,NA,NA,NA,NA,NA,NA,NA,NA,NA,NA,NA,NA,NA,0,0,0,2,0,0,0,90,NA,NA
AUS_1448062221,547,433,48,453,1100,1,4.85E+11,1500US484530011001,Block Group 1,G5030,S,2044061,66635,30.2687002,-97.7433003,14480622,AUS_14480622,30.26466478,-97.74552246,2,1,3,16,3,37,1,1,4,11,1,3,N,4,NA,NA,4,97,97,,,0,0,1,0,0,1,0,N,N,N,N,N,N,N,5/28/2015,6:43 PM,227,22,N,N,NA,NA,19,NA,,1,116,W,2ND,ST,N,N,-1,N,N,,Y,19,NA,,1,201,,COLORADO,ST,NA,NA,,,,NA,11,1,4,NA,1,1,5,6:43 PM,DISPATCH,6:47 PM,5/28/2015,Y,74,NA,NA,67,8,5,1,3,64,54,1,5,1,21,21,227,22,30.26466478,-97.74552246,,NA,NA,NA,W 2ND ST,200,NA,NA,NA,NA,NA,,NA,NA,COLORADO ST,NA,NA,NA,NA,Y,N,N,3,9,Y,THU,NA,NA,NA,NA,NA,NA,NA,NA,NA,NA,NA,NA,NA,NA,NA,NA,NA,NA,NA,NA,NA,NA,NA,NA,NA,NA,NA,NA,NA,NA,NA,NA,NA,NA,NA,NA,NA,NA,NA,NA,NA,NA,NA,NA,NA,NA,NA,NA,NA,NA,NA,NA,NA,NA,NA,0,0,1,1,0,1,0,90,NA,NA
AUS_1448128221,1156,574,48,453,1505,4,4.85E+11,1500US484530015054,Block Group 4,G5030,S,503507,0,30.3315451,-97.7268189,14481282,AUS_14481282,30.33088548,-97.73154794,2,1,3,16,3,21,1,1,4,11,1,2,N,4,NA,NA,4,97,97,,,0,0,1,0,0,1,0,N,N,N,N,N,N,N,6/3/2015,6:15 PM,227,22,N,N,NA,NA,19,NA,,1,5900,,WOODROW,AVE,N,N,35,N,N,,Y,19,NA,,1,1300,W,KOENIG,LN,NA,NA,,,,NA,11,1,4,3,1,1,5,6:30 PM,DISPATCH,6:34 PM,6/3/2015,Y,74,NA,NA,121,8,5,1,3,64,3,1,3,1,21,21,227,22,30.33088548,-97.73154794,RM,2222,NA,10.349,RM2222,1400,2100,1,10.406,536,0.36,,NA,NA,WOODROW AVE,NA,NA,NA,NA,Y,Y,N,3,9,Y,WED,2,0,0,0,0,2,4,70,44,44,4,2,2,1,0,0,1,0,0,0,0,4,14,26658,2014,26658,1.2,0.4,1.6,NA,NA,NA,NA,NA,NA,NA,NA,NA,NA,NA,NA,NA,NA,NA,NA,NA,NA,NA,NA,NA,NA,NA,NA,NA,NA,0,0,1,3,0,1,0,90,NA,NA
AUS_1448128321,520,433,48,453,1100,1,4.85E+11,1500US484530011001,Block Group 1,G5030,S,2044061,66635,30.2687002,-97.7433003,14481283,AUS_14481283,30.26383478,-97.74435246,2,1,3,16,2,31,1,1,4,11,1,4,Y,4,NA,NA,4,97,97,,,0,1,0,0,0,1,0,N,N,N,N,N,N,N,5/31/2015,9:09 PM,227,22,N,Y,NA,NA,19,NA,,1,80,,CONGRESS,AVE,N,N,35,N,N,,N,19,NA,,1,,,CESAR CHAVEZ,ST,NA,NA,,,,NA,11,4,0,NA,1,1,20,9:09 PM,DISPATCH,9:11 PM,5/31/2015,Y,74,NA,NA,131,8,5,4,1,64,54,1,5,1,21,21,227,22,30.26383478,-97.74435246,,NA,NA,NA,CONGRESS AVE,80,NA,NA,NA,NA,NA,,NA,NA,N/A,NA,NA,NA,NA,Y,N,N,2,9,Y,SUN,NA,NA,NA,NA,NA,NA,NA,NA,NA,NA,NA,NA,NA,NA,NA,NA,NA,NA,NA,NA,NA,NA,NA,NA,NA,NA,NA,NA,NA,NA,NA,NA,NA,NA,NA,NA,NA,NA,NA,NA,NA,NA,NA,NA,NA,NA,NA,NA,NA,NA,NA,NA,NA,NA,NA,0,1,0,1,0,1,0,90,NA,NA
AUS_1448346021,987,556,48,453,2108,2,4.85E+11,1500US484530021082,Block Group 2,G5030,S,832348,0,30.3060965,-97.6640616,14483460,AUS_14483460,30.30263477,-97.66109248,2,1,3,16,2,17,3,1,4,11,1,4,N,4,NA,NA,4,97,97,,,0,1,0,0,0,1,0,N,N,N,N,N,N,N,6/10/2015,4:14 AM,227,22,N,Y,NA,NA,19,NA,,1,NA,,ED BLUESTEIN BLVD SB,,N,N,55,N,N,,Y,19,NA,,1,,,LOYOLA LN,,NA,NA,,,,NA,11,4,4,NA,1,1,5,4:14 AM,DISPATCH,4:22 AM,6/10/2015,Y,74,NA,NA,34,8,5,1,1,64,54,1,5,1,21,21,227,22,30.30263477,-97.66109248,,NA,NA,NA,ED BLUESTEIN BLVD,NA,NA,NA,NA,NA,NA,,NA,NA,LOYOLA LN,NA,NA,NA,NA,Y,N,N,2,9,Y,WED,NA,NA,NA,NA,NA,NA,NA,NA,NA,NA,NA,NA,NA,NA,NA,NA,NA,NA,NA,NA,NA,NA,NA,NA,NA,NA,NA,NA,NA,NA,NA,NA,NA,NA,NA,NA,NA,NA,NA,NA,NA,NA,NA,NA,NA,NA,NA,NA,NA,NA,NA,NA,NA,NA,NA,0,1,0,1,0,1,0,90,NA,NA
AUS_1448356721,957,139,48,453,2208,2,4.85E+11,1500US484530022082,Block Group 2,G5030,S,951996,0,30.2914547,-97.6497735,14483567,AUS_14483567,30.29825668,-97.64946172,2,1,3,16,4,16,2,1,4,11,1,4,N,4,NA,NA,4,97,97,6/6/2015,19:12:00,0,0,0,0,0,0,1,Y,N,N,N,N,N,N,6/6/2015,6:34 PM,227,22,N,Y,NA,NA,19,NA,,1,6200,,JOHNNY MORRIS,RD,N,N,30,N,N,,N,19,NA,,1,6400,,LOYOLA,LN,NA,NA,,,,NA,11,1,0,NA,1,1,11,6:34 PM,DISPATCH,6:38 PM,6/6/2015,N,74,NA,NA,34,8,5,4,1,64,54,1,5,1,21,21,227,22,30.29825668,-97.64946172,,NA,NA,NA,JOHNNY MORRIS RD,6485,NA,NA,NA,NA,NA,,NA,NA,N/A,NA,NA,NA,NA,Y,N,N,4,9,Y,SAT,NA,NA,NA,NA,NA,NA,NA,NA,NA,NA,NA,NA,NA,NA,NA,NA,NA,NA,NA,NA,NA,NA,NA,NA,NA,NA,NA,NA,NA,NA,NA,NA,NA,NA,NA,NA,NA,NA,NA,NA,NA,NA,NA,NA,NA,NA,NA,NA,NA,NA,NA,NA,NA,NA,NA,0,0,0,2,0,0,1,90,NA,NA
AUS_1448553721,1292,97,48,453,1707,1,4.85E+11,1500US484530017071,Block Group 1,G5030,S,1005309,0,30.3740858,-97.7469324,14485537,AUS_14485537,30.37763476,-97.74750245,2,1,3,16,1,16,1,2,4,11,1,4,N,4,NA,NA,4,97,97,,,1,0,0,0,0,1,0,N,N,N,N,N,N,N,6/9/2015,7:00 AM,227,22,N,N,NA,NA,19,NA,,1,3800,,HYRIDGE,DR,N,N,30,N,N,,Y,19,NA,,1,8700,,MOUNTAINWOOD,CIR,NA,NA,,,,NA,11,1,0,NA,1,1,8,10:20 AM,DISPATCH,1:01 PM,6/9/2015,Y,74,NA,NA,10,8,5,1,1,64,3,1,5,1,21,21,227,22,30.37763476,-97.74750245,,NA,NA,NA,HYRIDGE DR,3898,NA,NA,NA,NA,NA,,NA,NA,MOUNTAINWOOD CIR,NA,NA,NA,NA,Y,N,N,1,9,Y,TUE,NA,NA,NA,NA,NA,NA,NA,NA,NA,NA,NA,NA,NA,NA,NA,NA,NA,NA,NA,NA,NA,NA,NA,NA,NA,NA,NA,NA,NA,NA,NA,NA,NA,NA,NA,NA,NA,NA,NA,NA,NA,NA,NA,NA,NA,NA,NA,NA,NA,NA,NA,NA,NA,NA,NA,1,0,0,1,0,1,0,90,NA,NA
AUS_1449376421,977,278,48,453,1603,5,4.85E+11,1500US484530016035,Block Group 5,G5030,S,752434,0,30.2976439,-97.7627076,14493764,AUS_14493764,30.30059477,-97.75916246,2,1,3,16,2,46,4,1,4,11,1,1,N,4,NA,NA,4,97,97,,,0,1,0,0,0,1,0,N,N,N,N,N,N,N,6/4/2015,6:32 PM,227,22,N,N,NA,NA,19,NA,,1,2100,,WESTOVER,RD,N,N,35,N,N,,Y,11,1,,3,2700,N,MOPAC SB,EXPY,NA,NA,,,,NA,11,1,4,NA,1,1,8,6:32 PM,DISPATCH,6:35 PM,6/4/2015,Y,74,NA,NA,10,8,5,1,3,64,54,3,2,1,21,21,227,22,30.30059477,-97.75916246,,NA,NA,NA,WESTOVER RD,2100,NA,NA,NA,NA,NA,,NA,NA,UNKNOWN,NA,NA,NA,NA,Y,N,N,2,9,Y,THU,NA,NA,NA,NA,NA,NA,NA,NA,NA,NA,NA,NA,NA,NA,NA,NA,NA,NA,NA,NA,NA,NA,NA,NA,NA,NA,NA,NA,NA,NA,NA,NA,NA,NA,NA,NA,NA,NA,NA,NA,NA,NA,NA,NA,NA,NA,NA,NA,NA,NA,NA,NA,NA,NA,NA,0,1,0,1,0,1,0,90,NA,NA
AUS_1449392921,359,369,48,453,1305,3,4.85E+11,1500US484530013053,Block Group 3,G5030,S,655707,0,30.2452677,-97.7539204,14493929,AUS_14493929,30.25111478,-97.74912246,2,1,3,16,2,34,1,1,4,11,1,5,N,4,NA,NA,4,97,97,,,0,1,0,0,0,1,0,N,N,N,N,N,N,N,6/8/2015,9:58 PM,227,22,N,N,NA,NA,19,NA,,1,1300,S,CONGRESS,AVE,N,N,-1,N,N,,Y,19,NA,,1,100,W,JAMES,ST,NA,NA,,,,NA,11,4,4,NA,1,1,5,9:58 PM,DISPATCH,10:01 PM,6/8/2015,Y,74,NA,NA,93,8,5,1,1,64,3,1,5,1,21,21,227,22,30.25111478,-97.74912246,,NA,NA,NA,CONGRESS AVE S,1299,NA,NA,NA,NA,NA,,NA,NA,JAMES ST W,NA,NA,NA,NA,Y,N,N,2,9,Y,MON,NA,NA,NA,NA,NA,NA,NA,NA,NA,NA,NA,NA,NA,NA,NA,NA,NA,NA,NA,NA,NA,NA,NA,NA,NA,NA,NA,NA,NA,NA,NA,NA,NA,NA,NA,NA,NA,NA,NA,NA,NA,NA,NA,NA,NA,NA,NA,NA,NA,NA,NA,NA,NA,NA,NA,0,1,0,1,0,1,0,90,NA,NA
AUS_1450048521,406,450,48,453,1305,1,4.85E+11,1500US484530013051,Block Group 1,G5030,S,1106325,65346,30.2582419,-97.7524205,14500485,AUS_14500485,30.25715478,-97.74688246,2,1,3,16,2,19,1,1,4,11,1,5,N,4,NA,NA,4,97,97,,,0,1,0,0,0,1,0,N,N,N,N,N,N,N,4/17/2015,2:37 PM,227,22,N,N,NA,NA,19,NA,,1,400,S,CONGRESS,AVE,N,N,45,N,N,,N,NA,NA,,NA,,,NOT REPORTED,,100,FALSE,S,1,,NA,11,1,0,NA,1,1,11,3:10 PM,DISPATCH,3:10 PM,4/17/2015,Y,74,NA,NA,93,8,5,3,2,64,13,1,5,1,32,21,227,22,30.25715478,-97.74688246,,NA,NA,NA,CONGRESS AVE S,400,NA,NA,NA,NA,NA,,NA,NA,NOT REPORTED,NA,NA,NA,NA,Y,N,N,2,9,Y,FRI,NA,NA,NA,NA,NA,NA,NA,NA,NA,NA,NA,NA,NA,NA,NA,NA,NA,NA,NA,NA,NA,NA,NA,NA,NA,NA,NA,NA,NA,NA,NA,NA,NA,NA,NA,NA,NA,NA,NA,NA,NA,NA,NA,NA,NA,NA,NA,NA,NA,NA,NA,NA,NA,NA,NA,0,1,0,2,0,1,0,90,NA,NA
AUS_1450071021,4,425,48,453,2426,1,4.85E+11,1500US484530024261,Block Group 1,G5030,S,11715190,2757,30.1445022,-97.7497211,14500710,AUS_14500710,30.15762554,-97.74276327,2,1,3,16,1,46,1,2,4,11,1,2,N,4,NA,NA,4,97,97,,,1,0,0,0,0,1,0,N,N,N,N,N,N,N,6/7/2015,9:00 AM,227,22,N,Y,NA,NA,19,NA,,1,8000,,THAXTON,DR,N,N,30,N,N,,N,19,NA,,1,8100,,ALUM ROCK,DR,NA,NA,,,,NA,11,1,0,NA,5,1,20,9:00 AM,BY CITIZEN,9:11 AM,6/7/2015,Y,74,NA,NA,99,8,5,1,1,64,3,1,5,1,21,21,227,22,30.15762554,-97.74276327,,NA,NA,NA,THAXTON RD,8000,NA,NA,NA,NA,NA,,NA,NA,UNKNOWN,NA,NA,NA,NA,Y,N,N,1,9,Y,SUN,NA,NA,NA,NA,NA,NA,NA,NA,NA,NA,NA,NA,NA,NA,NA,NA,NA,NA,NA,NA,NA,NA,NA,NA,NA,NA,NA,NA,NA,NA,NA,NA,NA,NA,NA,NA,NA,NA,NA,NA,NA,NA,NA,NA,NA,NA,NA,NA,NA,NA,NA,NA,NA,NA,NA,1,0,0,1,0,1,0,90,NA,NA
AUS_1450474121,102,80,48,453,1776,1,4.85E+11,1500US484530017761,Block Group 1,G5030,S,1380203,0,30.2126015,-97.8384298,14504741,AUS_14504741,30.21149479,-97.83482244,2,1,3,16,1,39,1,1,4,11,1,5,N,4,NA,NA,4,97,97,,,1,0,0,0,0,1,0,N,N,N,N,N,N,N,6/2/2015,7:54 PM,227,22,N,Y,NA,NA,19,NA,,1,3600,,CONVICT HILL,RD,N,N,-1,N,N,,Y,19,NA,,1,3700,,KANDY,DR,NA,NA,,,,NA,12,1,2,NA,1,2,20,7:53 PM,DISPATCH,7:57 PM,6/2/2015,Y,74,NA,NA,18,8,5,1,3,64,3,1,5,1,21,21,227,22,30.21149479,-97.83482244,,NA,NA,NA,CONVICT HILL RD,3776,NA,NA,NA,NA,NA,,NA,NA,KANDY DR,NA,NA,NA,NA,Y,N,N,1,9,Y,TUE,NA,NA,NA,NA,NA,NA,NA,NA,NA,NA,NA,NA,NA,NA,NA,NA,NA,NA,NA,NA,NA,NA,NA,NA,NA,NA,NA,NA,NA,NA,NA,NA,NA,NA,NA,NA,NA,NA,NA,NA,NA,NA,NA,NA,NA,NA,NA,NA,NA,NA,NA,NA,NA,NA,NA,1,0,0,0,1,1,0,90,NA,NA
AUS_1450669121,710,384,48,453,804,1,4.85E+11,1500US484530008041,Block Group 1,G5030,S,385739,0,30.2696968,-97.7174616,14506691,AUS_14506691,30.27375478,-97.71989247,2,1,3,16,2,23,5,1,4,11,1,2,N,4,NA,NA,4,97,97,,,0,1,0,0,0,1,0,N,N,N,N,N,N,N,6/4/2015,7:49 AM,227,22,N,Y,NA,NA,19,NA,,1,1900,E,12TH,ST,N,N,35,N,N,,Y,19,NA,,1,,,CHICON,ST,NA,NA,,,,NA,11,1,0,NA,1,1,5,7:56 AM,DISPATCH,8:07 AM,6/4/2015,Y,74,NA,NA,34,8,5,1,3,64,3,1,5,1,21,21,227,22,30.27375478,-97.71989247,,NA,NA,NA,E 12TH ST,1901,NA,NA,NA,NA,NA,,NA,NA,CHICON ST,NA,NA,NA,NA,Y,N,N,2,9,Y,THU,NA,NA,NA,NA,NA,NA,NA,NA,NA,NA,NA,NA,NA,NA,NA,NA,NA,NA,NA,NA,NA,NA,NA,NA,NA,NA,NA,NA,NA,NA,NA,NA,NA,NA,NA,NA,NA,NA,NA,NA,NA,NA,NA,NA,NA,NA,NA,NA,NA,NA,NA,NA,NA,NA,NA,0,1,0,1,0,1,0,90,NA,NA