Crash_UP_ID,FID,FID_Austin,STATEFP,COUNTYFP,TRACTCE,BLKGRPCE,GEOID1,GEOID,NAMELSAD,MTFCC,FUNCSTAT,ALAND,AWATER,INTPTLAT,INTPTLON,CrashID,CrashID1,Latitude,Longitude,Unit_Nbr,Prsn_Nbr,Prsn_Type_ID,Prsn_Occpnt_Pos_ID,Prsn_Injry_Sev_ID,Prsn_Age,Prsn_Ethnicity_ID,Prsn_Gndr_ID,Prsn_Ejct_ID,Prsn_Rest_ID,Prsn_Airbag_ID,Prsn_Helmet_ID,Prsn_Sol_Fl,Prsn_Alc_Spec_Type_ID,Prsn_Alc_Rslt_ID,Prsn_Bac_Test_Rslt,Prsn_Drg_Spec_Type_ID,Prsn_Drg_Rslt_ID,Drvr_Drg_Cat_1_ID,Prsn_Death_Date,Prsn_Death_Time,Incap_Injry_Cnt.x,Nonincap_Injry_Cnt.x,Poss_Injry_Cnt.x,Non_Injry_Cnt.x,Unkn_Injry_Cnt.x,Tot_Injry_Cnt.x,Death_Cnt.x,Crash_Fatal_Fl,Cmv_Involv_Fl,Schl_Bus_Fl,Rr_Relat_Fl,Medical_Advisory_Fl,Amend_Supp_Fl,Active_School_Zone_Fl,Crash_Date,Crash_Time,Rpt_CRIS_Cnty_ID,Rpt_City_ID,Rpt_Outside_City_Limit_Fl,Thousand_Damage_Fl,Rpt_Latitude,Rpt_Longitude,Rpt_Rdwy_Sys_ID,Rpt_Hwy_Num,Rpt_Hwy_Sfx,Rpt_Road_Part_ID,Rpt_Block_Num,Rpt_Street_Pfx,Rpt_Street_Name,Rpt_Street_Sfx,Private_Dr_Fl,Toll_Road_Fl,Crash_Speed_Limit,Road_Constr_Zone_Fl,Road_Constr_Zone_Wrkr_Fl,Rpt_Street_Desc,At_Intrsct_Fl,Rpt_Sec_Rdwy_Sys_ID,Rpt_Sec_Hwy_Num,Rpt_Sec_Hwy_Sfx,Rpt_Sec_Road_Part_ID,Rpt_Sec_Block_Num,Rpt_Sec_Street_Pfx,Rpt_Sec_Street_Name,Rpt_Sec_Street_Sfx,Rpt_Ref_Mark_Offset_Amt,Rpt_Ref_Mark_Dist_Uom,Rpt_Ref_Mark_Dir,Rpt_Ref_Mark_Nbr,Rpt_Sec_Street_Desc,Rpt_CrossingNumber,Wthr_Cond_ID,Light_Cond_ID,Entr_Road_ID,Road_Type_ID,Road_Algn_ID,Surf_Cond_ID,Traffic_Cntl_ID,Investigat_Notify_Time,Investigat_Notify_Meth,Investigat_Arrv_Time,Report_Date,Investigat_Comp_Fl,Investigat_Agency_ID,Investigat_Area_ID,Investigat_District_ID,Investigat_Region_ID,Bridge_Detail_ID,Harm_Evnt_ID,Intrsct_Relat_ID,FHE_Collsn_ID,Obj_Struck_ID,Othr_Factr_ID,Road_Part_Adj_ID,Road_Cls_ID,Road_Relat_ID,Phys_Featr_1_ID,Phys_Featr_2_ID,Cnty_ID,City_ID,Latitude.1,Longitude.1,Hwy_Sys,Hwy_Nbr,Hwy_Sfx,Dfo,Street_Name,Street_Nbr,Control,Section,Milepoint,Ref_Mark_Nbr,Ref_Mark_Displ,Hwy_Sys_2,Hwy_Nbr_2,Hwy_Sfx_2,Street_Name_2,Street_Nbr_2,Control_2,Section_2,Milepoint_2,Txdot_Rptable_Fl,Onsys_Fl,Rural_Fl,Crash_Sev_ID,Pop_Group_ID,Located_Fl,Day_of_Week,Hwy_Dsgn_Lane_ID,Hwy_Dsgn_Hrt_ID,Hp_Shldr_Left,Hp_Shldr_Right,Hp_Median_Width,Base_Type_ID,Nbr_Of_Lane,Row_Width_Usual,Roadbed_Width,Surf_Width,Surf_Type_ID,Curb_Type_Left_ID,Curb_Type_Right_ID,Shldr_Type_Left_ID,Shldr_Width_Left,Shldr_Use_Left_ID,Shldr_Type_Right_ID,Shldr_Width_Right,Shldr_Use_Right_ID,Median_Type_ID,Median_Width,Rural_Urban_Type_ID,Func_Sys_ID,Adt_Curnt_Amt,Adt_Curnt_Year,Adt_Adj_Curnt_Amt,Pct_Single_Trk_Adt,Pct_Combo_Trk_Adt,Trk_Aadt_Pct,Curve_Type_ID,Curve_Lngth,Cd_Degr,Delta_Left_Right_ID,Dd_Degr,Feature_Crossed,Structure_Number,I_R_Min_Vert_Clear,Approach_Width,Bridge_Median_ID,Bridge_Loading_Type_ID,Bridge_Loading_In_1000_Lbs,Bridge_Srvc_Type_On_ID,Bridge_Srvc_Type_Under_ID,Culvert_Type_ID,Roadway_Width,Deck_Width,Bridge_Dir_Of_Traffic_ID,Bridge_Rte_Struct_Func_ID,Bridge_IR_Struct_Func_ID,CrossingNumber,RRCo,Poscrossing_ID,WDCode_ID,Standstop,Yield,Incap_Injry_Cnt.y,Nonincap_Injry_Cnt.y,Poss_Injry_Cnt.y,Non_Injry_Cnt.y,Unkn_Injry_Cnt.y,Tot_Injry_Cnt.y,Death_Cnt.y,MPO_ID,Unit_ID,Unit_Prsn_ID
AUS_1450834521,250,167,48,453,2317,1,4.85E+11,1500US484530023171,Block Group 1,G5030,S,2422029,107296,30.2405801,-97.7026847,14508345,AUS_14508345,30.23757478,-97.69533248,2,1,3,16,3,31,2,2,4,11,1,4,N,4,NA,NA,4,97,97,,,0,0,1,0,0,1,0,N,N,N,N,N,N,N,6/17/2015,7:35 AM,227,22,N,N,NA,NA,19,NA,,1,NA,,MONTOPOLIS,DR,N,N,30,N,N,,Y,19,NA,,1,,,PONCA,ST,NA,NA,,,,NA,12,1,0,NA,1,1,5,7:36 AM,DISPATCH,7:41 AM,6/17/2015,Y,74,NA,NA,98,8,5,2,1,64,54,1,5,1,21,21,227,22,30.23757478,-97.69533248,,NA,NA,NA,MONTOPOLIS DR,699,NA,NA,NA,NA,NA,,NA,NA,PONCA ST,NA,NA,NA,NA,Y,N,N,3,9,Y,WED,NA,NA,NA,NA,NA,NA,NA,NA,NA,NA,NA,NA,NA,NA,NA,NA,NA,NA,NA,NA,NA,NA,NA,NA,NA,NA,NA,NA,NA,NA,NA,NA,NA,NA,NA,NA,NA,NA,NA,NA,NA,NA,NA,NA,NA,NA,NA,NA,NA,NA,NA,NA,NA,NA,NA,0,0,1,1,0,1,0,90,NA,NA
AUS_1450888021,1225,52,48,453,1817,2,4.85E+11,1500US484530018172,Block Group 2,G5030,S,1005726,0,30.3613966,-97.7367684,14508880,AUS_14508880,30.35972476,-97.73825246,2,1,3,16,2,20,3,2,4,11,1,4,N,4,NA,NA,4,97,97,,,0,1,0,0,0,1,0,N,N,N,N,N,N,N,6/20/2015,12:17 PM,227,22,N,N,NA,NA,19,NA,,1,7800,,ROCKWOOD,LN,N,N,30,N,N,,Y,19,NA,,1,2900,W,ANDERSON,LN,NA,NA,,,,NA,12,1,0,NA,1,1,5,12:17 PM,DISPATCH,12:19 PM,6/20/2015,Y,74,NA,NA,10,8,5,2,1,64,54,1,5,1,21,21,227,22,30.35972476,-97.73825246,,NA,NA,NA,ROCKWOOD LN,7901,NA,NA,NA,NA,NA,,NA,NA,W ANDERSON LN,NA,NA,NA,NA,Y,N,N,2,9,Y,SAT,NA,NA,NA,NA,NA,NA,NA,NA,NA,NA,NA,NA,NA,NA,NA,NA,NA,NA,NA,NA,NA,NA,NA,NA,NA,NA,NA,NA,NA,NA,NA,NA,NA,NA,NA,NA,NA,NA,NA,NA,NA,NA,NA,NA,NA,NA,NA,NA,NA,NA,NA,NA,NA,NA,NA,0,1,0,1,0,1,0,90,NA,NA
AUS_1450905421,1308,53,48,453,1753,1,4.85E+11,1500US484530017531,Block Group 1,G5030,S,2358870,0,30.3908022,-97.7388704,14509054,AUS_14509054,30.39059474,-97.73946031,2,1,3,16,2,45,1,1,4,11,1,3,N,4,NA,NA,4,97,97,,,0,1,0,0,0,1,0,N,N,N,N,N,N,N,6/23/2015,5:09 AM,227,22,N,N,NA,NA,11,360,,1,9900,N,CAPITAL OF TEXAS,HWY,N,N,45,N,N,,Y,19,NA,,1,9900,,STONELAKE,BLVD,NA,NA,,,,NA,11,4,4,NA,1,1,20,5:09 AM,DISPATCH,5:15 AM,6/23/2015,Y,74,NA,NA,46,8,5,1,1,64,54,1,2,1,21,21,227,22,30.39059474,-97.73946031,,NA,NA,NA,N CAPITAL OF TEXAS HWY,9999,NA,NA,NA,NA,NA,,NA,NA,UNKNOWN,NA,NA,NA,NA,Y,N,N,2,9,Y,TUE,NA,NA,NA,NA,NA,NA,NA,NA,NA,NA,NA,NA,NA,NA,NA,NA,NA,NA,NA,NA,NA,NA,NA,NA,NA,NA,NA,NA,NA,NA,NA,NA,NA,NA,NA,NA,NA,NA,NA,NA,NA,NA,NA,NA,NA,NA,NA,NA,NA,NA,NA,NA,NA,NA,NA,0,1,0,1,0,1,0,90,NA,NA
AUS_1450912921,132,486,48,453,2403,1,4.85E+11,1500US484530024031,Block Group 1,G5030,S,1971214,0,30.2141453,-97.7608437,14509129,AUS_14509129,30.21931084,-97.7567846,2,1,3,16,2,52,1,1,4,11,1,4,N,4,NA,NA,4,97,97,,,0,1,0,0,0,1,0,N,N,N,N,N,N,N,6/25/2015,5:30 PM,227,22,N,N,NA,NA,19,NA,,2,700,W,E BEN WHITE BLVD SVRD WB,,N,N,-1,N,N,,Y,19,NA,,1,,S,PAYLOAD PASS,DR,NA,NA,,,,NA,11,1,2,2,1,1,8,5:30 PM,DISPATCH,5:45 PM,6/25/2015,Y,74,NA,NA,93,8,5,2,1,64,54,2,2,1,21,21,227,22,30.21931084,-97.7567846,US,290,NA,117.026,US0290,NA,113,13,2.969,578,-0.227,IH,35,NA,IH0035,NA,NA,NA,NA,Y,Y,N,2,9,Y,THU,5,0,10,10,40,2,6,380,112,72,5,1,0,2,20,5,2,20,5,1,20,4,12,113017,2014,113017,6.1,5.3,11.4,1,171,2,NA,0,NA,NA,NA,NA,NA,NA,NA,NA,NA,NA,NA,NA,NA,NA,NA,NA,NA,NA,NA,NA,NA,0,1,0,4,0,1,0,90,NA,NA
AUS_1451386631,703,558,48,453,2109,2,4.85E+11,1500US484530021092,Block Group 2,G5030,S,1147696,0,30.2795699,-97.6914001,14513866,AUS_14513866,30.27356299,-97.69790834,3,1,3,16,3,30,2,1,4,11,1,5,N,4,NA,NA,4,97,97,,,0,0,1,0,0,1,0,N,N,N,N,N,N,N,6/29/2015,10:50 PM,227,22,N,N,NA,NA,19,NA,,1,1150,,AIRPORT,BLVD,N,N,-1,N,N,,Y,19,NA,,1,3200,,OAK SPRINGS,DR,NA,NA,,,,NA,11,4,2,3,2,1,11,10:50 PM,DISPATCH,10:56 PM,6/30/2015,Y,74,NA,NA,34,8,5,4,1,64,42,1,2,1,21,21,227,22,30.27356299,-97.69790834,SL,111,NA,0.706,SL0111,1149,151,6,12.397,438,0.389,,NA,NA,N/A,NA,NA,NA,NA,Y,Y,N,3,9,Y,MON,2,0,1,2,0,2,4,160,51,48,4,0,0,2,1,5,2,2,5,0,0,4,14,22775,2014,22775,1.2,0.4,1.6,1,104,4,2,24,NA,NA,NA,NA,NA,NA,NA,NA,NA,NA,NA,NA,NA,NA,NA,NA,NA,NA,NA,NA,NA,0,0,1,2,0,1,0,90,NA,NA
AUS_1451618321,1377,284,48,453,1765,1,4.85E+11,1500US484530017651,Block Group 1,G5030,S,23290375,6784170,30.4191759,-97.8692964,14516183,AUS_14516183,30.42824354,-97.84286352,2,1,3,16,2,53,1,1,4,11,1,3,N,4,NA,NA,4,97,97,,,0,1,0,0,0,1,0,N,N,N,N,N,N,N,7/1/2015,12:24 PM,227,22,N,Y,NA,NA,4,620,,1,10500,,NOT REPORTED,RD,N,N,50,N,N,PAVED ROAD,N,19,NA,,1,11700,,BOULDER,LN,NA,NA,,,PAVED ROAD,NA,11,1,0,3,1,1,20,12:24 PM,DISPATCH,12:30 PM,7/1/2015,Y,74,NA,NA,46,8,5,3,3,64,13,1,3,1,32,21,227,22,30.42824354,-97.84286352,RM,620,NA,14.82,RM0620,NA,683,2,14.902,540,-0.854,,NA,NA,N/A,NA,NA,NA,NA,Y,Y,N,2,9,Y,WED,2,0,8,8,0,2,4,120,78,62,3,0,0,2,8,5,2,8,5,0,0,4,14,41709,2014,41709,1.3,1.7,3,NA,NA,NA,NA,NA,NA,NA,NA,NA,NA,NA,NA,NA,NA,NA,NA,NA,NA,NA,NA,NA,NA,NA,NA,NA,NA,0,1,0,1,0,1,0,90,NA,NA
AUS_1452273021,1239,248,48,453,1819,1,4.85E+11,1500US484530018191,Block Group 1,G5030,S,687139,0,30.362599,-97.7031229,14522730,AUS_14522730,30.3630463,-97.69702522,2,1,3,16,2,28,1,1,4,11,1,4,N,4,NA,NA,4,97,97,,,0,1,0,0,0,1,0,N,N,N,N,N,N,N,7/3/2015,12:33 PM,227,22,N,Y,NA,NA,19,NA,,1,NA,W,RUNDBERG,LN,N,N,35,N,N,,Y,19,NA,,1,,N,LAMAR,BLVD,NA,NA,,,,NA,11,1,4,3,1,1,5,12:33 PM,DISPATCH,12:36 PM,7/3/2015,Y,74,NA,NA,123,8,5,2,1,64,54,1,2,1,21,21,227,22,30.3630463,-97.69702522,SL,275,NA,4.602,SL0275,NA,15,11,5.633,434,0.627,,NA,NA,W RUNDBERG LN,NA,NA,NA,NA,Y,Y,N,2,9,Y,FRI,2,0,0,0,0,2,4,125,48,48,4,1,1,1,0,0,1,0,0,0,0,4,14,29839,2014,29839,1.2,0.4,1.6,NA,NA,NA,NA,NA,NA,NA,NA,NA,NA,NA,NA,NA,NA,NA,NA,NA,NA,NA,NA,NA,NA,NA,NA,NA,NA,0,1,0,1,0,1,0,90,NA,NA
AUS_1452870921,865,66,48,453,306,1,4.85E+11,1500US484530003061,Block Group 1,G5030,S,3371879,0,30.2971559,-97.7002732,14528709,AUS_14528709,30.28819477,-97.70032247,2,1,3,16,2,30,1,1,4,11,1,4,N,4,NA,NA,4,97,97,,,0,1,0,0,0,1,0,N,N,N,N,N,N,N,7/6/2015,6:06 PM,227,22,N,N,NA,NA,19,NA,,1,NA,,MANOR,RD,N,N,35,N,N,,Y,19,NA,,1,,,GREENWOOD,AVE,NA,NA,,,,NA,11,1,2,NA,1,1,8,6:07 PM,DISPATCH,6:16 PM,7/6/2015,Y,74,NA,NA,10,8,5,1,1,64,24,1,5,1,21,21,227,22,30.28819477,-97.70032247,,NA,NA,NA,MANOR RD,3499,NA,NA,NA,NA,NA,,NA,NA,GREENWOOD AVE,NA,NA,NA,NA,Y,N,N,2,9,Y,MON,NA,NA,NA,NA,NA,NA,NA,NA,NA,NA,NA,NA,NA,NA,NA,NA,NA,NA,NA,NA,NA,NA,NA,NA,NA,NA,NA,NA,NA,NA,NA,NA,NA,NA,NA,NA,NA,NA,NA,NA,NA,NA,NA,NA,NA,NA,NA,NA,NA,NA,NA,NA,NA,NA,NA,0,1,0,1,0,1,0,90,NA,NA
AUS_1453007821,669,433,48,453,1100,1,4.85E+11,1500US484530011001,Block Group 1,G5030,S,2044061,66635,30.2687002,-97.7433003,14530078,AUS_14530078,30.27021631,-97.75054227,2,1,3,16,3,36,1,2,4,11,1,4,N,4,NA,NA,4,97,97,,,0,0,1,0,0,1,0,N,N,N,N,N,N,N,7/6/2015,11:54 PM,227,22,N,N,NA,NA,19,NA,,1,700,W,6TH,ST,N,N,30,N,N,,N,19,NA,,1,600,,WEST,AVE,NA,NA,,,,NA,11,4,4,NA,2,1,5,11:55 PM,DISPATCH,12:00 AM,7/7/2015,Y,74,NA,NA,67,8,5,2,1,64,54,1,5,1,21,21,227,22,30.27021631,-97.75054227,,NA,NA,NA,W 6TH ST,795,NA,NA,NA,NA,NA,,NA,NA,WEST AVE,NA,NA,NA,NA,Y,N,N,3,9,Y,MON,NA,NA,NA,NA,NA,NA,NA,NA,NA,NA,NA,NA,NA,NA,NA,NA,NA,NA,NA,NA,NA,NA,NA,NA,NA,NA,NA,NA,NA,NA,NA,NA,NA,NA,NA,NA,NA,NA,NA,NA,NA,NA,NA,NA,NA,NA,NA,NA,NA,NA,NA,NA,NA,NA,NA,0,0,1,1,0,1,0,90,NA,NA
AUS_1453334421,1371,526,48,453,2500,2,4.85E+11,1500US484530025002,Block Group 2,G5030,S,1263438,0,30.4211711,-97.7536436,14533344,AUS_14533344,30.42381144,-97.7566332,2,1,3,16,2,28,1,1,4,11,1,4,N,5,NA,NA,4,97,97,,,0,1,0,0,0,1,0,N,N,N,N,N,N,N,7/10/2015,12:34 PM,227,22,N,N,NA,NA,19,NA,,7,11881,,JOLLYVILLE RD,RD,N,N,45,N,N,11881 JOLLYVILLE RD,N,19,NA,,1,11900,,PAVILION BLVD,BLVD,NA,NA,,,PAVILION BLVD,NA,12,1,0,NA,1,1,20,12:48 PM,DISPATCH,1:10 PM,7/10/2015,Y,74,NA,NA,46,8,5,3,2,64,13,1,5,1,32,21,227,22,30.42381144,-97.7566332,,NA,NA,NA,JOLLYVILLE RD,11885,NA,NA,NA,NA,NA,,NA,NA,N/A,NA,NA,NA,NA,Y,N,N,2,9,Y,FRI,NA,NA,NA,NA,NA,NA,NA,NA,NA,NA,NA,NA,NA,NA,NA,NA,NA,NA,NA,NA,NA,NA,NA,NA,NA,NA,NA,NA,NA,NA,NA,NA,NA,NA,NA,NA,NA,NA,NA,NA,NA,NA,NA,NA,NA,NA,NA,NA,NA,NA,NA,NA,NA,NA,NA,0,1,0,1,0,1,0,90,NA,NA
AUS_1453907021,1245,248,48,453,1819,1,4.85E+11,1500US484530018191,Block Group 1,G5030,S,687139,0,30.362599,-97.7031229,14539070,AUS_14539070,30.36317322,-97.69730305,2,1,3,16,2,26,1,2,4,11,1,4,N,4,NA,NA,4,97,97,,,0,1,0,0,0,1,0,N,N,N,N,N,N,N,7/2/2015,5:06 PM,227,22,N,N,NA,NA,19,NA,,7,800,W,RUNDBERG,LN,N,N,-1,N,N,,N,19,NA,,1,,N,LAMAR,BLVD,NA,NA,,,,NA,11,1,0,NA,1,1,1,5:05 PM,DISPATCH,5:15 PM,7/2/2015,N,74,NA,NA,114,8,5,3,1,64,14,1,5,1,32,21,227,22,30.36317322,-97.69730305,,NA,NA,NA,W RUNDBERG LN,NA,NA,NA,NA,NA,NA,,NA,NA,N/A,NA,NA,NA,NA,Y,N,N,2,9,Y,THU,NA,NA,NA,NA,NA,NA,NA,NA,NA,NA,NA,NA,NA,NA,NA,NA,NA,NA,NA,NA,NA,NA,NA,NA,NA,NA,NA,NA,NA,NA,NA,NA,NA,NA,NA,NA,NA,NA,NA,NA,NA,NA,NA,NA,NA,NA,NA,NA,NA,NA,NA,NA,NA,NA,NA,0,1,0,0,1,1,0,90,NA,NA
AUS_1453912521,426,450,48,453,1305,1,4.85E+11,1500US484530013051,Block Group 1,G5030,S,1106325,65346,30.2582419,-97.7524205,14539125,AUS_14539125,30.25867593,-97.75100279,2,1,3,16,2,19,1,2,4,11,1,4,N,4,NA,NA,4,97,97,,,0,1,0,0,0,1,0,N,N,N,N,N,N,N,7/7/2015,5:32 PM,227,22,N,N,NA,NA,19,NA,,1,600,,BARTON SPRINGS,RD,N,N,40,N,N,,N,19,NA,,1,,S,1ST,ST,NA,NA,,,,NA,11,1,0,NA,1,1,16,5:32 PM,DISPATCH,5:32 PM,7/7/2015,Y,74,NA,NA,93,8,5,3,2,64,13,1,5,1,32,21,227,22,30.25867593,-97.75100279,,NA,NA,NA,BARTON SPRINGS RD,681,NA,NA,NA,NA,NA,,NA,NA,N/A,NA,NA,NA,NA,Y,N,N,2,9,Y,TUE,NA,NA,NA,NA,NA,NA,NA,NA,NA,NA,NA,NA,NA,NA,NA,NA,NA,NA,NA,NA,NA,NA,NA,NA,NA,NA,NA,NA,NA,NA,NA,NA,NA,NA,NA,NA,NA,NA,NA,NA,NA,NA,NA,NA,NA,NA,NA,NA,NA,NA,NA,NA,NA,NA,NA,0,1,0,1,0,1,0,90,NA,NA
AUS_1453964321,1383,260,48,453,1756,2,4.85E+11,1500US484530017562,Block Group 2,G5030,S,938157,0,30.427587,-97.7657012,14539643,AUS_14539643,30.43119157,-97.766016,2,1,3,16,2,56,1,1,4,11,1,2,N,4,NA,NA,4,97,97,,,0,1,0,0,0,1,0,N,N,N,N,N,N,N,7/15/2015,7:31 AM,227,22,N,Y,NA,NA,19,NA,,1,12200,,JOLLYVILLE,RD,N,N,45,N,N,,N,19,NA,,1,,,COMMONWEALTH,WAY,NA,NA,,,,NA,11,1,0,NA,1,1,20,7:31 AM,DISPATCH,7:38 AM,7/15/2015,Y,74,NA,NA,46,8,5,4,1,64,36,1,5,1,21,21,227,22,30.43119157,-97.766016,,NA,NA,NA,JOLLYVILLE RD,12207,NA,NA,NA,NA,NA,,NA,NA,N/A,NA,NA,NA,NA,Y,N,N,2,9,Y,WED,NA,NA,NA,NA,NA,NA,NA,NA,NA,NA,NA,NA,NA,NA,NA,NA,NA,NA,NA,NA,NA,NA,NA,NA,NA,NA,NA,NA,NA,NA,NA,NA,NA,NA,NA,NA,NA,NA,NA,NA,NA,NA,NA,NA,NA,NA,NA,NA,NA,NA,NA,NA,NA,NA,NA,0,1,0,1,0,1,0,90,NA,NA
AUS_1453969021,580,117,48,453,1911,1,4.85E+11,1500US484530019111,Block Group 1,G5030,S,1910326,73868,30.264103,-97.7744638,14539690,AUS_14539690,30.26606478,-97.76887246,2,1,3,16,2,35,1,1,4,11,1,1,N,4,NA,NA,4,97,97,,,0,1,0,0,0,1,0,N,N,N,N,N,N,N,7/15/2015,7:14 PM,227,22,N,N,NA,NA,19,NA,,1,2100,,BARTON SPRINGS RD,,N,N,35,N,N,,Y,19,NA,,1,2100,,WILLIAM BARTON RD,,NA,NA,,,,NA,11,1,2,NA,4,1,20,7:14 PM,DISPATCH,7:21 PM,7/15/2015,Y,74,NA,NA,105,8,5,1,3,64,21,1,5,1,21,21,227,22,30.26606478,-97.76887246,,NA,NA,NA,BARTON SPRINGS RD,NA,NA,NA,NA,NA,NA,,NA,NA,WILLIAM BARTON DR,NA,NA,NA,NA,Y,N,N,2,9,Y,WED,NA,NA,NA,NA,NA,NA,NA,NA,NA,NA,NA,NA,NA,NA,NA,NA,NA,NA,NA,NA,NA,NA,NA,NA,NA,NA,NA,NA,NA,NA,NA,NA,NA,NA,NA,NA,NA,NA,NA,NA,NA,NA,NA,NA,NA,NA,NA,NA,NA,NA,NA,NA,NA,NA,NA,0,1,0,1,0,1,0,90,NA,NA
AUS_1454161921,533,433,48,453,1100,1,4.85E+11,1500US484530011001,Block Group 1,G5030,S,2044061,66635,30.2687002,-97.7433003,14541619,AUS_14541619,30.26429478,-97.74420246,2,1,3,16,3,46,1,2,4,11,1,3,Y,4,NA,NA,4,97,97,,,0,0,1,0,0,1,0,N,N,N,N,N,Y,N,7/17/2015,8:00 AM,227,22,N,N,NA,NA,19,NA,,1,200,,CONGRESS,AVE,N,N,30,N,N,,Y,19,NA,,1,100,W,2ND,ST,NA,NA,,,,NA,11,1,4,NA,1,1,5,8:00 AM,DISPATCH,8:02 AM,7/17/2015,Y,74,NA,NA,67,8,5,1,3,64,54,1,5,1,21,21,227,22,30.26429478,-97.74420246,,NA,NA,NA,CONGRESS AVE,199,NA,NA,NA,NA,NA,,NA,NA,W 2ND ST,NA,NA,NA,NA,Y,N,N,3,9,Y,FRI,NA,NA,NA,NA,NA,NA,NA,NA,NA,NA,NA,NA,NA,NA,NA,NA,NA,NA,NA,NA,NA,NA,NA,NA,NA,NA,NA,NA,NA,NA,NA,NA,NA,NA,NA,NA,NA,NA,NA,NA,NA,NA,NA,NA,NA,NA,NA,NA,NA,NA,NA,NA,NA,NA,NA,0,0,1,1,0,1,0,90,NA,NA
AUS_1454162321,1332,196,48,453,1722,1,4.85E+11,1500US484530017221,Block Group 1,G5030,S,544482,0,30.4064242,-97.7539495,14541623,AUS_14541623,30.40320475,-97.74805246,2,1,3,16,3,60,1,1,4,11,1,4,N,4,NA,NA,4,97,97,,,0,0,1,0,0,1,0,N,N,N,N,N,N,N,7/17/2015,7:52 AM,227,22,N,Y,NA,NA,16,NA,,7,10900,,JOLLYVILLE,RD,N,N,40,N,N,,Y,19,NA,,1,9000,,HAMILTON,LN,NA,NA,,,,NA,11,1,2,NA,1,1,16,7:52 AM,ON SIGHT,7:52 AM,7/17/2015,Y,74,NA,NA,46,8,5,3,2,64,14,1,5,1,32,21,227,22,30.40320475,-97.74805246,,NA,NA,NA,JOLLYVILLE RD,10927,NA,NA,NA,NA,NA,,NA,NA,N/A,NA,NA,NA,NA,Y,N,N,3,9,Y,FRI,NA,NA,NA,NA,NA,NA,NA,NA,NA,NA,NA,NA,NA,NA,NA,NA,NA,NA,NA,NA,NA,NA,NA,NA,NA,NA,NA,NA,NA,NA,NA,NA,NA,NA,NA,NA,NA,NA,NA,NA,NA,NA,NA,NA,NA,NA,NA,NA,NA,NA,NA,NA,NA,NA,NA,0,0,1,1,0,1,0,90,NA,NA
AUS_1455245021,1077,45,48,453,203,1,4.85E+11,1500US484530002031,Block Group 1,G5030,S,1209417,0,30.3126275,-97.7366586,14552450,AUS_14552450,30.31343091,-97.73750188,2,1,3,16,2,63,1,2,4,11,1,5,N,4,NA,NA,4,97,97,,,0,1,0,0,0,1,0,N,N,N,N,N,N,N,7/23/2015,7:31 AM,227,22,N,N,NA,NA,19,NA,,1,800,W,45TH,ST,N,N,30,N,N,,N,19,NA,,1,,N,LAMAR,BLVD,NA,NA,,,,NA,12,1,0,NA,1,1,20,7:40 AM,BY CITIZEN,7:49 AM,7/23/2015,Y,74,NA,NA,10,8,5,2,3,64,54,1,5,1,21,21,227,22,30.31343091,-97.73750188,,NA,NA,NA,W 45TH ST,988,NA,NA,NA,NA,NA,,NA,NA,N LAMAR BLVD,NA,NA,NA,NA,Y,N,N,2,9,Y,THU,NA,NA,NA,NA,NA,NA,NA,NA,NA,NA,NA,NA,NA,NA,NA,NA,NA,NA,NA,NA,NA,NA,NA,NA,NA,NA,NA,NA,NA,NA,NA,NA,NA,NA,NA,NA,NA,NA,NA,NA,NA,NA,NA,NA,NA,NA,NA,NA,NA,NA,NA,NA,NA,NA,NA,0,1,0,1,0,1,0,90,NA,NA
AUS_1455771121,627,433,48,453,1100,1,4.85E+11,1500US484530011001,Block Group 1,G5030,S,2044061,66635,30.2687002,-97.7433003,14557711,AUS_14557711,30.26805478,-97.74281246,2,1,3,16,5,21,1,1,4,11,1,2,N,4,NA,NA,4,97,97,,,0,0,0,1,0,0,0,N,N,N,N,N,N,N,7/17/2015,6:56 PM,227,22,N,N,NA,NA,19,NA,,1,600,N,CONGRESS,AVE,N,N,35,N,N,,Y,19,NA,,1,,W,6TH,ST,NA,NA,,,,NA,11,1,4,NA,1,1,5,6:56 PM,DISPATCH,6:57 PM,7/17/2015,Y,74,NA,NA,67,8,5,1,3,64,54,1,5,1,21,21,227,22,30.26805478,-97.74281246,,NA,NA,NA,CONGRESS AVE,599,NA,NA,NA,NA,NA,,NA,NA,W 6TH ST,NA,NA,NA,NA,N,N,N,5,9,Y,FRI,NA,NA,NA,NA,NA,NA,NA,NA,NA,NA,NA,NA,NA,NA,NA,NA,NA,NA,NA,NA,NA,NA,NA,NA,NA,NA,NA,NA,NA,NA,NA,NA,NA,NA,NA,NA,NA,NA,NA,NA,NA,NA,NA,NA,NA,NA,NA,NA,NA,NA,NA,NA,NA,NA,NA,0,0,0,4,0,0,0,90,NA,NA