Crash_UP_ID,FID,FID_Austin,STATEFP,COUNTYFP,TRACTCE,BLKGRPCE,GEOID1,GEOID,NAMELSAD,MTFCC,FUNCSTAT,ALAND,AWATER,INTPTLAT,INTPTLON,CrashID,CrashID1,Latitude,Longitude,Unit_Nbr,Prsn_Nbr,Prsn_Type_ID,Prsn_Occpnt_Pos_ID,Prsn_Injry_Sev_ID,Prsn_Age,Prsn_Ethnicity_ID,Prsn_Gndr_ID,Prsn_Ejct_ID,Prsn_Rest_ID,Prsn_Airbag_ID,Prsn_Helmet_ID,Prsn_Sol_Fl,Prsn_Alc_Spec_Type_ID,Prsn_Alc_Rslt_ID,Prsn_Bac_Test_Rslt,Prsn_Drg_Spec_Type_ID,Prsn_Drg_Rslt_ID,Drvr_Drg_Cat_1_ID,Prsn_Death_Date,Prsn_Death_Time,Incap_Injry_Cnt.x,Nonincap_Injry_Cnt.x,Poss_Injry_Cnt.x,Non_Injry_Cnt.x,Unkn_Injry_Cnt.x,Tot_Injry_Cnt.x,Death_Cnt.x,Crash_Fatal_Fl,Cmv_Involv_Fl,Schl_Bus_Fl,Rr_Relat_Fl,Medical_Advisory_Fl,Amend_Supp_Fl,Active_School_Zone_Fl,Crash_Date,Crash_Time,Rpt_CRIS_Cnty_ID,Rpt_City_ID,Rpt_Outside_City_Limit_Fl,Thousand_Damage_Fl,Rpt_Latitude,Rpt_Longitude,Rpt_Rdwy_Sys_ID,Rpt_Hwy_Num,Rpt_Hwy_Sfx,Rpt_Road_Part_ID,Rpt_Block_Num,Rpt_Street_Pfx,Rpt_Street_Name,Rpt_Street_Sfx,Private_Dr_Fl,Toll_Road_Fl,Crash_Speed_Limit,Road_Constr_Zone_Fl,Road_Constr_Zone_Wrkr_Fl,Rpt_Street_Desc,At_Intrsct_Fl,Rpt_Sec_Rdwy_Sys_ID,Rpt_Sec_Hwy_Num,Rpt_Sec_Hwy_Sfx,Rpt_Sec_Road_Part_ID,Rpt_Sec_Block_Num,Rpt_Sec_Street_Pfx,Rpt_Sec_Street_Name,Rpt_Sec_Street_Sfx,Rpt_Ref_Mark_Offset_Amt,Rpt_Ref_Mark_Dist_Uom,Rpt_Ref_Mark_Dir,Rpt_Ref_Mark_Nbr,Rpt_Sec_Street_Desc,Rpt_CrossingNumber,Wthr_Cond_ID,Light_Cond_ID,Entr_Road_ID,Road_Type_ID,Road_Algn_ID,Surf_Cond_ID,Traffic_Cntl_ID,Investigat_Notify_Time,Investigat_Notify_Meth,Investigat_Arrv_Time,Report_Date,Investigat_Comp_Fl,Investigat_Agency_ID,Investigat_Area_ID,Investigat_District_ID,Investigat_Region_ID,Bridge_Detail_ID,Harm_Evnt_ID,Intrsct_Relat_ID,FHE_Collsn_ID,Obj_Struck_ID,Othr_Factr_ID,Road_Part_Adj_ID,Road_Cls_ID,Road_Relat_ID,Phys_Featr_1_ID,Phys_Featr_2_ID,Cnty_ID,City_ID,Latitude.1,Longitude.1,Hwy_Sys,Hwy_Nbr,Hwy_Sfx,Dfo,Street_Name,Street_Nbr,Control,Section,Milepoint,Ref_Mark_Nbr,Ref_Mark_Displ,Hwy_Sys_2,Hwy_Nbr_2,Hwy_Sfx_2,Street_Name_2,Street_Nbr_2,Control_2,Section_2,Milepoint_2,Txdot_Rptable_Fl,Onsys_Fl,Rural_Fl,Crash_Sev_ID,Pop_Group_ID,Located_Fl,Day_of_Week,Hwy_Dsgn_Lane_ID,Hwy_Dsgn_Hrt_ID,Hp_Shldr_Left,Hp_Shldr_Right,Hp_Median_Width,Base_Type_ID,Nbr_Of_Lane,Row_Width_Usual,Roadbed_Width,Surf_Width,Surf_Type_ID,Curb_Type_Left_ID,Curb_Type_Right_ID,Shldr_Type_Left_ID,Shldr_Width_Left,Shldr_Use_Left_ID,Shldr_Type_Right_ID,Shldr_Width_Right,Shldr_Use_Right_ID,Median_Type_ID,Median_Width,Rural_Urban_Type_ID,Func_Sys_ID,Adt_Curnt_Amt,Adt_Curnt_Year,Adt_Adj_Curnt_Amt,Pct_Single_Trk_Adt,Pct_Combo_Trk_Adt,Trk_Aadt_Pct,Curve_Type_ID,Curve_Lngth,Cd_Degr,Delta_Left_Right_ID,Dd_Degr,Feature_Crossed,Structure_Number,I_R_Min_Vert_Clear,Approach_Width,Bridge_Median_ID,Bridge_Loading_Type_ID,Bridge_Loading_In_1000_Lbs,Bridge_Srvc_Type_On_ID,Bridge_Srvc_Type_Under_ID,Culvert_Type_ID,Roadway_Width,Deck_Width,Bridge_Dir_Of_Traffic_ID,Bridge_Rte_Struct_Func_ID,Bridge_IR_Struct_Func_ID,CrossingNumber,RRCo,Poscrossing_ID,WDCode_ID,Standstop,Yield,Incap_Injry_Cnt.y,Nonincap_Injry_Cnt.y,Poss_Injry_Cnt.y,Non_Injry_Cnt.y,Unkn_Injry_Cnt.y,Tot_Injry_Cnt.y,Death_Cnt.y,MPO_ID,Unit_ID,Unit_Prsn_ID
AUS_1456996221,1398,92,48,453,1846,1,4.85E+11,1500US484530018461,Block Group 1,G5030,S,4350025,0,30.4375196,-97.7116834,14569962,AUS_14569962,30.44217039,-97.704339,2,1,3,16,2,28,3,1,4,11,1,4,N,4,NA,NA,4,97,97,,,0,1,0,0,0,1,0,N,N,N,N,N,N,N,7/28/2015,11:20 PM,227,22,N,N,NA,NA,19,NA,,1,3900,W,W HOWARD LN,LN,N,N,45,N,N,,N,11,1,,2,13800,N,N MOPAC EXPY SVRD SB,EXPY,NA,NA,,,,NA,11,3,0,NA,1,1,1,11:20 PM,DISPATCH,11:30 PM,7/28/2015,Y,74,NA,NA,46,8,5,4,1,64,54,1,5,1,21,21,227,22,30.44217039,-97.704339,,NA,NA,NA,W HOWARD LN,NA,NA,NA,NA,NA,NA,,NA,NA,N/A,NA,NA,NA,NA,Y,N,N,2,9,Y,TUE,NA,NA,NA,NA,NA,NA,NA,NA,NA,NA,NA,NA,NA,NA,NA,NA,NA,NA,NA,NA,NA,NA,NA,NA,NA,NA,NA,NA,NA,NA,NA,NA,NA,NA,NA,NA,NA,NA,NA,NA,NA,NA,NA,NA,NA,NA,NA,NA,NA,NA,NA,NA,NA,NA,NA,0,1,0,1,0,1,0,90,NA,NA
AUS_1457134421,1132,33,48,453,206,3,4.85E+11,1500US484530002063,Block Group 3,G5030,S,339642,0,30.3280577,-97.7412586,14571344,AUS_14571344,30.32582477,-97.73962245,2,1,3,16,2,26,1,1,4,11,1,1,N,4,NA,NA,4,97,97,,,0,1,0,0,0,1,0,N,N,N,N,N,N,N,7/30/2015,7:57 AM,227,22,N,N,NA,NA,19,NA,,1,1600,W,NORTHLOOP,BLVD,N,N,-1,N,N,,Y,19,NA,,1,5300,,BURNET,RD,NA,NA,,,,NA,11,1,4,NA,1,1,5,7:57 AM,DISPATCH,8:05 AM,7/30/2015,Y,74,NA,NA,10,8,5,1,3,64,54,1,5,1,21,21,227,22,30.32582477,-97.73962245,,NA,NA,NA,W NORTH LOOP BLVD,2101,NA,NA,NA,NA,NA,,NA,NA,BURNET RD,NA,NA,NA,NA,Y,N,N,2,9,Y,THU,NA,NA,NA,NA,NA,NA,NA,NA,NA,NA,NA,NA,NA,NA,NA,NA,NA,NA,NA,NA,NA,NA,NA,NA,NA,NA,NA,NA,NA,NA,NA,NA,NA,NA,NA,NA,NA,NA,NA,NA,NA,NA,NA,NA,NA,NA,NA,NA,NA,NA,NA,NA,NA,NA,NA,0,1,0,1,0,1,0,90,NA,NA
AUS_1457190021,794,67,48,453,700,1,4.85E+11,1500US484530007001,Block Group 1,G5030,S,1615130,0,30.2777004,-97.7411232,14571900,AUS_14571900,30.28063478,-97.73808246,2,1,3,16,3,26,1,1,4,11,1,1,N,4,NA,NA,4,97,97,,,0,0,1,0,0,1,0,N,N,N,N,N,N,N,7/30/2015,5:18 PM,227,22,N,N,NA,NA,19,NA,,1,100,W,W MARTIN LUTHER KING JR BLVD,BLVD,N,N,30,N,N,,Y,19,NA,,1,1800,,CONGRESS,AVE,NA,NA,,,,NA,11,1,2,NA,1,1,5,5:18 PM,DISPATCH,5:26 PM,7/30/2015,Y,74,NA,NA,10,8,5,1,3,64,54,1,5,1,21,21,227,22,30.28063478,-97.73808246,,NA,NA,NA,MARTIN LUTHER KING BLVD E,NA,NA,NA,NA,NA,NA,,NA,NA,UNKNOWN,NA,NA,NA,NA,Y,N,N,3,9,Y,THU,NA,NA,NA,NA,NA,NA,NA,NA,NA,NA,NA,NA,NA,NA,NA,NA,NA,NA,NA,NA,NA,NA,NA,NA,NA,NA,NA,NA,NA,NA,NA,NA,NA,NA,NA,NA,NA,NA,NA,NA,NA,NA,NA,NA,NA,NA,NA,NA,NA,NA,NA,NA,NA,NA,NA,0,0,1,1,0,1,0,90,NA,NA
AUS_1457469421,457,68,48,453,1303,2,4.85E+11,1500US484530013032,Block Group 2,G5030,S,635029,0,30.2562161,-97.7625867,14574694,AUS_14574694,30.26092596,-97.7584974,2,1,3,16,3,56,1,1,4,11,1,3,N,4,NA,NA,4,97,97,,,0,0,1,0,0,1,0,N,N,N,N,N,N,N,8/1/2015,12:27 PM,227,22,N,Y,NA,NA,19,NA,,1,521,S,LAMAR,BLVD,N,N,30,N,N,,N,19,NA,,1,1209,,BARTON SPRINGS,RD,NA,NA,,,,NA,11,1,0,2,1,1,20,12:27 PM,DISPATCH,12:27 PM,8/1/2015,Y,74,NA,NA,93,8,5,2,1,64,54,1,2,1,21,21,227,22,30.26092596,-97.7584974,SL,343,NA,3.446,SL0343,495,113,12,1.029,568,-0.931,,NA,NA,BARTON SPRINGS RD,NA,NA,NA,NA,Y,Y,N,3,9,Y,SAT,3,0,0,0,22,2,6,120,72,72,4,1,1,1,0,0,1,0,0,1,22,4,14,33647,2014,33647,1.2,0.4,1.6,NA,NA,NA,NA,NA,NA,NA,NA,NA,NA,NA,NA,NA,NA,NA,NA,NA,NA,NA,NA,NA,NA,NA,NA,NA,NA,0,0,1,1,0,1,0,90,NA,NA
AUS_1457588321,851,366,48,453,604,2,4.85E+11,1500US484530006042,Block Group 2,G5030,S,189019,0,30.2849961,-97.7433474,14575883,AUS_14575883,30.28768612,-97.74159191,2,1,3,16,2,21,1,1,4,11,1,3,N,4,NA,NA,4,97,97,,,0,1,0,0,0,1,0,N,N,N,N,N,N,N,5/1/2015,11:00 AM,227,22,N,Y,NA,NA,19,NA,,1,NA,W,24TH,ST,N,N,-1,N,N,,N,19,NA,,1,,,GUADALUPE,ST,NA,NA,,,,NA,11,1,0,NA,1,1,1,3:16 PM,DISPATCH,7:10 PM,5/3/2015,N,74,NA,NA,10,8,5,4,3,64,3,1,5,1,21,21,227,22,30.28768612,-97.74159191,,NA,NA,NA,W 24TH ST,402,NA,NA,NA,NA,NA,,NA,NA,N/A,NA,NA,NA,NA,Y,N,N,2,9,Y,FRI,NA,NA,NA,NA,NA,NA,NA,NA,NA,NA,NA,NA,NA,NA,NA,NA,NA,NA,NA,NA,NA,NA,NA,NA,NA,NA,NA,NA,NA,NA,NA,NA,NA,NA,NA,NA,NA,NA,NA,NA,NA,NA,NA,NA,NA,NA,NA,NA,NA,NA,NA,NA,NA,NA,NA,0,1,0,0,1,1,0,90,NA,NA
AUS_1457637421,88,80,48,453,1776,1,4.85E+11,1500US484530017761,Block Group 1,G5030,S,1380203,0,30.2126015,-97.8384298,14576374,AUS_14576374,30.20504479,-97.83621244,2,1,3,16,3,17,1,2,4,11,1,5,N,4,NA,NA,4,97,97,,,0,0,1,0,0,1,0,N,N,N,N,N,N,N,7/31/2015,6:00 PM,227,22,N,N,NA,NA,19,NA,,1,7700,,BRODIE,LN,N,N,-1,N,N,,Y,19,NA,,1,3400,,BLUMIE,ST,NA,NA,,,,NA,11,1,2,NA,1,1,5,7:00 PM,DISPATCH,7:30 PM,7/31/2015,N,74,NA,NA,93,8,5,2,1,64,54,1,5,1,21,21,227,22,30.20504479,-97.83621244,,NA,NA,NA,BRODIE LN,NA,NA,NA,NA,NA,NA,,NA,NA,BLUMIE ST,NA,NA,NA,NA,Y,N,N,3,9,Y,FRI,NA,NA,NA,NA,NA,NA,NA,NA,NA,NA,NA,NA,NA,NA,NA,NA,NA,NA,NA,NA,NA,NA,NA,NA,NA,NA,NA,NA,NA,NA,NA,NA,NA,NA,NA,NA,NA,NA,NA,NA,NA,NA,NA,NA,NA,NA,NA,NA,NA,NA,NA,NA,NA,NA,NA,0,0,1,0,1,1,0,90,NA,NA
AUS_1457638821,410,450,48,453,1305,1,4.85E+11,1500US484530013051,Block Group 1,G5030,S,1106325,65346,30.2582419,-97.7524205,14576388,AUS_14576388,30.2571712,-97.75076805,2,1,3,16,3,40,1,2,4,11,1,1,N,4,NA,NA,4,97,97,,,0,0,1,0,0,1,0,N,N,N,N,N,N,N,8/2/2015,6:03 AM,227,22,N,Y,NA,NA,19,NA,,1,600,S,1 ST,ST,N,N,35,N,N,,N,19,NA,,1,600,,BARTON SPRINGS,RD,NA,NA,,,,NA,11,2,0,NA,2,1,11,6:31 AM,DISPATCH,6:39 AM,8/2/2015,Y,74,NA,NA,93,8,5,4,1,64,54,1,5,1,21,21,227,22,30.2571712,-97.75076805,,NA,NA,NA,S 1ST ST,550,NA,NA,NA,NA,NA,,NA,NA,N/A,NA,NA,NA,NA,Y,N,N,3,9,Y,SUN,NA,NA,NA,NA,NA,NA,NA,NA,NA,NA,NA,NA,NA,NA,NA,NA,NA,NA,NA,NA,NA,NA,NA,NA,NA,NA,NA,NA,NA,NA,NA,NA,NA,NA,NA,NA,NA,NA,NA,NA,NA,NA,NA,NA,NA,NA,NA,NA,NA,NA,NA,NA,NA,NA,NA,0,0,2,1,0,2,0,90,NA,NA
AUS_1457638831,409,450,48,453,1305,1,4.85E+11,1500US484530013051,Block Group 1,G5030,S,1106325,65346,30.2582419,-97.7524205,14576388,AUS_14576388,30.2571712,-97.75076805,3,1,3,16,3,51,1,1,4,11,1,1,N,4,NA,NA,4,97,97,,,0,0,1,0,0,1,0,N,N,N,N,N,N,N,8/2/2015,6:03 AM,227,22,N,Y,NA,NA,19,NA,,1,600,S,1 ST,ST,N,N,35,N,N,,N,19,NA,,1,600,,BARTON SPRINGS,RD,NA,NA,,,,NA,11,2,0,NA,2,1,11,6:31 AM,DISPATCH,6:39 AM,8/2/2015,Y,74,NA,NA,93,8,5,4,1,64,54,1,5,1,21,21,227,22,30.2571712,-97.75076805,,NA,NA,NA,S 1ST ST,550,NA,NA,NA,NA,NA,,NA,NA,N/A,NA,NA,NA,NA,Y,N,N,3,9,Y,SUN,NA,NA,NA,NA,NA,NA,NA,NA,NA,NA,NA,NA,NA,NA,NA,NA,NA,NA,NA,NA,NA,NA,NA,NA,NA,NA,NA,NA,NA,NA,NA,NA,NA,NA,NA,NA,NA,NA,NA,NA,NA,NA,NA,NA,NA,NA,NA,NA,NA,NA,NA,NA,NA,NA,NA,0,0,2,1,0,2,0,90,NA,NA
AUS_1458163021,345,277,48,453,1304,3,4.85E+11,1500US484530013043,Block Group 3,G5030,S,363059,0,30.2504764,-97.7773945,14581630,AUS_14581630,30.24904478,-97.77584246,2,1,3,16,2,10,3,2,4,11,1,5,N,4,NA,NA,4,97,97,,,0,1,0,0,0,1,0,N,N,N,N,N,N,N,8/4/2015,7:26 PM,227,22,N,Y,NA,NA,19,NA,,1,NA,,BLUEBONNET,LN,N,N,30,N,N,,Y,19,NA,,1,,,RABB GLEN,ST,NA,NA,,,,NA,11,1,4,NA,1,1,8,7:26 PM,BY CITIZEN,7:26 PM,8/4/2015,Y,74,NA,NA,93,8,5,2,1,64,54,1,5,1,21,21,227,22,30.24904478,-97.77584246,,NA,NA,NA,BLUEBONNET LN,2207,NA,NA,NA,NA,NA,,NA,NA,RABB GLEN ST,NA,NA,NA,NA,Y,N,N,2,9,Y,TUE,NA,NA,NA,NA,NA,NA,NA,NA,NA,NA,NA,NA,NA,NA,NA,NA,NA,NA,NA,NA,NA,NA,NA,NA,NA,NA,NA,NA,NA,NA,NA,NA,NA,NA,NA,NA,NA,NA,NA,NA,NA,NA,NA,NA,NA,NA,NA,NA,NA,NA,NA,NA,NA,NA,NA,0,1,0,1,0,1,0,90,NA,NA
AUS_1458168821,1236,184,48,453,1707,2,4.85E+11,1500US484530017072,Block Group 2,G5030,S,1053251,0,30.3678684,-97.74838,14581688,AUS_14581688,30.36297063,-97.74830578,2,1,3,16,3,51,1,1,4,11,1,4,N,4,NA,NA,4,97,97,,,0,0,1,0,0,1,0,N,N,N,N,N,N,N,8/6/2015,12:48 PM,227,22,N,N,NA,NA,19,NA,,1,7900,,CEBERRY,DR,N,N,40,N,N,,N,19,NA,,1,3700,,SPICEWOOD SPRINGS,RD,NA,NA,,,,NA,11,1,0,NA,1,1,8,12:48 PM,ON SIGHT,12:48 PM,8/6/2015,Y,74,NA,NA,10,8,5,1,1,64,3,1,5,1,21,21,227,22,30.36297063,-97.74830578,,NA,NA,NA,CEBERRY DR,7802,NA,NA,NA,NA,NA,,NA,NA,SPICEWOOD SPRINGS RD,NA,NA,NA,NA,Y,N,N,3,9,Y,THU,NA,NA,NA,NA,NA,NA,NA,NA,NA,NA,NA,NA,NA,NA,NA,NA,NA,NA,NA,NA,NA,NA,NA,NA,NA,NA,NA,NA,NA,NA,NA,NA,NA,NA,NA,NA,NA,NA,NA,NA,NA,NA,NA,NA,NA,NA,NA,NA,NA,NA,NA,NA,NA,NA,NA,0,0,1,3,0,1,0,90,NA,NA
AUS_1458331521,979,478,48,453,2107,3,4.85E+11,1500US484530021073,Block Group 3,G5030,S,481368,0,30.3007794,-97.6789798,14583315,AUS_14583315,30.30100477,-97.68507248,2,1,3,16,3,59,2,1,4,11,1,4,N,4,NA,NA,4,97,97,,,0,0,1,0,0,1,0,N,N,N,N,N,N,N,8/7/2015,7:33 PM,227,22,N,N,NA,NA,19,NA,,1,5400,,MANOR,RD,N,N,-1,N,N,,Y,19,NA,,1,2900,,PECAN SPRINGS,RD,NA,NA,,,,NA,11,1,4,NA,1,1,16,7:33 PM,DISPATCH,7:34 PM,8/7/2015,Y,74,NA,NA,121,8,5,1,1,64,54,1,5,1,21,21,227,22,30.30100477,-97.68507248,,NA,NA,NA,MANOR RD,5401,NA,NA,NA,NA,NA,,NA,NA,PECAN SPRINGS RD,NA,NA,NA,NA,Y,N,N,3,9,Y,FRI,NA,NA,NA,NA,NA,NA,NA,NA,NA,NA,NA,NA,NA,NA,NA,NA,NA,NA,NA,NA,NA,NA,NA,NA,NA,NA,NA,NA,NA,NA,NA,NA,NA,NA,NA,NA,NA,NA,NA,NA,NA,NA,NA,NA,NA,NA,NA,NA,NA,NA,NA,NA,NA,NA,NA,0,0,1,1,0,1,0,90,NA,NA
AUS_1458416621,470,349,48,453,1303,1,4.85E+11,1500US484530013031,Block Group 1,G5030,S,710768,43869,30.2634026,-97.7612102,14584166,AUS_14584166,30.26152478,-97.75995246,2,1,3,16,2,24,1,2,4,11,1,1,N,4,NA,NA,4,97,97,,,0,1,0,0,0,1,0,N,N,N,N,N,N,N,8/10/2015,9:56 AM,227,22,N,Y,NA,NA,19,NA,,1,1500,,BARTON SPRINGS,RD,N,N,30,N,N,,N,19,NA,,1,1500,,BARTON SPRINGS,RD,NA,NA,,,KINNEY,NA,11,1,0,NA,1,1,20,9:41 AM,DISPATCH,9:50 AM,8/10/2015,Y,74,NA,NA,93,8,5,4,1,64,54,1,5,1,21,21,227,22,30.26152478,-97.75995246,,NA,NA,NA,BARTON SPRINGS RD,1500,NA,NA,NA,NA,NA,,NA,NA,N/A,NA,NA,NA,NA,Y,N,N,2,9,Y,MON,NA,NA,NA,NA,NA,NA,NA,NA,NA,NA,NA,NA,NA,NA,NA,NA,NA,NA,NA,NA,NA,NA,NA,NA,NA,NA,NA,NA,NA,NA,NA,NA,NA,NA,NA,NA,NA,NA,NA,NA,NA,NA,NA,NA,NA,NA,NA,NA,NA,NA,NA,NA,NA,NA,NA,0,1,0,3,0,1,0,90,NA,NA
AUS_1458485721,1120,43,48,453,1503,1,4.85E+11,1500US484530015031,Block Group 1,G5030,S,641563,0,30.3200143,-97.7196087,14584857,AUS_14584857,30.3234181,-97.7238658,2,1,3,16,2,23,2,1,4,11,1,4,N,4,NA,NA,4,97,97,,,0,1,0,0,0,1,0,N,N,N,N,N,N,N,8/3/2015,12:50 PM,227,22,N,N,NA,NA,19,NA,,1,5400,,GUADALUPE,ST,N,N,30,N,N,,N,19,NA,,1,,E,KOENIG,LN,NA,NA,,,,NA,11,1,0,NA,1,1,1,12:50 PM,DISPATCH,12:50 PM,8/3/2015,Y,74,NA,NA,121,8,5,3,3,64,13,1,5,2,32,21,227,22,30.3234181,-97.7238658,,NA,NA,NA,GUADALUPE ST,5586,NA,NA,NA,NA,NA,,NA,NA,N/A,NA,NA,NA,NA,Y,N,N,2,9,Y,MON,NA,NA,NA,NA,NA,NA,NA,NA,NA,NA,NA,NA,NA,NA,NA,NA,NA,NA,NA,NA,NA,NA,NA,NA,NA,NA,NA,NA,NA,NA,NA,NA,NA,NA,NA,NA,NA,NA,NA,NA,NA,NA,NA,NA,NA,NA,NA,NA,NA,NA,NA,NA,NA,NA,NA,0,1,0,1,0,1,0,90,NA,NA
AUS_1458913321,1264,184,48,453,1707,2,4.85E+11,1500US484530017072,Block Group 2,G5030,S,1053251,0,30.3678684,-97.74838,14589133,AUS_14589133,30.36958586,-97.74544021,2,1,3,16,2,46,1,1,4,11,1,2,N,4,NA,NA,4,97,97,,,0,1,0,0,0,1,0,N,N,N,N,N,N,N,8/11/2015,6:55 PM,227,22,N,N,NA,NA,19,NA,,1,3600,,STECK,AVE,N,N,-1,N,N,,N,19,NA,,1,8200,,BENT TREE,RD,NA,NA,,,,NA,11,1,0,NA,2,1,20,6:57 PM,DISPATCH,7:23 PM,8/11/2015,Y,74,NA,NA,10,8,5,3,3,64,13,1,5,1,32,21,227,22,30.36958586,-97.74544021,,NA,NA,NA,STECK AVE,3638,NA,NA,NA,NA,NA,,NA,NA,N/A,NA,NA,NA,NA,Y,N,N,2,9,Y,TUE,NA,NA,NA,NA,NA,NA,NA,NA,NA,NA,NA,NA,NA,NA,NA,NA,NA,NA,NA,NA,NA,NA,NA,NA,NA,NA,NA,NA,NA,NA,NA,NA,NA,NA,NA,NA,NA,NA,NA,NA,NA,NA,NA,NA,NA,NA,NA,NA,NA,NA,NA,NA,NA,NA,NA,0,1,0,1,0,1,0,90,NA,NA
AUS_1459244521,1260,545,48,453,1833,2,4.85E+11,1500US484530018332,Block Group 2,G5030,S,1429239,0,30.3696206,-97.6737614,14592445,AUS_14592445,30.36765476,-97.68098247,2,1,3,16,0,45,1,1,4,11,1,5,N,4,NA,NA,4,97,97,,,0,0,0,0,1,0,0,N,N,N,N,N,N,N,8/11/2015,10:15 AM,227,22,N,N,NA,NA,19,NA,,1,NA,,MIDDLE FISKVILLE RD,,N,N,-1,N,N,,Y,19,NA,,1,,,SALEM LN,,NA,NA,,,,NA,11,1,2,NA,1,1,8,10:57 AM,DISPATCH,11:12 AM,8/11/2015,Y,74,NA,NA,123,8,5,1,3,64,54,1,5,1,21,21,227,22,30.36765476,-97.68098247,,NA,NA,NA,MIDDLE FISKVILLE RD,10399,NA,NA,NA,NA,NA,,NA,NA,UNKNOWN,NA,NA,NA,NA,N,N,N,5,9,Y,TUE,NA,NA,NA,NA,NA,NA,NA,NA,NA,NA,NA,NA,NA,NA,NA,NA,NA,NA,NA,NA,NA,NA,NA,NA,NA,NA,NA,NA,NA,NA,NA,NA,NA,NA,NA,NA,NA,NA,NA,NA,NA,NA,NA,NA,NA,NA,NA,NA,NA,NA,NA,NA,NA,NA,NA,0,0,0,1,1,0,0,90,NA,NA
AUS_1459508421,109,57,48,453,1713,1,4.85E+11,1500US484530017131,Block Group 1,G5030,S,737056,0,30.2089339,-97.8105393,14595084,AUS_14595084,30.21295479,-97.81497245,2,1,3,16,2,50,2,1,4,11,1,4,N,4,NA,NA,4,97,97,,,0,1,0,0,0,1,0,N,N,N,N,N,N,N,8/11/2015,5:58 PM,227,22,N,N,NA,NA,19,NA,,1,2800,,DILLIONHILL,DR,N,N,-1,N,N,,Y,19,NA,,1,6000,,WESTGATE,BLVD,NA,NA,,,,NA,11,1,2,NA,1,1,8,5:58 PM,DISPATCH,6:04 PM,8/11/2015,Y,74,NA,NA,93,8,5,1,2,64,3,1,5,1,21,21,227,22,30.21295479,-97.81497245,,NA,NA,NA,DILLIONHILL DR,2800,NA,NA,NA,NA,NA,,NA,NA,UNKNOWN,NA,NA,NA,NA,Y,N,N,2,9,Y,TUE,NA,NA,NA,NA,NA,NA,NA,NA,NA,NA,NA,NA,NA,NA,NA,NA,NA,NA,NA,NA,NA,NA,NA,NA,NA,NA,NA,NA,NA,NA,NA,NA,NA,NA,NA,NA,NA,NA,NA,NA,NA,NA,NA,NA,NA,NA,NA,NA,NA,NA,NA,NA,NA,NA,NA,0,1,0,1,0,1,0,90,NA,NA
AUS_1459674721,733,382,48,453,803,2,4.85E+11,1500US484530008032,Block Group 2,G5030,S,282935,0,30.2769231,-97.7185572,14596747,AUS_14596747,30.27490478,-97.71910247,2,1,3,16,1,52,3,1,4,11,1,4,N,4,NA,NA,4,97,97,,,1,0,0,0,0,1,0,N,N,N,N,N,N,N,8/14/2015,7:23 PM,227,22,N,Y,NA,NA,19,NA,,1,2000,E,13TH,ST,N,N,-1,N,N,,Y,19,NA,,1,,,POQUITO,ST,NA,NA,,,,NA,11,1,0,NA,1,1,8,7:23 PM,DISPATCH,7:50 PM,8/15/2015,Y,74,NA,NA,34,8,5,2,1,64,54,1,5,1,21,21,227,22,30.27490478,-97.71910247,,NA,NA,NA,E 13TH ST,2001,NA,NA,NA,NA,NA,,NA,NA,POQUITO ST,NA,NA,NA,NA,Y,N,N,1,9,Y,FRI,NA,NA,NA,NA,NA,NA,NA,NA,NA,NA,NA,NA,NA,NA,NA,NA,NA,NA,NA,NA,NA,NA,NA,NA,NA,NA,NA,NA,NA,NA,NA,NA,NA,NA,NA,NA,NA,NA,NA,NA,NA,NA,NA,NA,NA,NA,NA,NA,NA,NA,NA,NA,NA,NA,NA,1,0,0,0,1,1,0,90,NA,NA
AUS_1459788521,194,327,48,453,2315,2,4.85E+11,1500US484530023152,Block Group 2,G5030,S,173895,0,30.2327529,-97.7305802,14597885,AUS_14597885,30.23093479,-97.73368247,2,1,3,16,2,37,2,1,4,11,1,4,N,4,NA,NA,4,97,97,,,0,1,0,0,0,1,0,N,N,N,N,N,N,N,7/19/2015,9:58 PM,227,22,N,N,NA,NA,19,NA,,1,2300,,BURTON,DR,N,N,-1,N,N,,Y,19,NA,,1,1900,E,OLTORF,ST,NA,NA,,,,NA,11,4,2,NA,4,1,15,9:58 PM,DISPATCH,10:01 PM,7/19/2015,Y,74,NA,NA,98,8,5,2,1,64,54,1,5,1,21,21,227,22,30.23093479,-97.73368247,,NA,NA,NA,BURTON DR,2299,NA,NA,NA,NA,NA,,NA,NA,E OLTORF ST,NA,NA,NA,NA,Y,N,N,2,9,Y,SUN,NA,NA,NA,NA,NA,NA,NA,NA,NA,NA,NA,NA,NA,NA,NA,NA,NA,NA,NA,NA,NA,NA,NA,NA,NA,NA,NA,NA,NA,NA,NA,NA,NA,NA,NA,NA,NA,NA,NA,NA,NA,NA,NA,NA,NA,NA,NA,NA,NA,NA,NA,NA,NA,NA,NA,0,1,0,1,0,1,0,90,NA,NA
AUS_1460358421,956,2,48,453,204,1,4.85E+11,1500US484530002041,Block Group 1,G5030,S,514125,0,30.3003058,-97.7429373,14603584,AUS_14603584,30.29791096,-97.74120985,2,1,3,16,3,27,1,1,4,11,1,5,N,4,NA,NA,4,97,97,,,0,0,1,0,0,1,0,N,N,N,N,N,N,N,8/19/2015,1:58 PM,227,22,N,N,NA,NA,19,NA,,1,3101,,GUADALUPE ST,ST,N,N,-1,N,N,,N,19,NA,,1,,W,W 31ST ST,ST,NA,NA,,,,NA,11,1,0,NA,2,1,16,1:58 PM,DISPATCH,2:04 PM,8/19/2015,Y,74,NA,NA,120,8,5,4,2,64,54,1,5,1,21,21,227,22,30.29791096,-97.74120985,,NA,NA,NA,GUADALUPE ST,3101,NA,NA,NA,NA,NA,,NA,NA,N/A,NA,NA,NA,NA,Y,N,N,3,9,Y,WED,NA,NA,NA,NA,NA,NA,NA,NA,NA,NA,NA,NA,NA,NA,NA,NA,NA,NA,NA,NA,NA,NA,NA,NA,NA,NA,NA,NA,NA,NA,NA,NA,NA,NA,NA,NA,NA,NA,NA,NA,NA,NA,NA,NA,NA,NA,NA,NA,NA,NA,NA,NA,NA,NA,NA,0,0,1,1,0,1,0,90,NA,NA