Crash_UP_ID,FID,FID_Austin,STATEFP,COUNTYFP,TRACTCE,BLKGRPCE,GEOID1,GEOID,NAMELSAD,MTFCC,FUNCSTAT,ALAND,AWATER,INTPTLAT,INTPTLON,CrashID,CrashID1,Latitude,Longitude,Unit_Nbr,Prsn_Nbr,Prsn_Type_ID,Prsn_Occpnt_Pos_ID,Prsn_Injry_Sev_ID,Prsn_Age,Prsn_Ethnicity_ID,Prsn_Gndr_ID,Prsn_Ejct_ID,Prsn_Rest_ID,Prsn_Airbag_ID,Prsn_Helmet_ID,Prsn_Sol_Fl,Prsn_Alc_Spec_Type_ID,Prsn_Alc_Rslt_ID,Prsn_Bac_Test_Rslt,Prsn_Drg_Spec_Type_ID,Prsn_Drg_Rslt_ID,Drvr_Drg_Cat_1_ID,Prsn_Death_Date,Prsn_Death_Time,Incap_Injry_Cnt.x,Nonincap_Injry_Cnt.x,Poss_Injry_Cnt.x,Non_Injry_Cnt.x,Unkn_Injry_Cnt.x,Tot_Injry_Cnt.x,Death_Cnt.x,Crash_Fatal_Fl,Cmv_Involv_Fl,Schl_Bus_Fl,Rr_Relat_Fl,Medical_Advisory_Fl,Amend_Supp_Fl,Active_School_Zone_Fl,Crash_Date,Crash_Time,Rpt_CRIS_Cnty_ID,Rpt_City_ID,Rpt_Outside_City_Limit_Fl,Thousand_Damage_Fl,Rpt_Latitude,Rpt_Longitude,Rpt_Rdwy_Sys_ID,Rpt_Hwy_Num,Rpt_Hwy_Sfx,Rpt_Road_Part_ID,Rpt_Block_Num,Rpt_Street_Pfx,Rpt_Street_Name,Rpt_Street_Sfx,Private_Dr_Fl,Toll_Road_Fl,Crash_Speed_Limit,Road_Constr_Zone_Fl,Road_Constr_Zone_Wrkr_Fl,Rpt_Street_Desc,At_Intrsct_Fl,Rpt_Sec_Rdwy_Sys_ID,Rpt_Sec_Hwy_Num,Rpt_Sec_Hwy_Sfx,Rpt_Sec_Road_Part_ID,Rpt_Sec_Block_Num,Rpt_Sec_Street_Pfx,Rpt_Sec_Street_Name,Rpt_Sec_Street_Sfx,Rpt_Ref_Mark_Offset_Amt,Rpt_Ref_Mark_Dist_Uom,Rpt_Ref_Mark_Dir,Rpt_Ref_Mark_Nbr,Rpt_Sec_Street_Desc,Rpt_CrossingNumber,Wthr_Cond_ID,Light_Cond_ID,Entr_Road_ID,Road_Type_ID,Road_Algn_ID,Surf_Cond_ID,Traffic_Cntl_ID,Investigat_Notify_Time,Investigat_Notify_Meth,Investigat_Arrv_Time,Report_Date,Investigat_Comp_Fl,Investigat_Agency_ID,Investigat_Area_ID,Investigat_District_ID,Investigat_Region_ID,Bridge_Detail_ID,Harm_Evnt_ID,Intrsct_Relat_ID,FHE_Collsn_ID,Obj_Struck_ID,Othr_Factr_ID,Road_Part_Adj_ID,Road_Cls_ID,Road_Relat_ID,Phys_Featr_1_ID,Phys_Featr_2_ID,Cnty_ID,City_ID,Latitude.1,Longitude.1,Hwy_Sys,Hwy_Nbr,Hwy_Sfx,Dfo,Street_Name,Street_Nbr,Control,Section,Milepoint,Ref_Mark_Nbr,Ref_Mark_Displ,Hwy_Sys_2,Hwy_Nbr_2,Hwy_Sfx_2,Street_Name_2,Street_Nbr_2,Control_2,Section_2,Milepoint_2,Txdot_Rptable_Fl,Onsys_Fl,Rural_Fl,Crash_Sev_ID,Pop_Group_ID,Located_Fl,Day_of_Week,Hwy_Dsgn_Lane_ID,Hwy_Dsgn_Hrt_ID,Hp_Shldr_Left,Hp_Shldr_Right,Hp_Median_Width,Base_Type_ID,Nbr_Of_Lane,Row_Width_Usual,Roadbed_Width,Surf_Width,Surf_Type_ID,Curb_Type_Left_ID,Curb_Type_Right_ID,Shldr_Type_Left_ID,Shldr_Width_Left,Shldr_Use_Left_ID,Shldr_Type_Right_ID,Shldr_Width_Right,Shldr_Use_Right_ID,Median_Type_ID,Median_Width,Rural_Urban_Type_ID,Func_Sys_ID,Adt_Curnt_Amt,Adt_Curnt_Year,Adt_Adj_Curnt_Amt,Pct_Single_Trk_Adt,Pct_Combo_Trk_Adt,Trk_Aadt_Pct,Curve_Type_ID,Curve_Lngth,Cd_Degr,Delta_Left_Right_ID,Dd_Degr,Feature_Crossed,Structure_Number,I_R_Min_Vert_Clear,Approach_Width,Bridge_Median_ID,Bridge_Loading_Type_ID,Bridge_Loading_In_1000_Lbs,Bridge_Srvc_Type_On_ID,Bridge_Srvc_Type_Under_ID,Culvert_Type_ID,Roadway_Width,Deck_Width,Bridge_Dir_Of_Traffic_ID,Bridge_Rte_Struct_Func_ID,Bridge_IR_Struct_Func_ID,CrossingNumber,RRCo,Poscrossing_ID,WDCode_ID,Standstop,Yield,Incap_Injry_Cnt.y,Nonincap_Injry_Cnt.y,Poss_Injry_Cnt.y,Non_Injry_Cnt.y,Unkn_Injry_Cnt.y,Tot_Injry_Cnt.y,Death_Cnt.y,MPO_ID,Unit_ID,Unit_Prsn_ID
AUS_1465274121,129,486,48,453,2403,1,4.85E+11,1500US484530024031,Block Group 1,G5030,S,1971214,0,30.2141453,-97.7608437,14652741,AUS_14652741,30.2186437,-97.76659778,2,1,3,16,2,21,1,1,4,11,1,4,N,4,NA,NA,4,97,97,,,0,1,0,0,0,1,0,N,N,N,N,N,N,N,9/10/2015,8:24 PM,227,22,N,N,NA,NA,19,NA,,1,4300,S,S CONGRESS AVE,AVE,N,N,-1,N,N,,N,19,NA,,1,,W,W ST ELMO RD,RD,NA,NA,,,,NA,12,4,0,NA,1,2,20,8:24 PM,DISPATCH,8:44 PM,9/10/2015,Y,74,NA,NA,105,8,5,3,2,64,13,1,5,2,32,21,227,22,30.2186437,-97.76659778,,NA,NA,NA,S CONGRESS AVE,4328,NA,NA,NA,NA,NA,,NA,NA,N/A,NA,NA,NA,NA,Y,N,N,2,9,Y,THU,NA,NA,NA,NA,NA,NA,NA,NA,NA,NA,NA,NA,NA,NA,NA,NA,NA,NA,NA,NA,NA,NA,NA,NA,NA,NA,NA,NA,NA,NA,NA,NA,NA,NA,NA,NA,NA,NA,NA,NA,NA,NA,NA,NA,NA,NA,NA,NA,NA,NA,NA,NA,NA,NA,NA,0,1,0,0,1,1,0,90,NA,NA
AUS_1465293121,927,259,48,453,603,5,4.85E+11,1500US484530006035,Block Group 5,G5030,S,130272,0,30.2926805,-97.7429143,14652931,AUS_14652931,30.29420477,-97.74228246,2,1,3,16,3,22,4,2,4,11,1,1,N,4,NA,NA,4,97,97,,,0,0,1,0,0,1,0,N,N,N,N,N,N,N,9/18/2015,9:15 PM,227,22,N,N,NA,NA,19,NA,,1,2800,,GUADALUPE,ST,N,N,35,N,N,,Y,19,NA,,1,2800,,FRUTH,ST,NA,NA,,,,NA,11,4,2,NA,4,1,8,9:15 PM,DISPATCH,9:20 PM,9/19/2015,Y,74,NA,NA,10,8,5,1,3,64,3,1,5,1,21,21,227,22,30.29420477,-97.74228246,,NA,NA,NA,GUADALUPE ST,NA,NA,NA,NA,NA,NA,,NA,NA,FRUTH ST,NA,NA,NA,NA,Y,N,N,3,9,Y,FRI,NA,NA,NA,NA,NA,NA,NA,NA,NA,NA,NA,NA,NA,NA,NA,NA,NA,NA,NA,NA,NA,NA,NA,NA,NA,NA,NA,NA,NA,NA,NA,NA,NA,NA,NA,NA,NA,NA,NA,NA,NA,NA,NA,NA,NA,NA,NA,NA,NA,NA,NA,NA,NA,NA,NA,0,0,1,2,0,1,0,90,NA,NA
AUS_1465303721,43,436,48,453,2427,3,4.85E+11,1500US484530024273,Block Group 3,G5030,S,1690421,0,30.1815026,-97.7698571,14653037,AUS_14653037,30.18811688,-97.77224121,2,1,3,16,2,21,2,1,4,11,1,4,N,4,NA,NA,4,97,97,,,0,1,0,0,0,1,0,N,N,N,N,N,N,N,9/19/2015,3:07 PM,227,22,N,Y,NA,NA,1,35,,2,6600,S,IH 35 S,HWY,N,N,50,N,N,BLACKTOP,N,19,NA,,1,800,E,E WILLIAM CANNON DR,DR,NA,NA,,,BLACKTOP,NA,11,1,0,2,1,1,1,3:07 PM,DISPATCH,3:15 PM,9/19/2015,Y,74,NA,NA,464,8,5,3,1,64,14,2,1,1,32,21,227,22,30.18811688,-97.77224121,IH,35,NA,228.11,IH0035,NA,15,13,11.665,229,-0.372,,NA,NA,N/A,NA,NA,NA,NA,Y,Y,N,2,9,Y,SAT,5,0,3,10,36,2,6,300,98,72,4,0,0,2,6,5,2,20,5,NA,30,4,11,142526,2014,142526,4.9,8,13,NA,NA,NA,NA,NA,NA,NA,NA,NA,NA,NA,NA,NA,NA,NA,NA,NA,NA,NA,NA,NA,NA,NA,NA,NA,NA,0,1,0,1,0,1,0,90,NA,NA
AUS_1465508321,612,433,48,453,1100,1,4.85E+11,1500US484530011001,Block Group 1,G5030,S,2044061,66635,30.2687002,-97.7433003,14655083,AUS_14655083,30.26716478,-97.74698246,2,1,3,16,3,27,1,2,4,11,1,4,N,4,NA,NA,4,97,97,,,0,0,1,0,0,1,0,N,N,N,N,N,N,N,9/16/2015,12:04 PM,227,22,N,Y,NA,NA,19,NA,,1,400,,GUADALUPE,ST,N,N,30,N,N,,Y,19,NA,,1,,W,4TH,ST,NA,NA,,,,NA,12,1,0,NA,1,1,16,12:04 PM,DISPATCH,12:07 PM,9/16/2015,Y,74,NA,NA,67,8,5,1,2,64,54,1,5,1,21,21,227,22,30.26716478,-97.74698246,,NA,NA,NA,GUADALUPE ST,401,NA,NA,NA,NA,NA,,NA,NA,W 4TH ST,NA,NA,NA,NA,Y,N,N,3,9,Y,WED,NA,NA,NA,NA,NA,NA,NA,NA,NA,NA,NA,NA,NA,NA,NA,NA,NA,NA,NA,NA,NA,NA,NA,NA,NA,NA,NA,NA,NA,NA,NA,NA,NA,NA,NA,NA,NA,NA,NA,NA,NA,NA,NA,NA,NA,NA,NA,NA,NA,NA,NA,NA,NA,NA,NA,0,0,1,0,1,1,0,90,NA,NA
AUS_1465755521,342,358,48,453,1304,4,4.85E+11,1500US484530013044,Block Group 4,G5030,S,473234,0,30.2495825,-97.7704511,14657555,AUS_14657555,30.24874884,-97.76894446,2,1,3,16,1,58,1,1,4,11,1,4,N,4,NA,NA,4,97,97,,,1,0,0,0,0,1,0,N,N,N,N,N,N,N,9/17/2015,10:09 PM,227,22,N,N,NA,NA,19,NA,,1,2000,S,LAMAR,BLVD,N,N,35,N,N,,N,19,NA,,1,,S,LAMAR,BLVD,NA,NA,,,,NA,11,4,0,3,1,1,1,10:09 PM,DISPATCH,10:09 PM,9/17/2015,Y,74,NA,NA,93,8,5,4,1,64,54,1,2,1,21,21,227,22,30.24874884,-97.76894446,SL,343,NA,2.352,SL0343,NA,113,9,7.351,566,-0.069,,NA,NA,N/A,NA,NA,NA,NA,Y,Y,N,1,9,Y,THU,2,0,0,0,0,2,4,80,60,48,4,1,1,1,0,0,1,0,0,0,0,4,14,33647,2014,33647,1.2,0.4,1.6,1,304,2,1,32,NA,NA,NA,NA,NA,NA,NA,NA,NA,NA,NA,NA,NA,NA,NA,NA,NA,NA,NA,NA,NA,1,0,0,1,0,1,0,90,NA,NA
AUS_1466525821,30,435,48,453,2427,2,4.85E+11,1500US484530024272,Block Group 2,G5030,S,844129,0,30.1770128,-97.7553293,14665258,AUS_14665258,30.1799948,-97.75977246,2,1,3,16,2,8,2,2,4,11,1,5,N,4,NA,NA,4,97,97,,,0,1,0,0,0,1,0,N,N,N,N,N,N,N,5/22/2015,5:54 PM,227,22,N,N,NA,NA,19,NA,,1,2500,,BLUE MEADOW,DR,N,N,30,N,N,,Y,19,NA,,1,6900,,BRANCHWOOD,DR,NA,NA,,,,NA,12,1,2,NA,1,1,8,5:54 PM,DISPATCH,5:54 PM,5/22/2015,Y,74,NA,NA,99,8,5,1,1,64,54,1,5,1,21,21,227,22,30.1799948,-97.75977246,,NA,NA,NA,BLUE MEADOW DR,2598,NA,NA,NA,NA,NA,,NA,NA,BRANCHWOOD DR,NA,NA,NA,NA,Y,N,N,2,9,Y,FRI,NA,NA,NA,NA,NA,NA,NA,NA,NA,NA,NA,NA,NA,NA,NA,NA,NA,NA,NA,NA,NA,NA,NA,NA,NA,NA,NA,NA,NA,NA,NA,NA,NA,NA,NA,NA,NA,NA,NA,NA,NA,NA,NA,NA,NA,NA,NA,NA,NA,NA,NA,NA,NA,NA,NA,0,1,0,3,0,1,0,90,NA,NA
AUS_1466767521,830,366,48,453,604,2,4.85E+11,1500US484530006042,Block Group 2,G5030,S,189019,0,30.2849961,-97.7433474,14667675,AUS_14667675,30.28497478,-97.74181246,2,1,3,16,2,20,4,1,4,11,1,4,N,4,NA,NA,4,97,97,,,0,1,0,0,0,1,0,N,N,N,N,N,N,N,9/28/2015,9:48 AM,227,22,N,N,NA,NA,19,NA,,1,NA,,GUADALUPE,ST,N,N,30,N,N,,Y,19,NA,,1,,W,22ND,ST,NA,NA,,,,NA,11,1,2,NA,1,1,16,9:49 AM,DISPATCH,9:50 AM,9/28/2015,Y,74,NA,NA,10,8,5,2,2,64,54,1,5,1,21,21,227,22,30.28497478,-97.74181246,,NA,NA,NA,GUADALUPE ST,2199,NA,NA,NA,NA,NA,,NA,NA,W 22ND ST,NA,NA,NA,NA,Y,N,N,2,9,Y,MON,NA,NA,NA,NA,NA,NA,NA,NA,NA,NA,NA,NA,NA,NA,NA,NA,NA,NA,NA,NA,NA,NA,NA,NA,NA,NA,NA,NA,NA,NA,NA,NA,NA,NA,NA,NA,NA,NA,NA,NA,NA,NA,NA,NA,NA,NA,NA,NA,NA,NA,NA,NA,NA,NA,NA,0,1,0,1,0,1,0,90,NA,NA
AUS_1466975821,763,559,48,453,2110,1,4.85E+11,1500US484530021101,Block Group 1,G5030,S,2933818,0,30.2751868,-97.675906,14669758,AUS_14669758,30.27777264,-97.68553536,2,1,3,16,2,29,1,2,4,11,1,5,N,4,NA,NA,4,97,97,,,0,1,0,0,0,1,0,N,N,N,N,N,N,N,9/17/2015,6:20 PM,227,22,N,N,NA,NA,19,NA,,1,1100,,EAST FIELD,AVE,N,N,35,N,N,,N,19,NA,,1,1100,,WEBBERVILLE,RD,NA,NA,,,,NA,11,1,0,NA,1,1,1,6:28 PM,DISPATCH,6:28 PM,9/17/2015,Y,74,NA,NA,34,8,5,3,2,64,13,1,5,1,32,21,227,22,30.27777264,-97.68553536,,NA,NA,NA,WEBBERVILLE RD,1166,NA,NA,NA,NA,NA,,NA,NA,N/A,NA,NA,NA,NA,Y,N,N,2,9,Y,THU,NA,NA,NA,NA,NA,NA,NA,NA,NA,NA,NA,NA,NA,NA,NA,NA,NA,NA,NA,NA,NA,NA,NA,NA,NA,NA,NA,NA,NA,NA,NA,NA,NA,NA,NA,NA,NA,NA,NA,NA,NA,NA,NA,NA,NA,NA,NA,NA,NA,NA,NA,NA,NA,NA,NA,0,2,0,0,0,2,0,90,NA,NA
AUS_1466980921,363,68,48,453,1303,2,4.85E+11,1500US484530013032,Block Group 2,G5030,S,635029,0,30.2562161,-97.7625867,14669809,AUS_14669809,30.25122842,-97.76515671,2,1,3,16,3,31,1,1,4,11,1,1,N,4,NA,NA,4,97,97,,,0,0,1,0,0,1,0,N,N,N,N,N,N,N,9/25/2015,5:27 PM,227,22,N,Y,NA,NA,19,NA,,1,1600,S,LAMAR,BLVD,N,N,-1,N,N,,Y,19,NA,,1,1100,,COLLIER,ST,NA,NA,,,,NA,12,1,4,3,1,2,8,5:27 PM,DISPATCH,5:31 PM,9/25/2015,Y,74,NA,NA,93,8,5,1,1,64,54,1,2,1,21,21,227,22,30.25122842,-97.76515671,SL,343,NA,2.643,SL0343,1607,113,10,0.151,566,0.222,,NA,NA,COLLIER ST,NA,NA,NA,NA,Y,Y,N,3,9,Y,FRI,2,0,0,0,0,2,4,80,60,60,4,1,1,1,0,0,1,0,0,0,0,4,14,33647,2014,33647,1.2,0.4,1.6,NA,NA,NA,NA,NA,NA,NA,NA,NA,NA,NA,NA,NA,NA,NA,NA,NA,NA,NA,NA,NA,NA,NA,NA,NA,NA,0,0,1,1,0,1,0,90,NA,NA
AUS_1467768421,947,2,48,453,204,1,4.85E+11,1500US484530002041,Block Group 1,G5030,S,514125,0,30.3003058,-97.7429373,14677684,AUS_14677684,30.29649477,-97.74211246,2,1,3,16,2,22,2,1,4,11,1,5,N,4,NA,NA,4,97,97,,,0,1,0,0,0,1,0,N,N,N,N,N,N,N,9/3/2015,5:07 PM,227,22,N,N,NA,NA,19,NA,,1,3000,N,GUADALUPE,ST,N,N,-1,N,N,,Y,19,NA,,1,3000,W,W 30TH,ST,NA,NA,,,,NA,11,1,2,NA,1,1,5,5:07 PM,DISPATCH,5:19 PM,10/2/2015,Y,74,NA,NA,10,8,5,2,1,64,3,1,5,1,21,21,227,22,30.29649477,-97.74211246,,NA,NA,NA,GUADALUPE ST,2933,NA,NA,NA,NA,NA,,NA,NA,W 30TH ST,NA,NA,NA,NA,Y,N,N,2,9,Y,THU,NA,NA,NA,NA,NA,NA,NA,NA,NA,NA,NA,NA,NA,NA,NA,NA,NA,NA,NA,NA,NA,NA,NA,NA,NA,NA,NA,NA,NA,NA,NA,NA,NA,NA,NA,NA,NA,NA,NA,NA,NA,NA,NA,NA,NA,NA,NA,NA,NA,NA,NA,NA,NA,NA,NA,0,1,0,1,0,1,0,90,NA,NA
AUS_1467775921,749,67,48,453,700,1,4.85E+11,1500US484530007001,Block Group 1,G5030,S,1615130,0,30.2777004,-97.7411232,14677759,AUS_14677759,30.27664478,-97.74228246,2,1,3,16,2,25,1,2,4,11,1,4,N,4,NA,NA,4,97,97,,,0,1,0,0,0,1,0,N,N,N,N,N,N,N,10/2/2015,7:51 PM,227,22,N,Y,NA,NA,19,NA,,1,1400,,LAVACA,ST,N,N,-1,N,N,,Y,19,NA,,1,280,W,14TH,ST,NA,NA,,,,NA,11,4,3,NA,1,1,20,7:52 PM,DISPATCH,7:58 PM,10/2/2015,Y,74,NA,NA,10,8,5,2,1,64,3,1,5,1,21,21,227,22,30.27664478,-97.74228246,,NA,NA,NA,LAVACA ST,1399,NA,NA,NA,NA,NA,,NA,NA,W 14TH ST,NA,NA,NA,NA,Y,N,N,2,9,Y,FRI,NA,NA,NA,NA,NA,NA,NA,NA,NA,NA,NA,NA,NA,NA,NA,NA,NA,NA,NA,NA,NA,NA,NA,NA,NA,NA,NA,NA,NA,NA,NA,NA,NA,NA,NA,NA,NA,NA,NA,NA,NA,NA,NA,NA,NA,NA,NA,NA,NA,NA,NA,NA,NA,NA,NA,0,1,0,1,1,1,0,90,NA,NA
AUS_1467775931,750,67,48,453,700,1,4.85E+11,1500US484530007001,Block Group 1,G5030,S,1615130,0,30.2777004,-97.7411232,14677759,AUS_14677759,30.27664478,-97.74228246,3,1,3,16,5,28,1,1,4,11,1,4,N,4,NA,NA,4,97,97,,,0,0,0,1,0,0,0,N,N,N,N,N,N,N,10/2/2015,7:51 PM,227,22,N,Y,NA,NA,19,NA,,1,1400,,LAVACA,ST,N,N,-1,N,N,,Y,19,NA,,1,280,W,14TH,ST,NA,NA,,,,NA,11,4,3,NA,1,1,20,7:52 PM,DISPATCH,7:58 PM,10/2/2015,Y,74,NA,NA,10,8,5,2,1,64,3,1,5,1,21,21,227,22,30.27664478,-97.74228246,,NA,NA,NA,LAVACA ST,1399,NA,NA,NA,NA,NA,,NA,NA,W 14TH ST,NA,NA,NA,NA,Y,N,N,2,9,Y,FRI,NA,NA,NA,NA,NA,NA,NA,NA,NA,NA,NA,NA,NA,NA,NA,NA,NA,NA,NA,NA,NA,NA,NA,NA,NA,NA,NA,NA,NA,NA,NA,NA,NA,NA,NA,NA,NA,NA,NA,NA,NA,NA,NA,NA,NA,NA,NA,NA,NA,NA,NA,NA,NA,NA,NA,0,1,0,1,1,1,0,90,NA,NA
AUS_1467782421,940,113,48,453,500,2,4.85E+11,1500US484530005002,Block Group 2,G5030,S,221303,0,30.2975252,-97.7329994,14677824,AUS_14677824,30.29552477,-97.73181246,2,1,3,16,3,27,1,2,4,11,1,2,N,4,NA,NA,4,97,97,,,0,0,1,0,0,1,0,N,N,N,N,N,N,N,10/3/2015,10:00 AM,227,22,N,Y,NA,NA,19,NA,,7,3300,,DUVAL ST,ST,N,N,35,N,N,PAVED ROAD,Y,19,NA,,1,,,E 33RD ST,ST,NA,NA,,,PAVED ROAD,NA,11,1,0,NA,1,1,20,10:01 AM,DISPATCH,10:07 AM,10/3/2015,Y,74,NA,NA,10,8,5,1,3,64,54,1,5,1,21,21,227,22,30.29552477,-97.73181246,,NA,NA,NA,DUVAL ST,3301,NA,NA,NA,NA,NA,,NA,NA,UNKNOWN,NA,NA,NA,NA,Y,N,N,3,9,Y,SAT,NA,NA,NA,NA,NA,NA,NA,NA,NA,NA,NA,NA,NA,NA,NA,NA,NA,NA,NA,NA,NA,NA,NA,NA,NA,NA,NA,NA,NA,NA,NA,NA,NA,NA,NA,NA,NA,NA,NA,NA,NA,NA,NA,NA,NA,NA,NA,NA,NA,NA,NA,NA,NA,NA,NA,0,0,1,1,0,1,0,90,NA,NA
AUS_1467970321,125,402,48,453,2307,2,4.85E+11,1500US484530023072,Block Group 2,G5030,S,663657,0,30.221473,-97.7455325,14679703,AUS_14679703,30.2176571,-97.74388936,2,1,3,16,5,15,1,1,4,11,1,5,N,4,NA,NA,4,97,97,,,0,0,0,1,0,0,0,N,N,N,N,N,N,N,10/3/2015,1:04 PM,227,22,N,N,NA,NA,19,NA,,1,2000,,WOODWARD,ST,N,N,-1,N,N,,N,19,NA,,1,1900,E,E BEN WHITE BLVD SVRD WB,BLVD,NA,NA,,,,NA,11,1,0,NA,8,1,1,1:04 PM,DISPATCH,1:21 PM,10/3/2015,Y,74,NA,NA,99,8,5,2,5,64,38,1,5,1,21,21,227,22,30.2176571,-97.74388936,,NA,NA,NA,WOODWARD ST,2000,NA,NA,NA,NA,NA,,NA,NA,UNKNOWN,NA,NA,NA,NA,N,N,N,5,9,Y,SAT,NA,NA,NA,NA,NA,NA,NA,NA,NA,NA,NA,NA,NA,NA,NA,NA,NA,NA,NA,NA,NA,NA,NA,NA,NA,NA,NA,NA,NA,NA,NA,NA,NA,NA,NA,NA,NA,NA,NA,NA,NA,NA,NA,NA,NA,NA,NA,NA,NA,NA,NA,NA,NA,NA,NA,0,0,0,2,0,0,0,90,NA,NA
AUS_1468189521,1217,527,48,453,1813,1,4.85E+11,1500US484530018131,Block Group 1,G5030,S,1287404,0,30.3487772,-97.6880936,14681895,AUS_14681895,30.35806933,-97.68814856,2,1,3,16,2,21,2,1,4,11,1,4,N,4,NA,NA,4,97,97,,,0,1,0,0,0,1,0,N,N,N,N,N,N,N,9/29/2015,9:49 PM,227,22,N,Y,NA,NA,19,NA,,1,800,W,RUNDBERG,LN,N,N,30,N,N,,Y,1,35,,2,9400,S,N IH 35 SVRD,HWY,NA,NA,,,,NA,11,3,2,2,1,1,6,9:49 PM,DISPATCH,9:54 PM,9/29/2015,Y,74,NA,NA,123,8,5,1,1,64,54,2,1,1,21,21,227,22,30.35806933,-97.68814856,IH,35,NA,241.088,IH0035,NA,15,13,24.682,242,-0.36,,NA,NA,E RUNDBERG LN,NA,NA,NA,NA,Y,Y,N,2,9,Y,TUE,5,0,10,10,23,2,6,300,112,72,4,0,0,2,20,5,2,20,5,2,3,4,11,124466,2014,124466,3.3,9.4,12.7,NA,NA,NA,NA,NA,NA,NA,NA,NA,NA,NA,NA,NA,NA,NA,NA,NA,NA,NA,NA,NA,NA,NA,NA,NA,NA,0,1,0,1,0,1,0,90,NA,NA
AUS_1468189821,650,433,48,453,1100,1,4.85E+11,1500US484530011001,Block Group 1,G5030,S,2044061,66635,30.2687002,-97.7433003,14681898,AUS_14681898,30.26928478,-97.73614246,2,1,3,16,2,31,1,1,4,11,1,4,N,4,NA,NA,4,97,97,,,0,1,0,0,0,1,0,N,N,N,N,N,N,N,10/2/2015,3:06 PM,227,22,N,N,NA,NA,19,NA,,1,590,E,9TH,ST,N,N,30,N,N,,Y,19,NA,,1,900,,RED RIVER,ST,NA,NA,,,,NA,11,1,4,NA,3,1,8,3:06 PM,BY CITIZEN,3:06 PM,10/2/2015,Y,74,NA,NA,67,8,5,1,1,64,54,1,5,1,21,21,227,22,30.26928478,-97.73614246,,NA,NA,NA,E 9TH ST,598,NA,NA,NA,NA,NA,,NA,NA,RED RIVER ST,NA,NA,NA,NA,Y,N,N,2,9,Y,FRI,NA,NA,NA,NA,NA,NA,NA,NA,NA,NA,NA,NA,NA,NA,NA,NA,NA,NA,NA,NA,NA,NA,NA,NA,NA,NA,NA,NA,NA,NA,NA,NA,NA,NA,NA,NA,NA,NA,NA,NA,NA,NA,NA,NA,NA,NA,NA,NA,NA,NA,NA,NA,NA,NA,NA,0,1,0,1,0,1,0,90,NA,NA
AUS_1468190321,518,349,48,453,1303,1,4.85E+11,1500US484530013031,Block Group 1,G5030,S,710768,43869,30.2634026,-97.7612102,14681903,AUS_14681903,30.26370478,-97.76371246,2,1,3,16,2,24,1,2,4,11,1,4,N,4,NA,NA,4,97,97,,,0,1,0,0,0,1,0,N,N,N,N,N,N,N,10/3/2015,2:47 PM,227,22,N,N,NA,NA,19,NA,,1,1800,,BARTON SPRINGS,RD,N,N,30,N,N,,Y,19,NA,,1,400,,STERZING,ST,NA,NA,,,,NA,11,1,2,NA,1,1,1,2:47 PM,BY CITIZEN,2:47 PM,10/3/2015,Y,74,NA,NA,93,8,5,2,3,64,3,1,5,1,20,21,227,22,30.26370478,-97.76371246,,NA,NA,NA,BARTON SPRINGS RD,NA,NA,NA,NA,NA,NA,,NA,NA,STERZING ST,NA,NA,NA,NA,Y,N,N,2,9,Y,SAT,NA,NA,NA,NA,NA,NA,NA,NA,NA,NA,NA,NA,NA,NA,NA,NA,NA,NA,NA,NA,NA,NA,NA,NA,NA,NA,NA,NA,NA,NA,NA,NA,NA,NA,NA,NA,NA,NA,NA,NA,NA,NA,NA,NA,NA,NA,NA,NA,NA,NA,NA,NA,NA,NA,NA,0,1,0,1,0,1,0,90,NA,NA
AUS_1468194321,678,433,48,453,1100,1,4.85E+11,1500US484530011001,Block Group 1,G5030,S,2044061,66635,30.2687002,-97.7433003,14681943,AUS_14681943,30.27114478,-97.73545246,2,1,3,16,2,34,1,1,4,11,1,1,N,4,NA,NA,4,97,97,,,0,1,0,0,0,1,0,N,N,N,N,N,Y,N,10/7/2015,6:56 AM,227,22,N,N,NA,NA,19,NA,,1,NA,,RED RIVER,ST,N,N,30,N,N,,Y,19,NA,,1,,E,11TH,ST,NA,NA,,,,NA,11,3,4,NA,1,1,5,6:56 AM,DISPATCH,6:56 AM,10/7/2015,Y,74,NA,NA,10,8,5,2,2,64,54,1,5,1,21,21,227,22,30.27114478,-97.73545246,,NA,NA,NA,RED RIVER ST,NA,NA,NA,NA,NA,NA,,NA,NA,E 11TH ST,NA,NA,NA,NA,Y,N,N,2,9,Y,WED,NA,NA,NA,NA,NA,NA,NA,NA,NA,NA,NA,NA,NA,NA,NA,NA,NA,NA,NA,NA,NA,NA,NA,NA,NA,NA,NA,NA,NA,NA,NA,NA,NA,NA,NA,NA,NA,NA,NA,NA,NA,NA,NA,NA,NA,NA,NA,NA,NA,NA,NA,NA,NA,NA,NA,0,1,0,1,0,1,0,90,NA,NA
AUS_1468603321,620,560,48,453,2111,1,4.85E+11,1500US484530021111,Block Group 1,G5030,S,837993,0,30.2683446,-97.6925165,14686033,AUS_14686033,30.26742478,-97.69435248,2,1,3,16,3,31,1,1,4,11,1,4,N,4,NA,NA,4,97,97,,,0,0,1,0,0,1,0,N,N,N,N,N,N,N,9/30/2015,6:29 PM,227,22,N,Y,NA,NA,19,NA,,1,NA,,GOODWIN,AVE,N,N,-1,N,N,,Y,19,NA,,1,,,SPRINGDALE,RD,NA,NA,,,,NA,11,1,2,NA,1,1,8,6:29 PM,DISPATCH,6:35 PM,9/30/2015,Y,74,NA,NA,34,8,5,1,3,64,54,1,5,1,21,21,227,22,30.26742478,-97.69435248,,NA,NA,NA,GOODWIN AVE,3798,NA,NA,NA,NA,NA,,NA,NA,SPRINGDALE RD,NA,NA,NA,NA,Y,N,N,3,9,Y,WED,NA,NA,NA,NA,NA,NA,NA,NA,NA,NA,NA,NA,NA,NA,NA,NA,NA,NA,NA,NA,NA,NA,NA,NA,NA,NA,NA,NA,NA,NA,NA,NA,NA,NA,NA,NA,NA,NA,NA,NA,NA,NA,NA,NA,NA,NA,NA,NA,NA,NA,NA,NA,NA,NA,NA,0,0,2,4,0,2,0,90,NA,NA