Crash_UP_ID,FID,FID_Austin,STATEFP,COUNTYFP,TRACTCE,BLKGRPCE,GEOID1,GEOID,NAMELSAD,MTFCC,FUNCSTAT,ALAND,AWATER,INTPTLAT,INTPTLON,CrashID,CrashID1,Latitude,Longitude,Unit_Nbr,Prsn_Nbr,Prsn_Type_ID,Prsn_Occpnt_Pos_ID,Prsn_Injry_Sev_ID,Prsn_Age,Prsn_Ethnicity_ID,Prsn_Gndr_ID,Prsn_Ejct_ID,Prsn_Rest_ID,Prsn_Airbag_ID,Prsn_Helmet_ID,Prsn_Sol_Fl,Prsn_Alc_Spec_Type_ID,Prsn_Alc_Rslt_ID,Prsn_Bac_Test_Rslt,Prsn_Drg_Spec_Type_ID,Prsn_Drg_Rslt_ID,Drvr_Drg_Cat_1_ID,Prsn_Death_Date,Prsn_Death_Time,Incap_Injry_Cnt.x,Nonincap_Injry_Cnt.x,Poss_Injry_Cnt.x,Non_Injry_Cnt.x,Unkn_Injry_Cnt.x,Tot_Injry_Cnt.x,Death_Cnt.x,Crash_Fatal_Fl,Cmv_Involv_Fl,Schl_Bus_Fl,Rr_Relat_Fl,Medical_Advisory_Fl,Amend_Supp_Fl,Active_School_Zone_Fl,Crash_Date,Crash_Time,Rpt_CRIS_Cnty_ID,Rpt_City_ID,Rpt_Outside_City_Limit_Fl,Thousand_Damage_Fl,Rpt_Latitude,Rpt_Longitude,Rpt_Rdwy_Sys_ID,Rpt_Hwy_Num,Rpt_Hwy_Sfx,Rpt_Road_Part_ID,Rpt_Block_Num,Rpt_Street_Pfx,Rpt_Street_Name,Rpt_Street_Sfx,Private_Dr_Fl,Toll_Road_Fl,Crash_Speed_Limit,Road_Constr_Zone_Fl,Road_Constr_Zone_Wrkr_Fl,Rpt_Street_Desc,At_Intrsct_Fl,Rpt_Sec_Rdwy_Sys_ID,Rpt_Sec_Hwy_Num,Rpt_Sec_Hwy_Sfx,Rpt_Sec_Road_Part_ID,Rpt_Sec_Block_Num,Rpt_Sec_Street_Pfx,Rpt_Sec_Street_Name,Rpt_Sec_Street_Sfx,Rpt_Ref_Mark_Offset_Amt,Rpt_Ref_Mark_Dist_Uom,Rpt_Ref_Mark_Dir,Rpt_Ref_Mark_Nbr,Rpt_Sec_Street_Desc,Rpt_CrossingNumber,Wthr_Cond_ID,Light_Cond_ID,Entr_Road_ID,Road_Type_ID,Road_Algn_ID,Surf_Cond_ID,Traffic_Cntl_ID,Investigat_Notify_Time,Investigat_Notify_Meth,Investigat_Arrv_Time,Report_Date,Investigat_Comp_Fl,Investigat_Agency_ID,Investigat_Area_ID,Investigat_District_ID,Investigat_Region_ID,Bridge_Detail_ID,Harm_Evnt_ID,Intrsct_Relat_ID,FHE_Collsn_ID,Obj_Struck_ID,Othr_Factr_ID,Road_Part_Adj_ID,Road_Cls_ID,Road_Relat_ID,Phys_Featr_1_ID,Phys_Featr_2_ID,Cnty_ID,City_ID,Latitude.1,Longitude.1,Hwy_Sys,Hwy_Nbr,Hwy_Sfx,Dfo,Street_Name,Street_Nbr,Control,Section,Milepoint,Ref_Mark_Nbr,Ref_Mark_Displ,Hwy_Sys_2,Hwy_Nbr_2,Hwy_Sfx_2,Street_Name_2,Street_Nbr_2,Control_2,Section_2,Milepoint_2,Txdot_Rptable_Fl,Onsys_Fl,Rural_Fl,Crash_Sev_ID,Pop_Group_ID,Located_Fl,Day_of_Week,Hwy_Dsgn_Lane_ID,Hwy_Dsgn_Hrt_ID,Hp_Shldr_Left,Hp_Shldr_Right,Hp_Median_Width,Base_Type_ID,Nbr_Of_Lane,Row_Width_Usual,Roadbed_Width,Surf_Width,Surf_Type_ID,Curb_Type_Left_ID,Curb_Type_Right_ID,Shldr_Type_Left_ID,Shldr_Width_Left,Shldr_Use_Left_ID,Shldr_Type_Right_ID,Shldr_Width_Right,Shldr_Use_Right_ID,Median_Type_ID,Median_Width,Rural_Urban_Type_ID,Func_Sys_ID,Adt_Curnt_Amt,Adt_Curnt_Year,Adt_Adj_Curnt_Amt,Pct_Single_Trk_Adt,Pct_Combo_Trk_Adt,Trk_Aadt_Pct,Curve_Type_ID,Curve_Lngth,Cd_Degr,Delta_Left_Right_ID,Dd_Degr,Feature_Crossed,Structure_Number,I_R_Min_Vert_Clear,Approach_Width,Bridge_Median_ID,Bridge_Loading_Type_ID,Bridge_Loading_In_1000_Lbs,Bridge_Srvc_Type_On_ID,Bridge_Srvc_Type_Under_ID,Culvert_Type_ID,Roadway_Width,Deck_Width,Bridge_Dir_Of_Traffic_ID,Bridge_Rte_Struct_Func_ID,Bridge_IR_Struct_Func_ID,CrossingNumber,RRCo,Poscrossing_ID,WDCode_ID,Standstop,Yield,Incap_Injry_Cnt.y,Nonincap_Injry_Cnt.y,Poss_Injry_Cnt.y,Non_Injry_Cnt.y,Unkn_Injry_Cnt.y,Tot_Injry_Cnt.y,Death_Cnt.y,MPO_ID,Unit_ID,Unit_Prsn_ID
AUS_1473769521,78,174,48,453,1728,4,4.85E+11,1500US484530017284,Block Group 4,G5030,S,1377405,0,30.189904,-97.8199033,14737695,AUS_14737695,30.20283479,-97.80688245,2,1,3,16,2,10,3,1,4,11,1,5,Y,4,NA,NA,4,97,97,,,0,1,0,0,0,1,0,N,N,N,N,N,N,N,8/28/2015,5:05 PM,227,22,N,N,NA,NA,19,NA,,1,6900,,MANCHACA,RD,N,N,35,N,N,,Y,19,NA,,1,2000,W,WILLIAM CANNON,DR,NA,NA,,,,NA,11,1,4,NA,1,1,15,3:05 PM,DISPATCH,3:15 PM,8/28/2015,N,74,NA,NA,93,8,5,2,2,64,54,1,5,1,21,21,227,22,30.20283479,-97.80688245,,NA,NA,NA,MANCHACA RD,NA,NA,NA,NA,NA,NA,,NA,NA,W WILLIAM CANNON DR,NA,NA,NA,NA,Y,N,N,2,9,Y,FRI,NA,NA,NA,NA,NA,NA,NA,NA,NA,NA,NA,NA,NA,NA,NA,NA,NA,NA,NA,NA,NA,NA,NA,NA,NA,NA,NA,NA,NA,NA,NA,NA,NA,NA,NA,NA,NA,NA,NA,NA,NA,NA,NA,NA,NA,NA,NA,NA,NA,NA,NA,NA,NA,NA,NA,0,1,0,0,1,1,0,90,NA,NA
AUS_1473774621,677,451,48,453,1200,2,4.85E+11,1500US484530012002,Block Group 2,G5030,S,1541732,189156,30.2719319,-97.7602566,14737746,AUS_14737746,30.27097478,-97.75250246,2,1,3,16,3,24,1,1,4,11,1,2,N,4,NA,NA,4,97,97,,,0,0,1,0,0,1,0,N,N,N,N,N,N,N,9/17/2015,7:37 PM,227,22,N,N,NA,NA,19,NA,,1,800,W,6TH,ST,N,N,35,N,N,,Y,19,NA,,1,500,N,BOWIE,ST,NA,NA,,,,NA,11,5,2,NA,1,1,5,7:38 PM,DISPATCH,7:44 PM,9/17/2015,Y,74,NA,NA,67,8,5,1,1,64,54,1,5,1,21,21,227,22,30.27097478,-97.75250246,,NA,NA,NA,W 6TH ST,844,NA,NA,NA,NA,NA,,NA,NA,BOWIE ST,NA,NA,NA,NA,Y,N,N,3,9,Y,THU,NA,NA,NA,NA,NA,NA,NA,NA,NA,NA,NA,NA,NA,NA,NA,NA,NA,NA,NA,NA,NA,NA,NA,NA,NA,NA,NA,NA,NA,NA,NA,NA,NA,NA,NA,NA,NA,NA,NA,NA,NA,NA,NA,NA,NA,NA,NA,NA,NA,NA,NA,NA,NA,NA,NA,0,0,1,1,0,1,0,90,NA,NA
AUS_1473778421,104,26,48,453,1737,2,4.85E+11,1500US484530017372,Block Group 2,G5030,S,4340354,0,30.2059815,-97.8810416,14737784,AUS_14737784,30.21168479,-97.87647243,2,1,3,16,2,68,1,1,4,11,1,1,N,4,NA,NA,4,97,97,,,0,1,0,0,0,1,0,N,N,N,N,N,N,N,10/18/2015,10:45 AM,227,22,N,N,NA,NA,19,NA,,1,NA,,ESCARPMENT,BLVD,N,N,40,N,N,,Y,19,NA,,1,,,DAVIS,LN,NA,NA,,,,NA,11,1,0,NA,1,1,16,10:36 AM,DISPATCH,10:42 AM,10/18/2015,Y,74,NA,NA,93,8,5,1,2,64,54,1,5,1,21,21,227,22,30.21168479,-97.87647243,,NA,NA,NA,ESCARPMENT BLVD,8799,NA,NA,NA,NA,NA,,NA,NA,DAVIS LN,NA,NA,NA,NA,Y,N,N,2,9,Y,SUN,NA,NA,NA,NA,NA,NA,NA,NA,NA,NA,NA,NA,NA,NA,NA,NA,NA,NA,NA,NA,NA,NA,NA,NA,NA,NA,NA,NA,NA,NA,NA,NA,NA,NA,NA,NA,NA,NA,NA,NA,NA,NA,NA,NA,NA,NA,NA,NA,NA,NA,NA,NA,NA,NA,NA,0,1,0,1,0,1,0,90,NA,NA
AUS_1473784321,1212,36,48,453,1752,1,4.85E+11,1500US484530017521,Block Group 1,G5030,S,234783,0,30.3564056,-97.7498959,14737843,AUS_14737843,30.35756979,-97.74950743,2,1,3,16,2,10,1,1,4,11,1,4,N,4,NA,NA,4,97,97,,,0,1,0,0,0,1,0,N,N,N,N,N,N,N,11/1/2015,11:47 AM,227,22,N,N,NA,NA,19,NA,,1,7400,,SHADOW HILL,DR,N,N,30,N,N,,N,19,NA,,1,,,GREYSTONE,DR,NA,NA,,,,NA,12,1,0,NA,1,1,1,11:49 AM,DISPATCH,12:02 PM,11/1/2015,Y,74,NA,NA,10,8,5,4,1,64,54,1,5,1,21,21,227,22,30.35756979,-97.74950743,,NA,NA,NA,SHADOW HILL DR,7445,NA,NA,NA,NA,NA,,NA,NA,N/A,NA,NA,NA,NA,Y,N,N,2,9,Y,SUN,NA,NA,NA,NA,NA,NA,NA,NA,NA,NA,NA,NA,NA,NA,NA,NA,NA,NA,NA,NA,NA,NA,NA,NA,NA,NA,NA,NA,NA,NA,NA,NA,NA,NA,NA,NA,NA,NA,NA,NA,NA,NA,NA,NA,NA,NA,NA,NA,NA,NA,NA,NA,NA,NA,NA,0,1,0,1,0,1,0,90,NA,NA
AUS_1474484921,1037,336,48,453,302,1,4.85E+11,1500US484530003021,Block Group 1,G5030,S,283406,0,30.3075179,-97.7321031,14744849,AUS_14744849,30.30772477,-97.73254246,2,1,3,16,3,33,1,2,4,11,1,4,N,4,NA,NA,4,97,97,,,0,0,1,0,0,1,0,N,N,N,N,N,N,N,11/9/2015,1:49 PM,227,22,N,N,NA,NA,19,NA,,1,400,,W 43RD ST,,N,N,30,N,N,PAVED ROAD,Y,19,NA,,1,4300,,AVENUE B,,NA,NA,,,PAVED ROAD,NA,11,1,4,NA,1,1,9,1:49 PM,DISPATCH,1:50 PM,11/9/2015,Y,74,NA,NA,10,8,5,1,1,64,54,1,5,1,21,21,227,22,30.30772477,-97.73254246,,NA,NA,NA,W 43RD ST,400,NA,NA,NA,NA,NA,,NA,NA,AVENUE B,NA,NA,NA,NA,Y,N,N,3,9,Y,MON,NA,NA,NA,NA,NA,NA,NA,NA,NA,NA,NA,NA,NA,NA,NA,NA,NA,NA,NA,NA,NA,NA,NA,NA,NA,NA,NA,NA,NA,NA,NA,NA,NA,NA,NA,NA,NA,NA,NA,NA,NA,NA,NA,NA,NA,NA,NA,NA,NA,NA,NA,NA,NA,NA,NA,0,0,1,1,0,1,0,90,NA,NA
AUS_1474676021,1122,43,48,453,1503,1,4.85E+11,1500US484530015031,Block Group 1,G5030,S,641563,0,30.3200143,-97.7196087,14746760,AUS_14746760,30.32344143,-97.72384913,2,1,3,16,3,27,4,2,4,11,1,3,N,4,NA,NA,4,97,97,,,0,0,1,0,0,1,0,N,N,N,N,N,N,N,11/9/2015,5:34 PM,227,22,N,N,NA,NA,19,NA,,1,5510,,GUADALUPE,ST,N,N,-1,N,N,GUADALUPE ST SB,N,19,NA,,1,600,W,KOENIG,LN,NA,NA,,,,NA,11,1,4,NA,1,1,16,5:34 PM,DISPATCH,5:37 PM,11/9/2015,Y,74,NA,NA,121,8,5,3,3,64,14,1,5,1,32,21,227,22,30.32344143,-97.72384913,,NA,NA,NA,GUADALUPE ST,5593,NA,NA,NA,NA,NA,,NA,NA,N/A,NA,NA,NA,NA,Y,N,N,3,9,Y,MON,NA,NA,NA,NA,NA,NA,NA,NA,NA,NA,NA,NA,NA,NA,NA,NA,NA,NA,NA,NA,NA,NA,NA,NA,NA,NA,NA,NA,NA,NA,NA,NA,NA,NA,NA,NA,NA,NA,NA,NA,NA,NA,NA,NA,NA,NA,NA,NA,NA,NA,NA,NA,NA,NA,NA,0,0,1,1,0,1,0,90,NA,NA
AUS_1475002721,351,369,48,453,1305,3,4.85E+11,1500US484530013053,Block Group 3,G5030,S,655707,0,30.2452677,-97.7539204,14750027,AUS_14750027,30.24984478,-97.74959246,2,1,3,16,1,55,1,2,4,11,1,1,N,4,NA,NA,4,97,97,,,1,0,0,0,0,1,0,N,N,N,N,N,N,N,11/3/2015,8:54 AM,227,22,N,Y,NA,NA,19,NA,,1,1300,S,CONGRESS,AVE,N,N,35,N,N,,Y,19,NA,,1,100,E,GIBSON,ST,NA,NA,,,,NA,11,5,98,NA,2,1,1,8:54 AM,DISPATCH,8:57 AM,11/3/2015,Y,74,NA,NA,93,8,5,1,1,64,3,1,5,1,21,21,227,22,30.24984478,-97.74959246,,NA,NA,NA,CONGRESS AVE S,1399,NA,NA,NA,NA,NA,,NA,NA,GIBSON ST E,NA,NA,NA,NA,Y,N,N,1,9,Y,TUE,NA,NA,NA,NA,NA,NA,NA,NA,NA,NA,NA,NA,NA,NA,NA,NA,NA,NA,NA,NA,NA,NA,NA,NA,NA,NA,NA,NA,NA,NA,NA,NA,NA,NA,NA,NA,NA,NA,NA,NA,NA,NA,NA,NA,NA,NA,NA,NA,NA,NA,NA,NA,NA,NA,NA,1,0,0,1,0,1,0,90,NA,NA
AUS_1475042721,255,262,48,453,1308,4,4.85E+11,1500US484530013084,Block Group 4,G5030,S,318307,0,30.2387552,-97.7578847,14750427,AUS_14750427,30.2381331,-97.75410771,2,1,3,16,2,55,1,1,4,11,1,5,N,4,NA,NA,4,97,97,,,0,1,0,0,0,1,0,N,N,N,N,N,N,N,11/10/2015,8:46 AM,227,22,N,Y,NA,NA,19,NA,,1,2400,S,CONGRESS,AVE,N,N,40,Y,N,,N,19,NA,,1,100,E,OLTORF,ST,NA,NA,,,,NA,12,1,0,NA,1,1,16,8:29 AM,DISPATCH,8:43 AM,11/10/2015,Y,74,NA,NA,93,8,5,3,1,64,49,1,5,2,32,21,227,22,30.2381331,-97.75410771,,NA,NA,NA,S CONGRESS AVE,2439,NA,NA,NA,NA,NA,,NA,NA,N/A,NA,NA,NA,NA,Y,N,N,2,9,Y,TUE,NA,NA,NA,NA,NA,NA,NA,NA,NA,NA,NA,NA,NA,NA,NA,NA,NA,NA,NA,NA,NA,NA,NA,NA,NA,NA,NA,NA,NA,NA,NA,NA,NA,NA,NA,NA,NA,NA,NA,NA,NA,NA,NA,NA,NA,NA,NA,NA,NA,NA,NA,NA,NA,NA,NA,0,1,0,1,0,1,0,90,NA,NA
AUS_1475059421,113,58,48,453,1713,3,4.85E+11,1500US484530017133,Block Group 3,G5030,S,889445,0,30.2146469,-97.8058092,14750594,AUS_14750594,30.21431479,-97.81271245,2,1,3,16,2,23,2,2,4,11,1,4,N,4,NA,NA,4,97,97,,,0,1,0,0,0,1,0,N,N,N,N,N,N,N,11/3/2015,11:02 AM,227,22,N,N,NA,NA,19,NA,,1,2600,,BERKETT DR,DR,N,N,35,N,N,,Y,19,NA,,1,6200,,BLARWOOD DR,DR,NA,NA,,,,NA,11,1,2,NA,3,1,8,10:53 AM,DISPATCH,11:04 AM,11/3/2015,Y,74,NA,NA,93,8,5,1,1,64,54,1,5,1,21,21,227,22,30.21431479,-97.81271245,,NA,NA,NA,BERKETT DR,2700,NA,NA,NA,NA,NA,,NA,NA,BLARWOOD DR,NA,NA,NA,NA,Y,N,N,2,9,Y,TUE,NA,NA,NA,NA,NA,NA,NA,NA,NA,NA,NA,NA,NA,NA,NA,NA,NA,NA,NA,NA,NA,NA,NA,NA,NA,NA,NA,NA,NA,NA,NA,NA,NA,NA,NA,NA,NA,NA,NA,NA,NA,NA,NA,NA,NA,NA,NA,NA,NA,NA,NA,NA,NA,NA,NA,0,1,0,1,0,1,0,90,NA,NA
AUS_1475919721,682,246,48,453,1200,3,4.85E+11,1500US484530012003,Block Group 3,G5030,S,278895,0,30.2745143,-97.7577556,14759197,AUS_14759197,30.27157131,-97.75398449,2,1,3,16,2,40,2,1,4,11,1,2,N,4,NA,NA,4,97,97,,,0,1,0,0,0,1,0,N,N,N,N,N,N,N,11/12/2015,11:00 PM,227,22,N,Y,NA,NA,19,NA,,1,600,N,N LAMAR BLVD,BLVD,N,N,35,N,N,,Y,19,NA,,1,1000,W,W 6TH ST,ST,NA,NA,,,,NA,11,3,4,NA,1,1,5,11:00 PM,BY CITIZEN,11:00 PM,11/12/2015,Y,74,NA,NA,67,8,5,2,1,64,54,1,5,1,21,21,227,22,30.27157131,-97.75398449,,NA,NA,NA,N LAMAR BLVD,601,NA,NA,NA,NA,NA,,NA,NA,UNKNOWN,NA,NA,NA,NA,Y,N,N,2,9,Y,THU,NA,NA,NA,NA,NA,NA,NA,NA,NA,NA,NA,NA,NA,NA,NA,NA,NA,NA,NA,NA,NA,NA,NA,NA,NA,NA,NA,NA,NA,NA,NA,NA,NA,NA,NA,NA,NA,NA,NA,NA,NA,NA,NA,NA,NA,NA,NA,NA,NA,NA,NA,NA,NA,NA,NA,0,2,0,1,0,2,0,90,NA,NA
AUS_1476389421,781,383,48,453,803,3,4.85E+11,1500US484530008033,Block Group 3,G5030,S,704003,0,30.2757645,-97.7260723,14763894,AUS_14763894,30.27940478,-97.72316247,2,1,3,16,2,42,1,2,4,11,1,3,N,4,NA,NA,4,97,97,,,0,1,0,0,0,1,0,N,N,N,N,N,N,N,11/17/2015,5:51 PM,227,22,N,N,NA,NA,19,NA,,1,1900,E,LEONA,ST,N,N,25,N,N,,Y,19,NA,,1,1600,E,MLKK,BLVD,NA,NA,,,,NA,11,5,0,NA,1,1,8,6:02 PM,DISPATCH,6:15 PM,11/17/2015,Y,74,NA,NA,34,8,5,1,3,64,54,1,5,1,21,21,227,22,30.27940478,-97.72316247,,NA,NA,NA,LEONA ST,1900,NA,NA,NA,NA,NA,,NA,NA,UNKNOWN,NA,NA,NA,NA,Y,N,N,2,9,Y,TUE,NA,NA,NA,NA,NA,NA,NA,NA,NA,NA,NA,NA,NA,NA,NA,NA,NA,NA,NA,NA,NA,NA,NA,NA,NA,NA,NA,NA,NA,NA,NA,NA,NA,NA,NA,NA,NA,NA,NA,NA,NA,NA,NA,NA,NA,NA,NA,NA,NA,NA,NA,NA,NA,NA,NA,0,1,0,1,0,1,0,90,NA,NA
AUS_1476986621,1146,13,48,453,1503,3,4.85E+11,1500US484530015033,Block Group 3,G5030,S,1163063,0,30.3278302,-97.719638,14769866,AUS_14769866,30.32780477,-97.72516246,2,1,3,16,5,24,1,1,4,11,1,4,N,4,NA,NA,4,97,97,,,0,0,0,1,0,0,0,N,N,N,N,N,N,N,11/22/2015,3:37 PM,227,22,N,N,NA,NA,19,NA,,1,5900,N,LAMAR,BLVD,N,N,40,N,N,,Y,19,NA,,1,800,,OLD KOENIG,LN,NA,NA,,,,NA,11,1,0,NA,1,1,8,3:37 PM,DISPATCH,3:42 PM,11/22/2015,Y,74,NA,NA,121,8,5,2,2,64,54,1,5,1,21,21,227,22,30.32780477,-97.72516246,,NA,NA,NA,N LAMAR BLVD,5900,NA,NA,NA,NA,NA,,NA,NA,UNKNOWN,NA,NA,NA,NA,N,N,N,5,9,Y,SUN,NA,NA,NA,NA,NA,NA,NA,NA,NA,NA,NA,NA,NA,NA,NA,NA,NA,NA,NA,NA,NA,NA,NA,NA,NA,NA,NA,NA,NA,NA,NA,NA,NA,NA,NA,NA,NA,NA,NA,NA,NA,NA,NA,NA,NA,NA,NA,NA,NA,NA,NA,NA,NA,NA,NA,0,0,0,2,0,0,0,90,NA,NA
AUS_1476986921,801,381,48,453,803,1,4.85E+11,1500US484530008031,Block Group 1,G5030,S,458061,0,30.2783512,-97.7130481,14769869,AUS_14769869,30.28117167,-97.71254673,2,1,3,16,2,17,1,1,4,11,1,3,N,4,NA,NA,4,97,97,,,0,1,0,0,0,1,0,N,N,N,N,N,Y,N,11/22/2015,5:48 PM,227,22,N,N,NA,NA,19,NA,,1,2800,E,E MARTIN LUTHER KING JR BLVD,BLVD,N,N,35,N,N,,N,19,NA,,1,1800,,ULIT,AVE,NA,NA,,,ULIT AVE,NA,11,5,0,NA,1,1,1,5:48 PM,DISPATCH,5:50 PM,11/22/2015,Y,74,NA,NA,34,8,5,4,1,64,54,1,5,1,21,21,227,22,30.28117167,-97.71254673,,NA,NA,NA,E MARTIN LUTHER KING JR BLVD,2790,NA,NA,NA,NA,NA,,NA,NA,N/A,NA,NA,NA,NA,Y,N,N,2,9,Y,SUN,NA,NA,NA,NA,NA,NA,NA,NA,NA,NA,NA,NA,NA,NA,NA,NA,NA,NA,NA,NA,NA,NA,NA,NA,NA,NA,NA,NA,NA,NA,NA,NA,NA,NA,NA,NA,NA,NA,NA,NA,NA,NA,NA,NA,NA,NA,NA,NA,NA,NA,NA,NA,NA,NA,NA,0,1,0,1,0,1,0,90,NA,NA
AUS_1477040721,1054,520,48,453,2113,2,4.85E+11,1500US484530021132,Block Group 2,G5030,S,671309,0,30.3144785,-97.6755587,14770407,AUS_14770407,30.31009477,-97.66720248,2,1,3,16,2,16,3,1,4,11,1,4,N,4,NA,NA,4,97,97,,,0,1,0,0,0,1,0,N,N,N,N,N,N,N,11/8/2015,10:52 AM,227,22,N,Y,NA,NA,19,NA,,1,6600,,MANOR,RD,N,N,35,N,N,,Y,19,NA,,1,3500,,LOYOLA,LN,NA,NA,,,,NA,11,1,0,NA,2,1,5,10:52 AM,DISPATCH,3:59 PM,11/8/2015,Y,74,NA,NA,34,8,5,2,1,64,54,1,5,1,21,21,227,22,30.31009477,-97.66720248,,NA,NA,NA,MANOR RD,NA,NA,NA,NA,NA,NA,,NA,NA,LOYOLA LN,NA,NA,NA,NA,Y,N,N,2,9,Y,SUN,NA,NA,NA,NA,NA,NA,NA,NA,NA,NA,NA,NA,NA,NA,NA,NA,NA,NA,NA,NA,NA,NA,NA,NA,NA,NA,NA,NA,NA,NA,NA,NA,NA,NA,NA,NA,NA,NA,NA,NA,NA,NA,NA,NA,NA,NA,NA,NA,NA,NA,NA,NA,NA,NA,NA,0,1,0,1,0,1,0,90,NA,NA
AUS_1478068321,1171,51,48,453,1812,3,4.85E+11,1500US484530018123,Block Group 3,G5030,S,1193281,0,30.3321889,-97.6986045,14780683,AUS_14780683,30.33706477,-97.69530247,2,1,3,16,1,46,1,1,4,11,1,4,Y,4,NA,NA,4,97,97,,,1,0,0,0,0,1,0,N,N,N,N,N,N,N,11/22/2015,5:49 PM,227,22,N,N,NA,NA,19,NA,,1,7800,,CLOCK TOWER DR,DR,N,N,35,N,N,LOCAL RD,Y,19,NA,,1,10000,E,E ANDERSON LN SVRD WB,LN,NA,NA,,,LOCAL RD,NA,11,1,0,NA,1,1,20,5:49 PM,DISPATCH,5:56 PM,11/22/2015,N,74,NA,NA,121,8,5,2,1,64,3,1,5,1,21,21,227,22,30.33706477,-97.69530247,,NA,NA,NA,CLOCK TOWER DR,7800,NA,NA,NA,NA,NA,,NA,NA,UNKNOWN,NA,NA,NA,NA,Y,N,N,1,9,Y,SUN,NA,NA,NA,NA,NA,NA,NA,NA,NA,NA,NA,NA,NA,NA,NA,NA,NA,NA,NA,NA,NA,NA,NA,NA,NA,NA,NA,NA,NA,NA,NA,NA,NA,NA,NA,NA,NA,NA,NA,NA,NA,NA,NA,NA,NA,NA,NA,NA,NA,NA,NA,NA,NA,NA,NA,1,0,0,2,0,1,0,90,NA,NA
AUS_1478080821,288,422,48,453,2304,1,4.85E+11,1500US484530023041,Block Group 1,G5030,S,555376,164508,30.2446031,-97.7196599,14780808,AUS_14780808,30.24247478,-97.71723247,2,1,3,16,3,18,2,2,4,11,1,2,N,4,NA,NA,4,97,97,,,0,0,1,0,0,1,0,N,N,N,N,N,N,N,11/25/2015,9:00 PM,227,22,N,N,NA,NA,19,NA,,1,NA,S,PLEASANT VALLEY,RD,N,N,40,N,N,,Y,19,NA,,1,,,LAKESHORE,BLVD,NA,NA,,,,NA,11,4,2,NA,1,1,15,9:00 PM,DISPATCH,9:02 PM,11/29/2015,Y,74,NA,NA,98,8,5,2,3,64,3,1,5,1,21,21,227,22,30.24247478,-97.71723247,,NA,NA,NA,S PLEASANT VALLEY RD,1009,NA,NA,NA,NA,NA,,NA,NA,S LAKESHORE BLVD,NA,NA,NA,NA,Y,N,N,3,9,Y,WED,NA,NA,NA,NA,NA,NA,NA,NA,NA,NA,NA,NA,NA,NA,NA,NA,NA,NA,NA,NA,NA,NA,NA,NA,NA,NA,NA,NA,NA,NA,NA,NA,NA,NA,NA,NA,NA,NA,NA,NA,NA,NA,NA,NA,NA,NA,NA,NA,NA,NA,NA,NA,NA,NA,NA,0,0,1,1,0,1,0,90,NA,NA
AUS_1478672521,521,433,48,453,1100,1,4.85E+11,1500US484530011001,Block Group 1,G5030,S,2044061,66635,30.2687002,-97.7433003,14786725,AUS_14786725,30.26386305,-97.74289348,2,1,3,16,1,32,1,1,4,11,1,1,N,4,NA,NA,4,97,97,,,1,0,0,0,0,1,0,N,N,N,N,N,N,N,11/23/2015,7:51 PM,227,22,N,Y,NA,NA,19,NA,,1,100,S,BRAZOS,ST,N,N,-1,N,N,TWO WAY,N,19,NA,,1,100,S,E 2ND,ST,NA,NA,,,TWO WAY,NA,11,4,4,NA,1,1,5,7:51 PM,DISPATCH,7:55 PM,11/23/2015,Y,74,NA,NA,67,8,5,4,1,64,54,1,5,1,21,21,227,22,30.26386305,-97.74289348,,NA,NA,NA,BRAZOS ST,194,NA,NA,NA,NA,NA,,NA,NA,N/A,NA,NA,NA,NA,Y,N,N,1,9,Y,MON,NA,NA,NA,NA,NA,NA,NA,NA,NA,NA,NA,NA,NA,NA,NA,NA,NA,NA,NA,NA,NA,NA,NA,NA,NA,NA,NA,NA,NA,NA,NA,NA,NA,NA,NA,NA,NA,NA,NA,NA,NA,NA,NA,NA,NA,NA,NA,NA,NA,NA,NA,NA,NA,NA,NA,1,0,0,1,0,1,0,90,NA,NA
AUS_1479056121,700,368,48,453,802,2,4.85E+11,1500US484530008022,Block Group 2,G5030,S,380331,0,30.274356,-97.7038305,14790561,AUS_14790561,30.27338478,-97.69914247,2,1,3,16,2,26,3,1,4,11,1,4,N,4,NA,NA,4,97,97,,,0,1,0,0,0,1,0,N,N,N,N,N,Y,N,12/3/2015,4:29 PM,227,22,N,N,NA,NA,19,NA,,1,3100,,OAK SPRINGS,DR,N,N,35,N,N,,Y,19,NA,,1,1100,,TILLERY,ST,NA,NA,,,,NA,11,1,2,NA,1,1,1,4:29 PM,DISPATCH,4:45 PM,12/3/2015,Y,74,NA,NA,34,8,5,1,3,64,54,1,5,1,21,21,227,22,30.27338478,-97.69914247,,NA,NA,NA,OAK SPRINGS DR,3105,NA,NA,NA,NA,NA,,NA,NA,TILLERY ST,NA,NA,NA,NA,Y,N,N,2,9,Y,THU,NA,NA,NA,NA,NA,NA,NA,NA,NA,NA,NA,NA,NA,NA,NA,NA,NA,NA,NA,NA,NA,NA,NA,NA,NA,NA,NA,NA,NA,NA,NA,NA,NA,NA,NA,NA,NA,NA,NA,NA,NA,NA,NA,NA,NA,NA,NA,NA,NA,NA,NA,NA,NA,NA,NA,0,1,0,2,0,1,0,90,NA,NA
AUS_1479480621,858,365,48,453,603,4,4.85E+11,1500US484530006034,Block Group 4,G5030,S,91890,0,30.2891904,-97.7429845,14794806,AUS_14794806,30.28793478,-97.74463246,2,1,3,16,3,18,3,1,4,11,1,4,N,4,NA,NA,4,97,97,,,0,0,1,0,0,1,0,N,N,N,N,N,N,N,11/30/2015,2:50 PM,227,22,N,N,NA,NA,19,NA,,1,2400,,RIO GRANDE,ST,N,N,30,N,N,,Y,19,NA,,1,800,W,24TH,ST,NA,NA,,,,NA,11,3,0,NA,1,1,5,2:50 PM,DISPATCH,2:50 PM,11/30/2015,Y,74,NA,NA,10,8,5,1,1,64,3,1,5,1,21,21,227,22,30.28793478,-97.74463246,,NA,NA,NA,RIO GRANDE ST,2399,NA,NA,NA,NA,NA,,NA,NA,W 24TH ST,NA,NA,NA,NA,Y,N,N,3,9,Y,MON,NA,NA,NA,NA,NA,NA,NA,NA,NA,NA,NA,NA,NA,NA,NA,NA,NA,NA,NA,NA,NA,NA,NA,NA,NA,NA,NA,NA,NA,NA,NA,NA,NA,NA,NA,NA,NA,NA,NA,NA,NA,NA,NA,NA,NA,NA,NA,NA,NA,NA,NA,NA,NA,NA,NA,0,0,1,1,0,1,0,90,NA,NA